path,label,best_match,ncc
Training/glioma_tumor/gg (1).jpg,glioma_tumor,Training/glioma/Tr-gl_1300.jpg,1.0000
Training/glioma_tumor/gg (10).jpg,glioma_tumor,Training/glioma/Tr-gl_134.jpg,1.0000
Training/glioma_tumor/gg (100).jpg,glioma_tumor,Training/glioma/Tr-gl_217.jpg,1.0000
Training/glioma_tumor/gg (101).jpg,glioma_tumor,Training/glioma/Tr-gl_2.jpg,1.0000
Training/glioma_tumor/gg (102).jpg,glioma_tumor,Training/glioma/Tr-gl_479.jpg,1.0000
Training/glioma_tumor/gg (103).jpg,glioma_tumor,Training/glioma/Tr-gl_512.jpg,1.0000
Training/glioma_tumor/gg (104).jpg,glioma_tumor,Training/glioma/Tr-gl_220.jpg,1.0000
Training/glioma_tumor/gg (105).jpg,glioma_tumor,Training/glioma/Tr-gl_585.jpg,1.0000
Training/glioma_tumor/gg (110).jpg,glioma_tumor,Training/glioma/Tr-gl_646.jpg,1.0000
Training/glioma_tumor/gg (111).jpg,glioma_tumor,Training/glioma/Tr-gl_677.jpg,1.0000
Training/glioma_tumor/gg (113).jpg,glioma_tumor,Training/glioma/Tr-gl_687.jpg,1.0000
Training/glioma_tumor/gg (114).jpg,glioma_tumor,Training/glioma/Tr-gl_798.jpg,1.0000
Training/glioma_tumor/gg (118).jpg,glioma_tumor,Training/glioma/Tr-gl_819.jpg,1.0000
Training/glioma_tumor/gg (12).jpg,glioma_tumor,Testing/glioma/Te-gl_77.jpg,1.0000
Training/glioma_tumor/gg (122).jpg,glioma_tumor,Training/glioma/Tr-gl_885.jpg,1.0000
Training/glioma_tumor/gg (124).jpg,glioma_tumor,Training/glioma/Tr-gl_914.jpg,1.0000
Training/glioma_tumor/gg (129).jpg,glioma_tumor,Training/glioma/Tr-gl_1033.jpg,1.0000
Training/glioma_tumor/gg (140).jpg,glioma_tumor,Training/glioma/Tr-gl_1065.jpg,1.0000
Training/glioma_tumor/gg (143).jpg,glioma_tumor,Training/glioma/Tr-gl_1078.jpg,1.0000
Training/glioma_tumor/gg (152).jpg,glioma_tumor,Training/glioma/Tr-gl_1128.jpg,1.0000
Training/glioma_tumor/gg (154).jpg,glioma_tumor,Training/glioma/Tr-gl_1088.jpg,1.0000
Training/glioma_tumor/gg (161).jpg,glioma_tumor,Training/glioma/Tr-gl_1134.jpg,1.0000
Training/glioma_tumor/gg (171).jpg,glioma_tumor,Training/glioma/Tr-gl_1176.jpg,1.0000
Training/glioma_tumor/gg (190).jpg,glioma_tumor,Training/glioma/Tr-gl_1193.jpg,1.0000
Training/glioma_tumor/gg (193).jpg,glioma_tumor,Training/glioma/Tr-gl_1192.jpg,1.0000
Training/glioma_tumor/gg (197).jpg,glioma_tumor,Training/glioma/Tr-gl_1236.jpg,1.0000
Training/glioma_tumor/gg (200).jpg,glioma_tumor,Training/glioma/Tr-gl_1227.jpg,1.0000
Training/glioma_tumor/gg (207).jpg,glioma_tumor,Training/glioma/Tr-gl_1287.jpg,1.0000
Training/glioma_tumor/gg (210).jpg,glioma_tumor,Training/glioma/Tr-gl_1302.jpg,1.0000
Training/glioma_tumor/gg (223).jpg,glioma_tumor,Training/glioma/Tr-gl_1369.jpg,1.0000
Training/glioma_tumor/gg (271).jpg,glioma_tumor,Training/glioma/Tr-gl_1147.jpg,1.0000
Training/glioma_tumor/gg (272).jpg,glioma_tumor,Training/glioma/Tr-gl_1147.jpg,1.0000
Training/glioma_tumor/gg (276).jpg,glioma_tumor,Training/glioma/Tr-gl_264.jpg,1.0000
Training/glioma_tumor/gg (280).jpg,glioma_tumor,Training/glioma/Tr-gl_1305.jpg,1.0000
Training/glioma_tumor/gg (284).jpg,glioma_tumor,Training/glioma/Tr-gl_498.jpg,1.0000
Training/glioma_tumor/gg (288).jpg,glioma_tumor,Training/glioma/Tr-gl_1215.jpg,1.0000
Training/glioma_tumor/gg (292).jpg,glioma_tumor,Training/glioma/Tr-gl_762.jpg,1.0000
Training/glioma_tumor/gg (296).jpg,glioma_tumor,Training/glioma/Tr-gl_508.jpg,1.0000
Training/glioma_tumor/gg (300).jpg,glioma_tumor,Training/glioma/Tr-gl_543.jpg,1.0000
Training/glioma_tumor/gg (304).jpg,glioma_tumor,Training/glioma/Tr-gl_1014.jpg,1.0000
Training/glioma_tumor/gg (308).jpg,glioma_tumor,Training/glioma/Tr-gl_839.jpg,1.0000
Training/glioma_tumor/gg (312).jpg,glioma_tumor,Training/glioma/Tr-gl_76.jpg,1.0000
Training/glioma_tumor/gg (316).jpg,glioma_tumor,Training/glioma/Tr-gl_429.jpg,1.0000
Training/glioma_tumor/gg (320).jpg,glioma_tumor,Training/glioma/Tr-gl_388.jpg,1.0000
Training/glioma_tumor/gg (324).jpg,glioma_tumor,Training/glioma/Tr-gl_1083.jpg,1.0000
Training/glioma_tumor/gg (328).jpg,glioma_tumor,Training/glioma/Tr-gl_824.jpg,1.0000
Training/glioma_tumor/gg (332).jpg,glioma_tumor,Training/glioma/Tr-gl_742.jpg,1.0000
Training/glioma_tumor/gg (335).jpg,glioma_tumor,Training/glioma/Tr-gl_673.jpg,1.0000
Training/glioma_tumor/gg (336).jpg,glioma_tumor,Training/glioma/Tr-gl_673.jpg,1.0000
Training/glioma_tumor/gg (340).jpg,glioma_tumor,Training/glioma/Tr-gl_1243.jpg,1.0000
Training/glioma_tumor/gg (344).jpg,glioma_tumor,Training/glioma/Tr-gl_576.jpg,1.0000
Training/glioma_tumor/gg (348).jpg,glioma_tumor,Training/glioma/Tr-gl_516.jpg,1.0000
Training/glioma_tumor/gg (352).jpg,glioma_tumor,Training/glioma/Tr-gl_1018.jpg,1.0000
Training/glioma_tumor/gg (356).jpg,glioma_tumor,Training/glioma/Tr-gl_1123.jpg,1.0000
Training/glioma_tumor/gg (360).jpg,glioma_tumor,Training/glioma/Tr-gl_1204.jpg,1.0000
Training/glioma_tumor/gg (364).jpg,glioma_tumor,Training/glioma/Tr-gl_417.jpg,1.0000
Training/glioma_tumor/gg (368).jpg,glioma_tumor,Training/glioma/Tr-gl_1174.jpg,1.0000
Training/glioma_tumor/gg (369).jpg,glioma_tumor,Testing/glioma/Te-gl_270.jpg,1.0000
Training/glioma_tumor/gg (372).jpg,glioma_tumor,Training/glioma/Tr-gl_413.jpg,1.0000
Training/glioma_tumor/gg (376).jpg,glioma_tumor,Training/glioma/Tr-gl_313.jpg,1.0000
Training/glioma_tumor/gg (380).jpg,glioma_tumor,Training/glioma/Tr-gl_335.jpg,1.0000
Training/glioma_tumor/gg (384).jpg,glioma_tumor,Training/glioma/Tr-gl_441.jpg,1.0000
Training/glioma_tumor/gg (388).jpg,glioma_tumor,Training/glioma/Tr-gl_1276.jpg,1.0000
Training/glioma_tumor/gg (392).jpg,glioma_tumor,Training/glioma/Tr-gl_185.jpg,1.0000
Training/glioma_tumor/gg (396).jpg,glioma_tumor,Training/glioma/Tr-gl_37.jpg,1.0000
Training/glioma_tumor/gg (400).jpg,glioma_tumor,Training/glioma/Tr-gl_179.jpg,1.0000
Training/glioma_tumor/gg (404).jpg,glioma_tumor,Training/glioma/Tr-gl_740.jpg,1.0000
Training/glioma_tumor/gg (408).jpg,glioma_tumor,Training/glioma/Tr-gl_608.jpg,1.0000
Training/glioma_tumor/gg (412).jpg,glioma_tumor,Training/glioma/Tr-gl_177.jpg,1.0000
Training/glioma_tumor/gg (416).jpg,glioma_tumor,Training/glioma/Tr-gl_268.jpg,1.0000
Training/glioma_tumor/gg (420).jpg,glioma_tumor,Training/glioma/Tr-gl_1130.jpg,1.0000
Training/glioma_tumor/gg (424).jpg,glioma_tumor,Training/glioma/Tr-gl_931.jpg,1.0000
Training/glioma_tumor/gg (428).jpg,glioma_tumor,Training/glioma/Tr-gl_780.jpg,1.0000
Training/glioma_tumor/gg (432).jpg,glioma_tumor,Training/glioma/Tr-gl_720.jpg,1.0000
Training/glioma_tumor/gg (436).jpg,glioma_tumor,Training/glioma/Tr-gl_823.jpg,1.0000
Training/glioma_tumor/gg (440).jpg,glioma_tumor,Training/glioma/Tr-gl_1256.jpg,1.0000
Training/glioma_tumor/gg (444).jpg,glioma_tumor,Testing/glioma/Te-gl_169.jpg,1.0000
Training/glioma_tumor/gg (447).jpg,glioma_tumor,Testing/glioma/Te-gl_257.jpg,1.0000
Training/glioma_tumor/gg (448).jpg,glioma_tumor,Training/glioma/Tr-gl_1030.jpg,1.0000
Training/glioma_tumor/gg (452).jpg,glioma_tumor,Training/glioma/Tr-gl_1266.jpg,1.0000
Training/glioma_tumor/gg (456).jpg,glioma_tumor,Training/glioma/Tr-gl_307.jpg,1.0000
Training/glioma_tumor/gg (460).jpg,glioma_tumor,Training/glioma/Tr-gl_133.jpg,1.0000
Training/glioma_tumor/gg (464).jpg,glioma_tumor,Training/glioma/Tr-gl_1273.jpg,1.0000
Training/glioma_tumor/gg (468).jpg,glioma_tumor,Training/glioma/Tr-gl_725.jpg,1.0000
Training/glioma_tumor/gg (472).jpg,glioma_tumor,Training/glioma/Tr-gl_33.jpg,1.0000
Training/glioma_tumor/gg (476).jpg,glioma_tumor,Training/glioma/Tr-gl_40.jpg,1.0000
Training/glioma_tumor/gg (480).jpg,glioma_tumor,Training/glioma/Tr-gl_1138.jpg,1.0000
Training/glioma_tumor/gg (484).jpg,glioma_tumor,Training/glioma/Tr-gl_473.jpg,1.0000
Training/glioma_tumor/gg (488).jpg,glioma_tumor,Training/glioma/Tr-gl_1004.jpg,1.0000
Training/glioma_tumor/gg (492).jpg,glioma_tumor,Training/glioma/Tr-gl_377.jpg,1.0000
Training/glioma_tumor/gg (496).jpg,glioma_tumor,Training/glioma/Tr-gl_360.jpg,1.0000
Training/glioma_tumor/gg (500).jpg,glioma_tumor,Training/glioma/Tr-gl_347.jpg,1.0000
Training/glioma_tumor/gg (504).jpg,glioma_tumor,Training/glioma/Tr-gl_326.jpg,1.0000
Training/glioma_tumor/gg (508).jpg,glioma_tumor,Training/glioma/Tr-gl_734.jpg,1.0000
Training/glioma_tumor/gg (512).jpg,glioma_tumor,Training/glioma/Tr-gl_1071.jpg,1.0000
Training/glioma_tumor/gg (516).jpg,glioma_tumor,Training/glioma/Tr-gl_563.jpg,1.0000
Training/glioma_tumor/gg (520).jpg,glioma_tumor,Training/glioma/Tr-gl_258.jpg,1.0000
Training/glioma_tumor/gg (524).jpg,glioma_tumor,Training/glioma/Tr-gl_194.jpg,1.0000
Training/glioma_tumor/gg (528).jpg,glioma_tumor,Training/glioma/Tr-gl_861.jpg,1.0000
Training/glioma_tumor/gg (532).jpg,glioma_tumor,Training/glioma/Tr-gl_1229.jpg,1.0000
Training/glioma_tumor/gg (533).jpg,glioma_tumor,Testing/glioma/Te-gl_219.jpg,1.0000
Training/glioma_tumor/gg (537).jpg,glioma_tumor,Testing/glioma/Te-gl_116.jpg,1.0000
Training/glioma_tumor/gg (538).jpg,glioma_tumor,Training/glioma/Tr-gl_553.jpg,1.0000
Training/glioma_tumor/gg (541).jpg,glioma_tumor,Testing/glioma/Te-gl_385.jpg,1.0000
Training/glioma_tumor/gg (545).jpg,glioma_tumor,Testing/glioma/Te-gl_298.jpg,1.0000
Training/glioma_tumor/gg (548).jpg,glioma_tumor,Training/glioma/Tr-gl_907.jpg,1.0000
Training/glioma_tumor/gg (549).jpg,glioma_tumor,Testing/glioma/Te-gl_256.jpg,1.0000
Training/glioma_tumor/gg (553).jpg,glioma_tumor,Testing/glioma/Te-gl_88.jpg,1.0000
Training/glioma_tumor/gg (554).jpg,glioma_tumor,Training/glioma/Tr-gl_994.jpg,1.0000
Training/glioma_tumor/gg (557).jpg,glioma_tumor,Testing/glioma/Te-gl_34.jpg,1.0000
Training/glioma_tumor/gg (559).jpg,glioma_tumor,Training/glioma/Tr-gl_423.jpg,1.0000
Training/glioma_tumor/gg (561).jpg,glioma_tumor,Testing/glioma/Te-gl_9.jpg,1.0000
Training/glioma_tumor/gg (564).jpg,glioma_tumor,Training/glioma/Tr-gl_297.jpg,1.0000
Training/glioma_tumor/gg (565).jpg,glioma_tumor,Testing/glioma/Te-gl_139.jpg,1.0000
Training/glioma_tumor/gg (569).jpg,glioma_tumor,Testing/glioma/Te-gl_179.jpg,1.0000
Training/glioma_tumor/gg (570).jpg,glioma_tumor,Training/glioma/Tr-gl_1367.jpg,1.0000
Training/glioma_tumor/gg (573).jpg,glioma_tumor,Testing/glioma/Te-gl_146.jpg,1.0000
Training/glioma_tumor/gg (575).jpg,glioma_tumor,Training/glioma/Tr-gl_213.jpg,1.0000
Training/glioma_tumor/gg (577).jpg,glioma_tumor,Testing/glioma/Te-gl_200.jpg,1.0000
Training/glioma_tumor/gg (580).jpg,glioma_tumor,Training/glioma/Tr-gl_895.jpg,1.0000
Training/glioma_tumor/gg (581).jpg,glioma_tumor,Testing/glioma/Te-gl_154.jpg,1.0000
Training/glioma_tumor/gg (585).jpg,glioma_tumor,Testing/glioma/Te-gl_320.jpg,1.0000
Training/glioma_tumor/gg (586).jpg,glioma_tumor,Training/glioma/Tr-gl_1254.jpg,1.0000
Training/glioma_tumor/gg (589).jpg,glioma_tumor,Testing/glioma/Te-gl_216.jpg,1.0000
Training/glioma_tumor/gg (591).jpg,glioma_tumor,Training/glioma/Tr-gl_80.jpg,1.0000
Training/glioma_tumor/gg (593).jpg,glioma_tumor,Testing/glioma/Te-gl_374.jpg,1.0000
Training/glioma_tumor/gg (596).jpg,glioma_tumor,Training/glioma/Tr-gl_1231.jpg,1.0000
Training/glioma_tumor/gg (597).jpg,glioma_tumor,Testing/glioma/Te-gl_152.jpg,1.0000
Training/glioma_tumor/gg (601).jpg,glioma_tumor,Testing/glioma/Te-gl_284.jpg,1.0000
Training/glioma_tumor/gg (602).jpg,glioma_tumor,Training/glioma/Tr-gl_910.jpg,1.0000
Training/glioma_tumor/gg (605).jpg,glioma_tumor,Testing/glioma/Te-gl_155.jpg,1.0000
Training/glioma_tumor/gg (607).jpg,glioma_tumor,Training/glioma/Tr-gl_1168.jpg,1.0000
Training/glioma_tumor/gg (609).jpg,glioma_tumor,Testing/glioma/Te-gl_75.jpg,1.0000
Training/glioma_tumor/gg (612).jpg,glioma_tumor,Training/glioma/Tr-gl_318.jpg,1.0000
Training/glioma_tumor/gg (613).jpg,glioma_tumor,Testing/glioma/Te-gl_136.jpg,1.0000
Training/glioma_tumor/gg (617).jpg,glioma_tumor,Testing/glioma/Te-gl_132.jpg,1.0000
Training/glioma_tumor/gg (618).jpg,glioma_tumor,Training/glioma/Tr-gl_923.jpg,1.0000
Training/glioma_tumor/gg (621).jpg,glioma_tumor,Testing/glioma/Te-gl_12.jpg,1.0000
Training/glioma_tumor/gg (623).jpg,glioma_tumor,Training/glioma/Tr-gl_1084.jpg,1.0000
Training/glioma_tumor/gg (624).jpg,glioma_tumor,Testing/glioma/Te-gl_396.jpg,1.0000
Training/glioma_tumor/gg (625).jpg,glioma_tumor,Testing/glioma/Te-gl_283.jpg,1.0000
Training/glioma_tumor/gg (628).jpg,glioma_tumor,Training/glioma/Tr-gl_396.jpg,1.0000
Training/glioma_tumor/gg (629).jpg,glioma_tumor,Testing/glioma/Te-gl_177.jpg,1.0000
Training/glioma_tumor/gg (633).jpg,glioma_tumor,Testing/glioma/Te-gl_33.jpg,1.0000
Training/glioma_tumor/gg (634).jpg,glioma_tumor,Training/glioma/Tr-gl_170.jpg,1.0000
Training/glioma_tumor/gg (637).jpg,glioma_tumor,Testing/glioma/Te-gl_387.jpg,1.0000
Training/glioma_tumor/gg (639).jpg,glioma_tumor,Training/glioma/Tr-gl_452.jpg,1.0000
Training/glioma_tumor/gg (641).jpg,glioma_tumor,Testing/glioma/Te-gl_163.jpg,1.0000
Training/glioma_tumor/gg (644).jpg,glioma_tumor,Training/glioma/Tr-gl_1342.jpg,1.0000
Training/glioma_tumor/gg (645).jpg,glioma_tumor,Testing/glioma/Te-gl_18.jpg,1.0000
Training/glioma_tumor/gg (649).jpg,glioma_tumor,Testing/glioma/Te-gl_177.jpg,1.0000
Training/glioma_tumor/gg (650).jpg,glioma_tumor,Training/glioma/Tr-gl_181.jpg,1.0000
Training/glioma_tumor/gg (651).jpg,glioma_tumor,Testing/glioma/Te-gl_71.jpg,1.0000
Training/glioma_tumor/gg (652).jpg,glioma_tumor,Testing/glioma/Te-gl_14.jpg,1.0000
Training/glioma_tumor/gg (653).jpg,glioma_tumor,Testing/glioma/Te-gl_304.jpg,1.0000
Training/glioma_tumor/gg (655).jpg,glioma_tumor,Training/glioma/Tr-gl_59.jpg,1.0000
Training/glioma_tumor/gg (657).jpg,glioma_tumor,Testing/glioma/Te-gl_223.jpg,1.0000
Training/glioma_tumor/gg (660).jpg,glioma_tumor,Training/glioma/Tr-gl_862.jpg,1.0000
Training/glioma_tumor/gg (661).jpg,glioma_tumor,Testing/glioma/Te-gl_141.jpg,1.0000
Training/glioma_tumor/gg (665).jpg,glioma_tumor,Testing/glioma/Te-gl_282.jpg,1.0000
Training/glioma_tumor/gg (666).jpg,glioma_tumor,Training/glioma/Tr-gl_457.jpg,1.0000
Training/glioma_tumor/gg (669).jpg,glioma_tumor,Testing/glioma/Te-gl_61.jpg,1.0000
Training/glioma_tumor/gg (671).jpg,glioma_tumor,Training/glioma/Tr-gl_782.jpg,1.0000
Training/glioma_tumor/gg (673).jpg,glioma_tumor,Testing/glioma/Te-gl_292.jpg,1.0000
Training/glioma_tumor/gg (676).jpg,glioma_tumor,Training/glioma/Tr-gl_104.jpg,1.0000
Training/glioma_tumor/gg (677).jpg,glioma_tumor,Testing/glioma/Te-gl_235.jpg,1.0000
Training/glioma_tumor/gg (681).jpg,glioma_tumor,Testing/glioma/Te-gl_206.jpg,1.0000
Training/glioma_tumor/gg (682).jpg,glioma_tumor,Training/glioma/Tr-gl_1115.jpg,1.0000
Training/glioma_tumor/gg (685).jpg,glioma_tumor,Testing/glioma/Te-gl_112.jpg,1.0000
Training/glioma_tumor/gg (687).jpg,glioma_tumor,Training/glioma/Tr-gl_48.jpg,1.0000
Training/glioma_tumor/gg (689).jpg,glioma_tumor,Testing/glioma/Te-gl_373.jpg,1.0000
Training/glioma_tumor/gg (690).jpg,glioma_tumor,Training/glioma/Tr-gl_631.jpg,1.0000
Training/glioma_tumor/gg (691).jpg,glioma_tumor,Training/glioma/Tr-gl_8.jpg,1.0000
Training/glioma_tumor/gg (692).jpg,glioma_tumor,Training/glioma/Tr-gl_447.jpg,1.0000
Training/glioma_tumor/gg (693).jpg,glioma_tumor,Testing/glioma/Te-gl_281.jpg,1.0000
Training/glioma_tumor/gg (697).jpg,glioma_tumor,Testing/glioma/Te-gl_220.jpg,1.0000
Training/glioma_tumor/gg (698).jpg,glioma_tumor,Training/glioma/Tr-gl_87.jpg,1.0000
Training/glioma_tumor/gg (699).jpg,glioma_tumor,Training/glioma/Tr-gl_1144.jpg,1.0000
Training/glioma_tumor/gg (7).jpg,glioma_tumor,Testing/glioma/Te-gl_371.jpg,1.0000
Training/glioma_tumor/gg (700).jpg,glioma_tumor,Training/glioma/Tr-gl_333.jpg,1.0000
Training/glioma_tumor/gg (701).jpg,glioma_tumor,Testing/glioma/Te-gl_250.jpg,1.0000
Training/glioma_tumor/gg (702).jpg,glioma_tumor,Training/glioma/Tr-gl_580.jpg,1.0000
Training/glioma_tumor/gg (703).jpg,glioma_tumor,Training/glioma/Tr-gl_1350.jpg,1.0000
Training/glioma_tumor/gg (705).jpg,glioma_tumor,Testing/glioma/Te-gl_87.jpg,1.0000
Training/glioma_tumor/gg (706).jpg,glioma_tumor,Training/glioma/Tr-gl_1345.jpg,1.0000
Training/glioma_tumor/gg (707).jpg,glioma_tumor,Testing/glioma/Te-gl_28.jpg,1.0000
Training/glioma_tumor/gg (708).jpg,glioma_tumor,Training/glioma/Tr-gl_880.jpg,1.0000
Training/glioma_tumor/gg (709).jpg,glioma_tumor,Testing/glioma/Te-gl_16.jpg,1.0000
Training/glioma_tumor/gg (712).jpg,glioma_tumor,Training/glioma/Tr-gl_1277.jpg,1.0000
Training/glioma_tumor/gg (713).jpg,glioma_tumor,Testing/glioma/Te-gl_104.jpg,1.0000
Training/glioma_tumor/gg (714).jpg,glioma_tumor,Training/glioma/Tr-gl_28.jpg,1.0000
Training/glioma_tumor/gg (715).jpg,glioma_tumor,Training/glioma/Tr-gl_578.jpg,1.0000
Training/glioma_tumor/gg (716).jpg,glioma_tumor,Training/glioma/Tr-gl_392.jpg,1.0000
Training/glioma_tumor/gg (717).jpg,glioma_tumor,Testing/glioma/Te-gl_247.jpg,1.0000
Training/glioma_tumor/gg (718).jpg,glioma_tumor,Training/glioma/Tr-gl_384.jpg,1.0000
Training/glioma_tumor/gg (719).jpg,glioma_tumor,Training/glioma/Tr-gl_642.jpg,1.0000
Training/glioma_tumor/gg (720).jpg,glioma_tumor,Training/glioma/Tr-gl_1255.jpg,1.0000
Training/glioma_tumor/gg (721).jpg,glioma_tumor,Testing/glioma/Te-gl_336.jpg,1.0000
Training/glioma_tumor/gg (722).jpg,glioma_tumor,Training/glioma/Tr-gl_918.jpg,1.0000
Training/glioma_tumor/gg (723).jpg,glioma_tumor,Training/glioma/Tr-gl_259.jpg,1.0000
Training/glioma_tumor/gg (724).jpg,glioma_tumor,Training/glioma/Tr-gl_49.jpg,1.0000
Training/glioma_tumor/gg (725).jpg,glioma_tumor,Testing/glioma/Te-gl_369.jpg,1.0000
Training/glioma_tumor/gg (726).jpg,glioma_tumor,Training/glioma/Tr-gl_51.jpg,1.0000
Training/glioma_tumor/gg (727).jpg,glioma_tumor,Training/glioma/Tr-gl_329.jpg,1.0000
Training/glioma_tumor/gg (728).jpg,glioma_tumor,Training/glioma/Tr-gl_406.jpg,1.0000
Training/glioma_tumor/gg (729).jpg,glioma_tumor,Testing/glioma/Te-gl_294.jpg,1.0000
Training/glioma_tumor/gg (730).jpg,glioma_tumor,Training/glioma/Tr-gl_1344.jpg,1.0000
Training/glioma_tumor/gg (731).jpg,glioma_tumor,Training/glioma/Tr-gl_19.jpg,1.0000
Training/glioma_tumor/gg (732).jpg,glioma_tumor,Training/glioma/Tr-gl_755.jpg,1.0000
Training/glioma_tumor/gg (733).jpg,glioma_tumor,Testing/glioma/Te-gl_45.jpg,1.0000
Training/glioma_tumor/gg (734).jpg,glioma_tumor,Training/glioma/Tr-gl_1101.jpg,1.0000
Training/glioma_tumor/gg (735).jpg,glioma_tumor,Training/glioma/Tr-gl_706.jpg,1.0000
Training/glioma_tumor/gg (736).jpg,glioma_tumor,Training/glioma/Tr-gl_24.jpg,1.0000
Training/glioma_tumor/gg (737).jpg,glioma_tumor,Testing/glioma/Te-gl_234.jpg,1.0000
Training/glioma_tumor/gg (738).jpg,glioma_tumor,Training/glioma/Tr-gl_225.jpg,1.0000
Training/glioma_tumor/gg (739).jpg,glioma_tumor,Training/glioma/Tr-gl_1110.jpg,1.0000
Training/glioma_tumor/gg (740).jpg,glioma_tumor,Training/glioma/Tr-gl_935.jpg,1.0000
Training/glioma_tumor/gg (741).jpg,glioma_tumor,Testing/glioma/Te-gl_325.jpg,1.0000
Training/glioma_tumor/gg (742).jpg,glioma_tumor,Training/glioma/Tr-gl_278.jpg,1.0000
Training/glioma_tumor/gg (743).jpg,glioma_tumor,Training/glioma/Tr-gl_189.jpg,1.0000
Training/glioma_tumor/gg (744).jpg,glioma_tumor,Training/glioma/Tr-gl_1275.jpg,1.0000
Training/glioma_tumor/gg (745).jpg,glioma_tumor,Testing/glioma/Te-gl_5.jpg,1.0000
Training/glioma_tumor/gg (746).jpg,glioma_tumor,Training/glioma/Tr-gl_868.jpg,1.0000
Training/glioma_tumor/gg (747).jpg,glioma_tumor,Training/glioma/Tr-gl_1282.jpg,1.0000
Training/glioma_tumor/gg (748).jpg,glioma_tumor,Training/glioma/Tr-gl_356.jpg,1.0000
Training/glioma_tumor/gg (749).jpg,glioma_tumor,Testing/glioma/Te-gl_111.jpg,1.0000
Training/glioma_tumor/gg (750).jpg,glioma_tumor,Training/glioma/Tr-gl_584.jpg,1.0000
Training/glioma_tumor/gg (751).jpg,glioma_tumor,Training/glioma/Tr-gl_792.jpg,1.0000
Training/glioma_tumor/gg (752).jpg,glioma_tumor,Training/glioma/Tr-gl_137.jpg,1.0000
Training/glioma_tumor/gg (753).jpg,glioma_tumor,Testing/glioma/Te-gl_339.jpg,1.0000
Training/glioma_tumor/gg (754).jpg,glioma_tumor,Training/glioma/Tr-gl_1366.jpg,1.0000
Training/glioma_tumor/gg (755).jpg,glioma_tumor,Training/glioma/Tr-gl_1170.jpg,1.0000
Training/glioma_tumor/gg (756).jpg,glioma_tumor,Training/glioma/Tr-gl_311.jpg,1.0000
Training/glioma_tumor/gg (757).jpg,glioma_tumor,Testing/glioma/Te-gl_95.jpg,1.0000
Training/glioma_tumor/gg (758).jpg,glioma_tumor,Training/glioma/Tr-gl_625.jpg,1.0000
Training/glioma_tumor/gg (759).jpg,glioma_tumor,Training/glioma/Tr-gl_654.jpg,1.0000
Training/glioma_tumor/gg (760).jpg,glioma_tumor,Training/glioma/Tr-gl_1221.jpg,1.0000
Training/glioma_tumor/gg (761).jpg,glioma_tumor,Testing/glioma/Te-gl_121.jpg,1.0000
Training/glioma_tumor/gg (762).jpg,glioma_tumor,Training/glioma/Tr-gl_1257.jpg,1.0000
Training/glioma_tumor/gg (763).jpg,glioma_tumor,Training/glioma/Tr-gl_1257.jpg,1.0000
Training/glioma_tumor/gg (764).jpg,glioma_tumor,Training/glioma/Tr-gl_107.jpg,1.0000
Training/glioma_tumor/gg (765).jpg,glioma_tumor,Testing/glioma/Te-gl_312.jpg,1.0000
Training/glioma_tumor/gg (766).jpg,glioma_tumor,Training/glioma/Tr-gl_285.jpg,1.0000
Training/glioma_tumor/gg (767).jpg,glioma_tumor,Training/glioma/Tr-gl_90.jpg,1.0000
Training/glioma_tumor/gg (768).jpg,glioma_tumor,Training/glioma/Tr-gl_4.jpg,1.0000
Training/glioma_tumor/gg (769).jpg,glioma_tumor,Testing/glioma/Te-gl_242.jpg,1.0000
Training/glioma_tumor/gg (770).jpg,glioma_tumor,Training/glioma/Tr-gl_1151.jpg,1.0000
Training/glioma_tumor/gg (771).jpg,glioma_tumor,Training/glioma/Tr-gl_1238.jpg,1.0000
Training/glioma_tumor/gg (772).jpg,glioma_tumor,Training/glioma/Tr-gl_1057.jpg,1.0000
Training/glioma_tumor/gg (773).jpg,glioma_tumor,Testing/glioma/Te-gl_261.jpg,1.0000
Training/glioma_tumor/gg (774).jpg,glioma_tumor,Training/glioma/Tr-gl_420.jpg,1.0000
Training/glioma_tumor/gg (775).jpg,glioma_tumor,Training/glioma/Tr-gl_361.jpg,1.0000
Training/glioma_tumor/gg (776).jpg,glioma_tumor,Training/glioma/Tr-gl_837.jpg,1.0000
Training/glioma_tumor/gg (777).jpg,glioma_tumor,Testing/glioma/Te-gl_378.jpg,1.0000
Training/glioma_tumor/gg (778).jpg,glioma_tumor,Training/glioma/Tr-gl_1323.jpg,1.0000
Training/glioma_tumor/gg (779).jpg,glioma_tumor,Training/glioma/Tr-gl_432.jpg,1.0000
Training/glioma_tumor/gg (781).jpg,glioma_tumor,Testing/glioma/Te-gl_21.jpg,1.0000
Training/glioma_tumor/gg (782).jpg,glioma_tumor,Training/glioma/Tr-gl_94.jpg,1.0000
Training/glioma_tumor/gg (783).jpg,glioma_tumor,Training/glioma/Tr-gl_161.jpg,1.0000
Training/glioma_tumor/gg (784).jpg,glioma_tumor,Training/glioma/Tr-gl_683.jpg,1.0000
Training/glioma_tumor/gg (785).jpg,glioma_tumor,Testing/glioma/Te-gl_370.jpg,1.0000
Training/glioma_tumor/gg (786).jpg,glioma_tumor,Training/glioma/Tr-gl_1348.jpg,1.0000
Training/glioma_tumor/gg (787).jpg,glioma_tumor,Training/glioma/Tr-gl_1380.jpg,1.0000
Training/glioma_tumor/gg (788).jpg,glioma_tumor,Training/glioma/Tr-gl_926.jpg,1.0000
Training/glioma_tumor/gg (789).jpg,glioma_tumor,Testing/glioma/Te-gl_398.jpg,1.0000
Training/glioma_tumor/gg (790).jpg,glioma_tumor,Training/glioma/Tr-gl_1314.jpg,1.0000
Training/glioma_tumor/gg (791).jpg,glioma_tumor,Training/glioma/Tr-gl_696.jpg,1.0000
Training/glioma_tumor/gg (792).jpg,glioma_tumor,Training/glioma/Tr-gl_369.jpg,1.0000
Training/glioma_tumor/gg (793).jpg,glioma_tumor,Testing/glioma/Te-gl_8.jpg,1.0000
Training/glioma_tumor/gg (794).jpg,glioma_tumor,Training/glioma/Tr-gl_615.jpg,1.0000
Training/glioma_tumor/gg (795).jpg,glioma_tumor,Training/glioma/Tr-gl_129.jpg,1.0000
Training/glioma_tumor/gg (796).jpg,glioma_tumor,Training/glioma/Tr-gl_1038.jpg,1.0000
Training/glioma_tumor/gg (797).jpg,glioma_tumor,Testing/glioma/Te-gl_253.jpg,1.0000
Training/glioma_tumor/gg (798).jpg,glioma_tumor,Training/glioma/Tr-gl_364.jpg,1.0000
Training/glioma_tumor/gg (799).jpg,glioma_tumor,Training/glioma/Tr-gl_282.jpg,1.0000
Training/glioma_tumor/gg (800).jpg,glioma_tumor,Training/glioma/Tr-gl_399.jpg,1.0000
Training/glioma_tumor/gg (801).jpg,glioma_tumor,Testing/glioma/Te-gl_156.jpg,1.0000
Training/glioma_tumor/gg (802).jpg,glioma_tumor,Training/glioma/Tr-gl_1297.jpg,1.0000
Training/glioma_tumor/gg (803).jpg,glioma_tumor,Training/glioma/Tr-gl_894.jpg,1.0000
Training/glioma_tumor/gg (804).jpg,glioma_tumor,Training/glioma/Tr-gl_172.jpg,1.0000
Training/glioma_tumor/gg (805).jpg,glioma_tumor,Testing/glioma/Te-gl_162.jpg,1.0000
Training/glioma_tumor/gg (806).jpg,glioma_tumor,Training/glioma/Tr-gl_319.jpg,1.0000
Training/glioma_tumor/gg (807).jpg,glioma_tumor,Training/glioma/Tr-gl_1258.jpg,1.0000
Training/glioma_tumor/gg (808).jpg,glioma_tumor,Training/glioma/Tr-gl_128.jpg,1.0000
Training/glioma_tumor/gg (809).jpg,glioma_tumor,Testing/glioma/Te-gl_322.jpg,1.0000
Training/glioma_tumor/gg (810).jpg,glioma_tumor,Training/glioma/Tr-gl_424.jpg,1.0000
Training/glioma_tumor/gg (811).jpg,glioma_tumor,Training/glioma/Tr-gl_980.jpg,1.0000
Training/glioma_tumor/gg (812).jpg,glioma_tumor,Training/glioma/Tr-gl_664.jpg,1.0000
Training/glioma_tumor/gg (813).jpg,glioma_tumor,Testing/glioma/Te-gl_31.jpg,1.0000
Training/glioma_tumor/gg (814).jpg,glioma_tumor,Training/glioma/Tr-gl_1165.jpg,1.0000
Training/glioma_tumor/gg (815).jpg,glioma_tumor,Training/glioma/Tr-gl_1315.jpg,1.0000
Training/glioma_tumor/gg (816).jpg,glioma_tumor,Training/glioma/Tr-gl_656.jpg,1.0000
Training/glioma_tumor/gg (817).jpg,glioma_tumor,Testing/glioma/Te-gl_271.jpg,1.0000
Training/glioma_tumor/gg (818).jpg,glioma_tumor,Training/glioma/Tr-gl_545.jpg,1.0000
Training/glioma_tumor/gg (819).jpg,glioma_tumor,Training/glioma/Tr-gl_383.jpg,1.0000
Training/glioma_tumor/gg (820).jpg,glioma_tumor,Training/glioma/Tr-gl_702.jpg,1.0000
Training/glioma_tumor/gg (821).jpg,glioma_tumor,Testing/glioma/Te-gl_198.jpg,1.0000
Training/glioma_tumor/gg (822).jpg,glioma_tumor,Training/glioma/Tr-gl_636.jpg,1.0000
Training/glioma_tumor/gg (823).jpg,glioma_tumor,Training/glioma/Tr-gl_797.jpg,1.0000
Training/glioma_tumor/gg (824).jpg,glioma_tumor,Training/glioma/Tr-gl_855.jpg,1.0000
Training/glioma_tumor/gg (825).jpg,glioma_tumor,Testing/glioma/Te-gl_64.jpg,1.0000
Training/glioma_tumor/gg (826).jpg,glioma_tumor,Training/glioma/Tr-gl_153.jpg,1.0000
Training/glioma_tumor/gg (83).jpg,glioma_tumor,Training/glioma/Tr-gl_1209.jpg,1.0000
Training/glioma_tumor/gg (84).jpg,glioma_tumor,Training/glioma/Tr-gl_50.jpg,1.0000
Training/glioma_tumor/gg (85).jpg,glioma_tumor,Training/glioma/Tr-gl_1383.jpg,1.0000
Training/glioma_tumor/gg (86).jpg,glioma_tumor,Training/glioma/Tr-gl_220.jpg,1.0000
Training/glioma_tumor/gg (87).jpg,glioma_tumor,Training/glioma/Tr-gl_806.jpg,1.0000
Training/glioma_tumor/gg (88).jpg,glioma_tumor,Training/glioma/Tr-gl_27.jpg,1.0000
Training/glioma_tumor/gg (89).jpg,glioma_tumor,Training/glioma/Tr-gl_1346.jpg,1.0000
Training/glioma_tumor/gg (9).jpg,glioma_tumor,Testing/glioma/Te-gl_190.jpg,1.0000
Training/glioma_tumor/gg (90).jpg,glioma_tumor,Training/glioma/Tr-gl_761.jpg,1.0000
Training/glioma_tumor/gg (91).jpg,glioma_tumor,Training/glioma/Tr-gl_115.jpg,1.0000
Training/glioma_tumor/gg (92).jpg,glioma_tumor,Training/glioma/Tr-gl_721.jpg,1.0000
Training/glioma_tumor/gg (93).jpg,glioma_tumor,Training/glioma/Tr-gl_1324.jpg,1.0000
Training/glioma_tumor/gg (94).jpg,glioma_tumor,Testing/glioma/Te-gl_279.jpg,1.0000
Training/glioma_tumor/gg (95).jpg,glioma_tumor,Testing/glioma/Te-gl_207.jpg,1.0000
Training/glioma_tumor/gg (96).jpg,glioma_tumor,Testing/glioma/Te-gl_363.jpg,1.0000
Training/glioma_tumor/gg (97).jpg,glioma_tumor,Testing/glioma/Te-gl_108.jpg,1.0000
Training/glioma_tumor/gg (98).jpg,glioma_tumor,Testing/glioma/Te-gl_118.jpg,1.0000
Training/glioma_tumor/gg (99).jpg,glioma_tumor,Testing/glioma/Te-gl_244.jpg,1.0000
Training/meningioma_tumor/m (10).jpg,meningioma_tumor,Training/meningioma/Tr-me_328.jpg,1.0000
Training/meningioma_tumor/m (100).jpg,meningioma_tumor,Training/meningioma/Tr-me_175.jpg,1.0000
Training/meningioma_tumor/m (101).jpg,meningioma_tumor,Training/meningioma/Tr-me_1080.jpg,1.0000
Training/meningioma_tumor/m (102).jpg,meningioma_tumor,Testing/meningioma/Te-me_225.jpg,1.0000
Training/meningioma_tumor/m (103).jpg,meningioma_tumor,Training/meningioma/Tr-me_1224.jpg,1.0000
Training/meningioma_tumor/m (104).jpg,meningioma_tumor,Training/meningioma/Tr-me_49.jpg,1.0000
Training/meningioma_tumor/m (105).jpg,meningioma_tumor,Training/meningioma/Tr-me_1179.jpg,1.0000
Training/meningioma_tumor/m (106).jpg,meningioma_tumor,Testing/meningioma/Te-me_124.jpg,1.0000
Training/meningioma_tumor/m (107).jpg,meningioma_tumor,Training/meningioma/Tr-me_702.jpg,1.0000
Training/meningioma_tumor/m (108).jpg,meningioma_tumor,Training/meningioma/Tr-me_1202.jpg,1.0000
Training/meningioma_tumor/m (109).jpg,meningioma_tumor,Training/meningioma/Tr-me_194.jpg,1.0000
Training/meningioma_tumor/m (11).jpg,meningioma_tumor,Training/meningioma/Tr-me_211.jpg,1.0000
Training/meningioma_tumor/m (110).jpg,meningioma_tumor,Testing/meningioma/Te-me_51.jpg,1.0000
Training/meningioma_tumor/m (111).jpg,meningioma_tumor,Training/meningioma/Tr-me_1169.jpg,1.0000
Training/meningioma_tumor/m (112).jpg,meningioma_tumor,Training/meningioma/Tr-me_41.jpg,1.0000
Training/meningioma_tumor/m (113).jpg,meningioma_tumor,Training/meningioma/Tr-me_1213.jpg,1.0000
Training/meningioma_tumor/m (114).jpg,meningioma_tumor,Testing/meningioma/Te-me_41.jpg,1.0000
Training/meningioma_tumor/m (115).jpg,meningioma_tumor,Training/meningioma/Tr-me_1275.jpg,1.0000
Training/meningioma_tumor/m (116).jpg,meningioma_tumor,Training/meningioma/Tr-me_516.jpg,1.0000
Training/meningioma_tumor/m (117).jpg,meningioma_tumor,Training/meningioma/Tr-me_64.jpg,1.0000
Training/meningioma_tumor/m (118).jpg,meningioma_tumor,Testing/meningioma/Te-me_297.jpg,1.0000
Training/meningioma_tumor/m (119).jpg,meningioma_tumor,Training/meningioma/Tr-me_418.jpg,1.0000
Training/meningioma_tumor/m (12).jpg,meningioma_tumor,Training/meningioma/Tr-me_580.jpg,1.0000
Training/meningioma_tumor/m (120).jpg,meningioma_tumor,Training/meningioma/Tr-me_691.jpg,1.0000
Training/meningioma_tumor/m (121).jpg,meningioma_tumor,Training/meningioma/Tr-me_237.jpg,1.0000
Training/meningioma_tumor/m (122).jpg,meningioma_tumor,Testing/meningioma/Te-me_147.jpg,1.0000
Training/meningioma_tumor/m (123).jpg,meningioma_tumor,Training/meningioma/Tr-me_624.jpg,1.0000
Training/meningioma_tumor/m (124).jpg,meningioma_tumor,Training/meningioma/Tr-me_149.jpg,1.0000
Training/meningioma_tumor/m (125).jpg,meningioma_tumor,Training/meningioma/Tr-me_709.jpg,1.0000
Training/meningioma_tumor/m (126).jpg,meningioma_tumor,Testing/meningioma/Te-me_145.jpg,1.0000
Training/meningioma_tumor/m (127).jpg,meningioma_tumor,Training/meningioma/Tr-me_1180.jpg,1.0000
Training/meningioma_tumor/m (128).jpg,meningioma_tumor,Training/meningioma/Tr-me_127.jpg,1.0000
Training/meningioma_tumor/m (129).jpg,meningioma_tumor,Training/meningioma/Tr-me_628.jpg,1.0000
Training/meningioma_tumor/m (13).jpg,meningioma_tumor,Training/meningioma/Tr-me_522.jpg,1.0000
Training/meningioma_tumor/m (130).jpg,meningioma_tumor,Testing/meningioma/Te-me_224.jpg,1.0000
Training/meningioma_tumor/m (131).jpg,meningioma_tumor,Training/meningioma/Tr-me_563.jpg,1.0000
Training/meningioma_tumor/m (132).jpg,meningioma_tumor,Training/meningioma/Tr-me_33.jpg,1.0000
Training/meningioma_tumor/m (133).jpg,meningioma_tumor,Training/meningioma/Tr-me_297.jpg,1.0000
Training/meningioma_tumor/m (134).jpg,meningioma_tumor,Testing/meningioma/Te-me_85.jpg,1.0000
Training/meningioma_tumor/m (135).jpg,meningioma_tumor,Training/meningioma/Tr-me_762.jpg,1.0000
Training/meningioma_tumor/m (136).jpg,meningioma_tumor,Training/meningioma/Tr-me_591.jpg,1.0000
Training/meningioma_tumor/m (137).jpg,meningioma_tumor,Training/meningioma/Tr-me_951.jpg,1.0000
Training/meningioma_tumor/m (138).jpg,meningioma_tumor,Testing/meningioma/Te-me_78.jpg,1.0000
Training/meningioma_tumor/m (139).jpg,meningioma_tumor,Training/meningioma/Tr-me_390.jpg,1.0000
Training/meningioma_tumor/m (14).jpg,meningioma_tumor,Training/meningioma/Tr-me_853.jpg,1.0000
Training/meningioma_tumor/m (140).jpg,meningioma_tumor,Training/meningioma/Tr-me_872.jpg,1.0000
Training/meningioma_tumor/m (141).jpg,meningioma_tumor,Training/meningioma/Tr-me_411.jpg,1.0000
Training/meningioma_tumor/m (142).jpg,meningioma_tumor,Testing/meningioma/Te-me_172.jpg,1.0000
Training/meningioma_tumor/m (143).jpg,meningioma_tumor,Training/meningioma/Tr-me_900.jpg,1.0000
Training/meningioma_tumor/m (144).jpg,meningioma_tumor,Training/meningioma/Tr-me_1170.jpg,1.0000
Training/meningioma_tumor/m (145).jpg,meningioma_tumor,Training/meningioma/Tr-me_478.jpg,1.0000
Training/meningioma_tumor/m (147).jpg,meningioma_tumor,Training/meningioma/Tr-me_728.jpg,1.0000
Training/meningioma_tumor/m (148).jpg,meningioma_tumor,Training/meningioma/Tr-me_381.jpg,1.0000
Training/meningioma_tumor/m (149).jpg,meningioma_tumor,Training/meningioma/Tr-me_1257.jpg,1.0000
Training/meningioma_tumor/m (15).jpg,meningioma_tumor,Training/meningioma/Tr-me_901.jpg,1.0000
Training/meningioma_tumor/m (150).jpg,meningioma_tumor,Testing/meningioma/Te-me_46.jpg,1.0000
Training/meningioma_tumor/m (151).jpg,meningioma_tumor,Training/meningioma/Tr-me_474.jpg,1.0000
Training/meningioma_tumor/m (152).jpg,meningioma_tumor,Training/meningioma/Tr-me_1279.jpg,1.0000
Training/meningioma_tumor/m (153).jpg,meningioma_tumor,Training/meningioma/Tr-me_693.jpg,1.0000
Training/meningioma_tumor/m (154).jpg,meningioma_tumor,Testing/meningioma/Te-me_68.jpg,1.0000
Training/meningioma_tumor/m (158).jpg,meningioma_tumor,Testing/meningioma/Te-me_164.jpg,1.0000
Training/meningioma_tumor/m (159).jpg,meningioma_tumor,Training/meningioma/Tr-me_622.jpg,1.0000
Training/meningioma_tumor/m (16).jpg,meningioma_tumor,Training/meningioma/Tr-me_978.jpg,1.0000
Training/meningioma_tumor/m (160).jpg,meningioma_tumor,Training/meningioma/Tr-me_548.jpg,1.0000
Training/meningioma_tumor/m (161).jpg,meningioma_tumor,Training/meningioma/Tr-me_620.jpg,1.0000
Training/meningioma_tumor/m (162).jpg,meningioma_tumor,Testing/meningioma/Te-me_173.jpg,1.0000
Training/meningioma_tumor/m (163).jpg,meningioma_tumor,Training/meningioma/Tr-me_25.jpg,1.0000
Training/meningioma_tumor/m (164).jpg,meningioma_tumor,Training/meningioma/Tr-me_1241.jpg,1.0000
Training/meningioma_tumor/m (165).jpg,meningioma_tumor,Training/meningioma/Tr-me_420.jpg,1.0000
Training/meningioma_tumor/m (166).jpg,meningioma_tumor,Testing/meningioma/Te-me_269.jpg,1.0000
Training/meningioma_tumor/m (167).jpg,meningioma_tumor,Training/meningioma/Tr-me_263.jpg,1.0000
Training/meningioma_tumor/m (168).jpg,meningioma_tumor,Training/meningioma/Tr-me_341.jpg,1.0000
Training/meningioma_tumor/m (169).jpg,meningioma_tumor,Training/meningioma/Tr-me_816.jpg,1.0000
Training/meningioma_tumor/m (17).jpg,meningioma_tumor,Training/meningioma/Tr-me_869.jpg,1.0000
Training/meningioma_tumor/m (170).jpg,meningioma_tumor,Testing/meningioma/Te-me_146.jpg,1.0000
Training/meningioma_tumor/m (171).jpg,meningioma_tumor,Training/meningioma/Tr-me_166.jpg,1.0000
Training/meningioma_tumor/m (172).jpg,meningioma_tumor,Training/meningioma/Tr-me_898.jpg,1.0000
Training/meningioma_tumor/m (173).jpg,meningioma_tumor,Training/meningioma/Tr-me_467.jpg,1.0000
Training/meningioma_tumor/m (174).jpg,meningioma_tumor,Testing/meningioma/Te-me_33.jpg,1.0000
Training/meningioma_tumor/m (175).jpg,meningioma_tumor,Training/meningioma/Tr-me_998.jpg,1.0000
Training/meningioma_tumor/m (176).jpg,meningioma_tumor,Training/meningioma/Tr-me_779.jpg,1.0000
Training/meningioma_tumor/m (177).jpg,meningioma_tumor,Training/meningioma/Tr-me_106.jpg,1.0000
Training/meningioma_tumor/m (178).jpg,meningioma_tumor,Testing/meningioma/Te-me_286.jpg,1.0000
Training/meningioma_tumor/m (179).jpg,meningioma_tumor,Training/meningioma/Tr-me_92.jpg,1.0000
Training/meningioma_tumor/m (18).jpg,meningioma_tumor,Training/meningioma/Tr-me_319.jpg,1.0000
Training/meningioma_tumor/m (180).jpg,meningioma_tumor,Training/meningioma/Tr-me_662.jpg,1.0000
Training/meningioma_tumor/m (181).jpg,meningioma_tumor,Training/meningioma/Tr-me_913.jpg,1.0000
Training/meningioma_tumor/m (182).jpg,meningioma_tumor,Training/meningioma/Tr-me_406.jpg,1.0000
Training/meningioma_tumor/m (183).jpg,meningioma_tumor,Training/meningioma/Tr-me_406.jpg,1.0000
Training/meningioma_tumor/m (184).jpg,meningioma_tumor,Training/meningioma/Tr-me_568.jpg,1.0000
Training/meningioma_tumor/m (185).jpg,meningioma_tumor,Training/meningioma/Tr-me_1051.jpg,1.0000
Training/meningioma_tumor/m (186).jpg,meningioma_tumor,Testing/meningioma/Te-me_47.jpg,1.0000
Training/meningioma_tumor/m (187).jpg,meningioma_tumor,Training/meningioma/Tr-me_495.jpg,1.0000
Training/meningioma_tumor/m (188).jpg,meningioma_tumor,Training/meningioma/Tr-me_1029.jpg,1.0000
Training/meningioma_tumor/m (189).jpg,meningioma_tumor,Training/meningioma/Tr-me_1039.jpg,1.0000
Training/meningioma_tumor/m (19).jpg,meningioma_tumor,Training/meningioma/Tr-me_611.jpg,1.0000
Training/meningioma_tumor/m (190).jpg,meningioma_tumor,Testing/meningioma/Te-me_104.jpg,1.0000
Training/meningioma_tumor/m (191).jpg,meningioma_tumor,Training/meningioma/Tr-me_817.jpg,1.0000
Training/meningioma_tumor/m (192).jpg,meningioma_tumor,Training/meningioma/Tr-me_448.jpg,1.0000
Training/meningioma_tumor/m (193).jpg,meningioma_tumor,Training/meningioma/Tr-me_647.jpg,1.0000
Training/meningioma_tumor/m (194).jpg,meningioma_tumor,Testing/meningioma/Te-me_246.jpg,1.0000
Training/meningioma_tumor/m (195).jpg,meningioma_tumor,Training/meningioma/Tr-me_398.jpg,1.0000
Training/meningioma_tumor/m (196).jpg,meningioma_tumor,Training/meningioma/Tr-me_956.jpg,1.0000
Training/meningioma_tumor/m (197).jpg,meningioma_tumor,Training/meningioma/Tr-me_290.jpg,1.0000
Training/meningioma_tumor/m (198).jpg,meningioma_tumor,Testing/meningioma/Te-me_254.jpg,1.0000
Training/meningioma_tumor/m (199).jpg,meningioma_tumor,Training/meningioma/Tr-me_833.jpg,1.0000
Training/meningioma_tumor/m (2).jpg,meningioma_tumor,Training/meningioma/Tr-me_1206.jpg,1.0000
Training/meningioma_tumor/m (20).jpg,meningioma_tumor,Training/meningioma/Tr-me_1010.jpg,1.0000
Training/meningioma_tumor/m (200).jpg,meningioma_tumor,Training/meningioma/Tr-me_720.jpg,1.0000
Training/meningioma_tumor/m (201).jpg,meningioma_tumor,Training/meningioma/Tr-me_1007.jpg,1.0000
Training/meningioma_tumor/m (21).jpg,meningioma_tumor,Training/meningioma/Tr-me_1196.jpg,1.0000
Training/meningioma_tumor/m (22).jpg,meningioma_tumor,Training/meningioma/Tr-me_1272.jpg,1.0000
Training/meningioma_tumor/m (23).jpg,meningioma_tumor,Training/meningioma/Tr-me_510.jpg,1.0000
Training/meningioma_tumor/m (24).jpg,meningioma_tumor,Training/meningioma/Tr-me_261.jpg,1.0000
Training/meningioma_tumor/m (25).jpg,meningioma_tumor,Training/meningioma/Tr-me_958.jpg,1.0000
Training/meningioma_tumor/m (26).jpg,meningioma_tumor,Training/meningioma/Tr-me_56.jpg,1.0000
Training/meningioma_tumor/m (27).jpg,meningioma_tumor,Training/meningioma/Tr-me_395.jpg,1.0000
Training/meningioma_tumor/m (28).jpg,meningioma_tumor,Training/meningioma/Tr-me_899.jpg,1.0000
Training/meningioma_tumor/m (29).jpg,meningioma_tumor,Training/meningioma/Tr-me_1130.jpg,1.0000
Training/meningioma_tumor/m (3).jpg,meningioma_tumor,Training/meningioma/Tr-me_111.jpg,1.0000
Training/meningioma_tumor/m (30).jpg,meningioma_tumor,Training/meningioma/Tr-me_1222.jpg,1.0000
Training/meningioma_tumor/m (31).jpg,meningioma_tumor,Training/meningioma/Tr-me_120.jpg,1.0000
Training/meningioma_tumor/m (32).jpg,meningioma_tumor,Training/meningioma/Tr-me_1002.jpg,1.0000
Training/meningioma_tumor/m (33).jpg,meningioma_tumor,Training/meningioma/Tr-me_1111.jpg,1.0000
Training/meningioma_tumor/m (34).jpg,meningioma_tumor,Training/meningioma/Tr-me_1237.jpg,1.0000
Training/meningioma_tumor/m (35).jpg,meningioma_tumor,Training/meningioma/Tr-me_1207.jpg,1.0000
Training/meningioma_tumor/m (36).jpg,meningioma_tumor,Training/meningioma/Tr-me_499.jpg,1.0000
Training/meningioma_tumor/m (37).jpg,meningioma_tumor,Training/meningioma/Tr-me_1178.jpg,1.0000
Training/meningioma_tumor/m (38).jpg,meningioma_tumor,Training/meningioma/Tr-me_1160.jpg,1.0000
Training/meningioma_tumor/m (39).jpg,meningioma_tumor,Training/meningioma/Tr-me_407.jpg,1.0000
Training/meningioma_tumor/m (4).jpg,meningioma_tumor,Training/meningioma/Tr-me_687.jpg,1.0000
Training/meningioma_tumor/m (40).jpg,meningioma_tumor,Training/meningioma/Tr-me_1074.jpg,1.0000
Training/meningioma_tumor/m (41).jpg,meningioma_tumor,Training/meningioma/Tr-me_850.jpg,1.0000
Training/meningioma_tumor/m (42).jpg,meningioma_tumor,Training/meningioma/Tr-me_803.jpg,1.0000
Training/meningioma_tumor/m (43).jpg,meningioma_tumor,Training/meningioma/Tr-me_144.jpg,1.0000
Training/meningioma_tumor/m (44).jpg,meningioma_tumor,Training/meningioma/Tr-me_445.jpg,1.0000
Training/meningioma_tumor/m (45).jpg,meningioma_tumor,Training/meningioma/Tr-me_659.jpg,1.0000
Training/meningioma_tumor/m (46).jpg,meningioma_tumor,Training/meningioma/Tr-me_818.jpg,1.0000
Training/meningioma_tumor/m (47).jpg,meningioma_tumor,Training/meningioma/Tr-me_1294.jpg,1.0000
Training/meningioma_tumor/m (48).jpg,meningioma_tumor,Training/meningioma/Tr-me_925.jpg,1.0000
Training/meningioma_tumor/m (49).jpg,meningioma_tumor,Training/meningioma/Tr-me_952.jpg,1.0000
Training/meningioma_tumor/m (5).jpg,meningioma_tumor,Training/meningioma/Tr-me_185.jpg,1.0000
Training/meningioma_tumor/m (50).jpg,meningioma_tumor,Training/meningioma/Tr-me_700.jpg,1.0000
Training/meningioma_tumor/m (51).jpg,meningioma_tumor,Training/meningioma/Tr-me_721.jpg,1.0000
Training/meningioma_tumor/m (52).jpg,meningioma_tumor,Training/meningioma/Tr-me_234.jpg,1.0000
Training/meningioma_tumor/m (53).jpg,meningioma_tumor,Training/meningioma/Tr-me_1269.jpg,1.0000
Training/meningioma_tumor/m (54).jpg,meningioma_tumor,Training/meningioma/Tr-me_926.jpg,1.0000
Training/meningioma_tumor/m (55).jpg,meningioma_tumor,Training/meningioma/Tr-me_1129.jpg,1.0000
Training/meningioma_tumor/m (56).jpg,meningioma_tumor,Training/meningioma/Tr-me_963.jpg,1.0000
Training/meningioma_tumor/m (57).jpg,meningioma_tumor,Training/meningioma/Tr-me_825.jpg,1.0000
Training/meningioma_tumor/m (58).jpg,meningioma_tumor,Training/meningioma/Tr-me_1191.jpg,1.0000
Training/meningioma_tumor/m (59).jpg,meningioma_tumor,Training/meningioma/Tr-me_646.jpg,1.0000
Training/meningioma_tumor/m (6).jpg,meningioma_tumor,Training/meningioma/Tr-me_79.jpg,1.0000
Training/meningioma_tumor/m (60).jpg,meningioma_tumor,Training/meningioma/Tr-me_91.jpg,1.0000
Training/meningioma_tumor/m (61).jpg,meningioma_tumor,Training/meningioma/Tr-me_585.jpg,1.0000
Training/meningioma_tumor/m (62).jpg,meningioma_tumor,Training/meningioma/Tr-me_989.jpg,1.0000
Training/meningioma_tumor/m (63).jpg,meningioma_tumor,Training/meningioma/Tr-me_1144.jpg,1.0000
Training/meningioma_tumor/m (64).jpg,meningioma_tumor,Training/meningioma/Tr-me_183.jpg,1.0000
Training/meningioma_tumor/m (65).jpg,meningioma_tumor,Training/meningioma/Tr-me_193.jpg,1.0000
Training/meningioma_tumor/m (66).jpg,meningioma_tumor,Training/meningioma/Tr-me_994.jpg,1.0000
Training/meningioma_tumor/m (67).jpg,meningioma_tumor,Training/meningioma/Tr-me_708.jpg,1.0000
Training/meningioma_tumor/m (68).jpg,meningioma_tumor,Training/meningioma/Tr-me_527.jpg,1.0000
Training/meningioma_tumor/m (69).jpg,meningioma_tumor,Training/meningioma/Tr-me_741.jpg,1.0000
Training/meningioma_tumor/m (7).jpg,meningioma_tumor,Training/meningioma/Tr-me_35.jpg,1.0000
Training/meningioma_tumor/m (70).jpg,meningioma_tumor,Training/meningioma/Tr-me_542.jpg,1.0000
Training/meningioma_tumor/m (71).jpg,meningioma_tumor,Training/meningioma/Tr-me_1041.jpg,1.0000
Training/meningioma_tumor/m (72).jpg,meningioma_tumor,Training/meningioma/Tr-me_434.jpg,1.0000
Training/meningioma_tumor/m (73).jpg,meningioma_tumor,Training/meningioma/Tr-me_834.jpg,1.0000
Training/meningioma_tumor/m (74).jpg,meningioma_tumor,Training/meningioma/Tr-me_57.jpg,1.0000
Training/meningioma_tumor/m (75).jpg,meningioma_tumor,Training/meningioma/Tr-me_246.jpg,1.0000
Training/meningioma_tumor/m (76).jpg,meningioma_tumor,Training/meningioma/Tr-me_443.jpg,1.0000
Training/meningioma_tumor/m (77).jpg,meningioma_tumor,Training/meningioma/Tr-me_9.jpg,1.0000
Training/meningioma_tumor/m (78).jpg,meningioma_tumor,Training/meningioma/Tr-me_1220.jpg,1.0000
Training/meningioma_tumor/m (79).jpg,meningioma_tumor,Training/meningioma/Tr-me_262.jpg,1.0000
Training/meningioma_tumor/m (8).jpg,meningioma_tumor,Training/meningioma/Tr-me_584.jpg,1.0000
Training/meningioma_tumor/m (80).jpg,meningioma_tumor,Training/meningioma/Tr-me_24.jpg,1.0000
Training/meningioma_tumor/m (81).jpg,meningioma_tumor,Training/meningioma/Tr-me_265.jpg,1.0000
Training/meningioma_tumor/m (82).jpg,meningioma_tumor,Training/meningioma/Tr-me_71.jpg,1.0000
Training/meningioma_tumor/m (83).jpg,meningioma_tumor,Training/meningioma/Tr-me_380.jpg,1.0000
Training/meningioma_tumor/m (84).jpg,meningioma_tumor,Training/meningioma/Tr-me_1133.jpg,1.0000
Training/meningioma_tumor/m (85).jpg,meningioma_tumor,Training/meningioma/Tr-me_777.jpg,1.0000
Training/meningioma_tumor/m (86).jpg,meningioma_tumor,Training/meningioma/Tr-me_415.jpg,1.0000
Training/meningioma_tumor/m (87).jpg,meningioma_tumor,Training/meningioma/Tr-me_198.jpg,1.0000
Training/meningioma_tumor/m (88).jpg,meningioma_tumor,Training/meningioma/Tr-me_975.jpg,1.0000
Training/meningioma_tumor/m (89).jpg,meningioma_tumor,Training/meningioma/Tr-me_690.jpg,1.0000
Training/meningioma_tumor/m (9).jpg,meningioma_tumor,Training/meningioma/Tr-me_1245.jpg,1.0000
Training/meningioma_tumor/m (90).jpg,meningioma_tumor,Training/meningioma/Tr-me_410.jpg,1.0000
Training/meningioma_tumor/m (91).jpg,meningioma_tumor,Training/meningioma/Tr-me_329.jpg,1.0000
Training/meningioma_tumor/m (92).jpg,meningioma_tumor,Training/meningioma/Tr-me_857.jpg,1.0000
Training/meningioma_tumor/m (95).jpg,meningioma_tumor,Training/meningioma/Tr-me_423.jpg,1.0000
Training/meningioma_tumor/m (96).jpg,meningioma_tumor,Training/meningioma/Tr-me_108.jpg,1.0000
Training/meningioma_tumor/m (97).jpg,meningioma_tumor,Training/meningioma/Tr-me_212.jpg,1.0000
Training/meningioma_tumor/m (98).jpg,meningioma_tumor,Training/meningioma/Tr-me_896.jpg,1.0000
Training/meningioma_tumor/m (99).jpg,meningioma_tumor,Training/meningioma/Tr-me_26.jpg,1.0000
Training/meningioma_tumor/m1(10).jpg,meningioma_tumor,Testing/meningioma/Te-me_295.jpg,1.0000
Training/meningioma_tumor/m1(100).jpg,meningioma_tumor,Training/meningioma/Tr-me_543.jpg,1.0000
Training/meningioma_tumor/m1(101).jpg,meningioma_tumor,Training/meningioma/Tr-me_339.jpg,1.0000
Training/meningioma_tumor/m1(102).jpg,meningioma_tumor,Training/meningioma/Tr-me_417.jpg,1.0000
Training/meningioma_tumor/m1(103).jpg,meningioma_tumor,Testing/meningioma/Te-me_277.jpg,1.0000
Training/meningioma_tumor/m1(104).jpg,meningioma_tumor,Training/meningioma/Tr-me_688.jpg,1.0000
Training/meningioma_tumor/m1(105).jpg,meningioma_tumor,Training/meningioma/Tr-me_186.jpg,1.0000
Training/meningioma_tumor/m1(106).jpg,meningioma_tumor,Training/meningioma/Tr-me_318.jpg,1.0000
Training/meningioma_tumor/m1(107).jpg,meningioma_tumor,Training/meningioma/Tr-me_99.jpg,1.0000
Training/meningioma_tumor/m1(108).jpg,meningioma_tumor,Training/meningioma/Tr-me_110.jpg,1.0000
Training/meningioma_tumor/m1(109).jpg,meningioma_tumor,Training/meningioma/Tr-me_205.jpg,1.0000
Training/meningioma_tumor/m1(11).jpg,meningioma_tumor,Training/meningioma/Tr-me_1014.jpg,1.0000
Training/meningioma_tumor/m1(110).jpg,meningioma_tumor,Training/meningioma/Tr-me_811.jpg,1.0000
Training/meningioma_tumor/m1(111).jpg,meningioma_tumor,Training/meningioma/Tr-me_714.jpg,1.0000
Training/meningioma_tumor/m1(112).jpg,meningioma_tumor,Testing/meningioma/Te-me_279.jpg,1.0000
Training/meningioma_tumor/m1(113).jpg,meningioma_tumor,Testing/meningioma/Te-me_83.jpg,1.0000
Training/meningioma_tumor/m1(114).jpg,meningioma_tumor,Training/meningioma/Tr-me_464.jpg,1.0000
Training/meningioma_tumor/m1(116).jpg,meningioma_tumor,Training/meningioma/Tr-me_154.jpg,1.0000
Training/meningioma_tumor/m1(117).jpg,meningioma_tumor,Training/meningioma/Tr-me_957.jpg,1.0000
Training/meningioma_tumor/m1(118).jpg,meningioma_tumor,Training/meningioma/Tr-me_131.jpg,1.0000
Training/meningioma_tumor/m1(119).jpg,meningioma_tumor,Training/meningioma/Tr-me_760.jpg,1.0000
Training/meningioma_tumor/m1(12).jpg,meningioma_tumor,Training/meningioma/Tr-me_472.jpg,1.0000
Training/meningioma_tumor/m1(120).jpg,meningioma_tumor,Training/meningioma/Tr-me_962.jpg,1.0000
Training/meningioma_tumor/m1(121).jpg,meningioma_tumor,Training/meningioma/Tr-me_920.jpg,1.0000
Training/meningioma_tumor/m1(122).jpg,meningioma_tumor,Training/meningioma/Tr-me_239.jpg,1.0000
Training/meningioma_tumor/m1(123).jpg,meningioma_tumor,Training/meningioma/Tr-me_1122.jpg,1.0000
Training/meningioma_tumor/m1(124).jpg,meningioma_tumor,Training/meningioma/Tr-me_453.jpg,1.0000
Training/meningioma_tumor/m1(125).jpg,meningioma_tumor,Training/meningioma/Tr-me_19.jpg,1.0000
Training/meningioma_tumor/m1(126).jpg,meningioma_tumor,Training/meningioma/Tr-me_1286.jpg,1.0000
Training/meningioma_tumor/m1(127).jpg,meningioma_tumor,Training/meningioma/Tr-me_776.jpg,1.0000
Training/meningioma_tumor/m1(128).jpg,meningioma_tumor,Training/meningioma/Tr-me_1290.jpg,1.0000
Training/meningioma_tumor/m1(129).jpg,meningioma_tumor,Training/meningioma/Tr-me_1069.jpg,1.0000
Training/meningioma_tumor/m1(13).jpg,meningioma_tumor,Training/meningioma/Tr-me_694.jpg,1.0000
Training/meningioma_tumor/m1(130).jpg,meningioma_tumor,Training/meningioma/Tr-me_717.jpg,1.0000
Training/meningioma_tumor/m1(131).jpg,meningioma_tumor,Training/meningioma/Tr-me_1225.jpg,1.0000
Training/meningioma_tumor/m1(132).jpg,meningioma_tumor,Training/meningioma/Tr-me_1198.jpg,1.0000
Training/meningioma_tumor/m1(133).jpg,meningioma_tumor,Training/meningioma/Tr-me_753.jpg,1.0000
Training/meningioma_tumor/m1(134).jpg,meningioma_tumor,Training/meningioma/Tr-me_339.jpg,1.0000
Training/meningioma_tumor/m1(135).jpg,meningioma_tumor,Training/meningioma/Tr-me_421.jpg,1.0000
Training/meningioma_tumor/m1(136).jpg,meningioma_tumor,Training/meningioma/Tr-me_679.jpg,1.0000
Training/meningioma_tumor/m1(137).jpg,meningioma_tumor,Training/meningioma/Tr-me_200.jpg,1.0000
Training/meningioma_tumor/m1(138).jpg,meningioma_tumor,Training/meningioma/Tr-me_330.jpg,1.0000
Training/meningioma_tumor/m1(139).jpg,meningioma_tumor,Training/meningioma/Tr-me_450.jpg,1.0000
Training/meningioma_tumor/m1(14).jpg,meningioma_tumor,Testing/meningioma/Te-me_141.jpg,1.0000
Training/meningioma_tumor/m1(140).jpg,meningioma_tumor,Training/meningioma/Tr-me_331.jpg,1.0000
Training/meningioma_tumor/m1(141).jpg,meningioma_tumor,Training/meningioma/Tr-me_877.jpg,1.0000
Training/meningioma_tumor/m1(142).jpg,meningioma_tumor,Training/meningioma/Tr-me_530.jpg,1.0000
Training/meningioma_tumor/m1(143).jpg,meningioma_tumor,Training/meningioma/Tr-me_865.jpg,1.0000
Training/meningioma_tumor/m1(144).jpg,meningioma_tumor,Training/meningioma/Tr-me_1044.jpg,1.0000
Training/meningioma_tumor/m1(145).jpg,meningioma_tumor,Training/meningioma/Tr-me_167.jpg,1.0000
Training/meningioma_tumor/m1(146).jpg,meningioma_tumor,Training/meningioma/Tr-me_1121.jpg,1.0000
Training/meningioma_tumor/m1(147).jpg,meningioma_tumor,Training/meningioma/Tr-me_1112.jpg,1.0000
Training/meningioma_tumor/m1(148).jpg,meningioma_tumor,Training/meningioma/Tr-me_109.jpg,1.0000
Training/meningioma_tumor/m1(149).jpg,meningioma_tumor,Training/meningioma/Tr-me_424.jpg,1.0000
Training/meningioma_tumor/m1(15).jpg,meningioma_tumor,Training/meningioma/Tr-me_1101.jpg,1.0000
Training/meningioma_tumor/m1(150).jpg,meningioma_tumor,Training/meningioma/Tr-me_684.jpg,1.0000
Training/meningioma_tumor/m1(151).jpg,meningioma_tumor,Training/meningioma/Tr-me_954.jpg,1.0000
Training/meningioma_tumor/m1(152).jpg,meningioma_tumor,Training/meningioma/Tr-me_715.jpg,1.0000
Training/meningioma_tumor/m1(153).jpg,meningioma_tumor,Training/meningioma/Tr-me_36.jpg,1.0000
Training/meningioma_tumor/m1(154).jpg,meningioma_tumor,Training/meningioma/Tr-me_437.jpg,1.0000
Training/meningioma_tumor/m1(155).jpg,meningioma_tumor,Training/meningioma/Tr-me_238.jpg,1.0000
Training/meningioma_tumor/m1(156).jpg,meningioma_tumor,Testing/meningioma/Te-me_210.jpg,1.0000
Training/meningioma_tumor/m1(157).jpg,meningioma_tumor,Testing/meningioma/Te-me_255.jpg,1.0000
Training/meningioma_tumor/m1(158).jpg,meningioma_tumor,Testing/meningioma/Te-me_3.jpg,1.0000
Training/meningioma_tumor/m1(159).jpg,meningioma_tumor,Training/meningioma/Tr-me_158.jpg,1.0000
Training/meningioma_tumor/m1(16).jpg,meningioma_tumor,Training/meningioma/Tr-me_1101.jpg,1.0000
Training/meningioma_tumor/m1(160).jpg,meningioma_tumor,Training/meningioma/Tr-me_553.jpg,1.0000
Training/meningioma_tumor/m1(161).jpg,meningioma_tumor,Training/meningioma/Tr-me_936.jpg,1.0000
Training/meningioma_tumor/m1(162).jpg,meningioma_tumor,Training/meningioma/Tr-me_706.jpg,1.0000
Training/meningioma_tumor/m1(163).jpg,meningioma_tumor,Training/meningioma/Tr-me_1083.jpg,1.0000
Training/meningioma_tumor/m1(165).jpg,meningioma_tumor,Training/meningioma/Tr-me_678.jpg,1.0000
Training/meningioma_tumor/m1(166).jpg,meningioma_tumor,Training/meningioma/Tr-me_1289.jpg,1.0000
Training/meningioma_tumor/m1(167).jpg,meningioma_tumor,Training/meningioma/Tr-me_965.jpg,1.0000
Training/meningioma_tumor/m1(168).jpg,meningioma_tumor,Training/meningioma/Tr-me_458.jpg,1.0000
Training/meningioma_tumor/m1(169).jpg,meningioma_tumor,Training/meningioma/Tr-me_145.jpg,1.0000
Training/meningioma_tumor/m1(17).jpg,meningioma_tumor,Training/meningioma/Tr-me_911.jpg,1.0000
Training/meningioma_tumor/m1(170).jpg,meningioma_tumor,Training/meningioma/Tr-me_432.jpg,1.0000
Training/meningioma_tumor/m1(171).jpg,meningioma_tumor,Training/meningioma/Tr-me_771.jpg,1.0000
Training/meningioma_tumor/m1(172).jpg,meningioma_tumor,Training/meningioma/Tr-me_432.jpg,1.0000
Training/meningioma_tumor/m1(173).jpg,meningioma_tumor,Training/meningioma/Tr-me_1168.jpg,1.0000
Training/meningioma_tumor/m1(174).jpg,meningioma_tumor,Training/meningioma/Tr-me_980.jpg,1.0000
Training/meningioma_tumor/m1(175).jpg,meningioma_tumor,Training/meningioma/Tr-me_373.jpg,1.0000
Training/meningioma_tumor/m1(176).jpg,meningioma_tumor,Training/meningioma/Tr-me_404.jpg,1.0000
Training/meningioma_tumor/m1(177).jpg,meningioma_tumor,Training/meningioma/Tr-me_52.jpg,1.0000
Training/meningioma_tumor/m1(178).jpg,meningioma_tumor,Training/meningioma/Tr-me_1091.jpg,1.0000
Training/meningioma_tumor/m1(179).jpg,meningioma_tumor,Training/meningioma/Tr-me_740.jpg,1.0000
Training/meningioma_tumor/m1(18).jpg,meningioma_tumor,Testing/meningioma/Te-me_245.jpg,1.0000
Training/meningioma_tumor/m1(180).jpg,meningioma_tumor,Training/meningioma/Tr-me_880.jpg,1.0000
Training/meningioma_tumor/m1(181).jpg,meningioma_tumor,Training/meningioma/Tr-me_557.jpg,1.0000
Training/meningioma_tumor/m1(182).jpg,meningioma_tumor,Training/meningioma/Tr-me_845.jpg,1.0000
Training/meningioma_tumor/m1(183).jpg,meningioma_tumor,Training/meningioma/Tr-me_3.jpg,1.0000
Training/meningioma_tumor/m1(184).jpg,meningioma_tumor,Training/meningioma/Tr-me_661.jpg,1.0000
Training/meningioma_tumor/m1(185).jpg,meningioma_tumor,Training/meningioma/Tr-me_737.jpg,1.0000
Training/meningioma_tumor/m1(186).jpg,meningioma_tumor,Training/meningioma/Tr-me_1194.jpg,1.0000
Training/meningioma_tumor/m1(187).jpg,meningioma_tumor,Training/meningioma/Tr-me_758.jpg,1.0000
Training/meningioma_tumor/m1(188).jpg,meningioma_tumor,Training/meningioma/Tr-me_1282.jpg,1.0000
Training/meningioma_tumor/m1(189).jpg,meningioma_tumor,Training/meningioma/Tr-me_666.jpg,1.0000
Training/meningioma_tumor/m1(19).jpg,meningioma_tumor,Training/meningioma/Tr-me_996.jpg,1.0000
Training/meningioma_tumor/m1(190).jpg,meningioma_tumor,Training/meningioma/Tr-me_465.jpg,1.0000
Training/meningioma_tumor/m1(191).jpg,meningioma_tumor,Training/meningioma/Tr-me_126.jpg,1.0000
Training/meningioma_tumor/m1(192).jpg,meningioma_tumor,Training/meningioma/Tr-me_468.jpg,1.0000
Training/meningioma_tumor/m1(193).jpg,meningioma_tumor,Training/meningioma/Tr-me_799.jpg,1.0000
Training/meningioma_tumor/m1(194).jpg,meningioma_tumor,Training/meningioma/Tr-me_1262.jpg,1.0000
Training/meningioma_tumor/m1(195).jpg,meningioma_tumor,Training/meningioma/Tr-me_616.jpg,1.0000
Training/meningioma_tumor/m1(196).jpg,meningioma_tumor,Training/meningioma/Tr-me_846.jpg,1.0000
Training/meningioma_tumor/m1(197).jpg,meningioma_tumor,Training/meningioma/Tr-me_1249.jpg,1.0000
Training/meningioma_tumor/m1(198).jpg,meningioma_tumor,Training/meningioma/Tr-me_946.jpg,1.0000
Training/meningioma_tumor/m1(199).jpg,meningioma_tumor,Training/meningioma/Tr-me_583.jpg,1.0000
Training/meningioma_tumor/m1(2).jpg,meningioma_tumor,Training/meningioma/Tr-me_1163.jpg,1.0000
Training/meningioma_tumor/m1(20).jpg,meningioma_tumor,Training/meningioma/Tr-me_871.jpg,1.0000
Training/meningioma_tumor/m1(200).jpg,meningioma_tumor,Training/meningioma/Tr-me_543.jpg,1.0000
Training/meningioma_tumor/m1(201).jpg,meningioma_tumor,Training/meningioma/Tr-me_486.jpg,1.0000
Training/meningioma_tumor/m1(202).jpg,meningioma_tumor,Testing/meningioma/Te-me_274.jpg,1.0000
Training/meningioma_tumor/m1(21).jpg,meningioma_tumor,Training/meningioma/Tr-me_593.jpg,1.0000
Training/meningioma_tumor/m1(22).jpg,meningioma_tumor,Testing/meningioma/Te-me_212.jpg,1.0000
Training/meningioma_tumor/m1(23).jpg,meningioma_tumor,Training/meningioma/Tr-me_814.jpg,1.0000
Training/meningioma_tumor/m1(24).jpg,meningioma_tumor,Training/meningioma/Tr-me_669.jpg,1.0000
Training/meningioma_tumor/m1(25).jpg,meningioma_tumor,Training/meningioma/Tr-me_104.jpg,1.0000
Training/meningioma_tumor/m1(26).jpg,meningioma_tumor,Training/meningioma/Tr-me_368.jpg,1.0000
Training/meningioma_tumor/m1(27).jpg,meningioma_tumor,Training/meningioma/Tr-me_538.jpg,1.0000
Training/meningioma_tumor/m1(28).jpg,meningioma_tumor,Training/meningioma/Tr-me_336.jpg,1.0000
Training/meningioma_tumor/m1(29).jpg,meningioma_tumor,Training/meningioma/Tr-me_82.jpg,1.0000
Training/meningioma_tumor/m1(3).jpg,meningioma_tumor,Training/meningioma/Tr-me_1110.jpg,1.0000
Training/meningioma_tumor/m1(30).jpg,meningioma_tumor,Training/meningioma/Tr-me_1297.jpg,1.0000
Training/meningioma_tumor/m1(31).jpg,meningioma_tumor,Training/meningioma/Tr-me_685.jpg,1.0000
Training/meningioma_tumor/m1(32).jpg,meningioma_tumor,Training/meningioma/Tr-me_810.jpg,1.0000
Training/meningioma_tumor/m1(33).jpg,meningioma_tumor,Training/meningioma/Tr-me_959.jpg,1.0000
Training/meningioma_tumor/m1(34).jpg,meningioma_tumor,Training/meningioma/Tr-me_384.jpg,1.0000
Training/meningioma_tumor/m1(35).jpg,meningioma_tumor,Training/meningioma/Tr-me_631.jpg,1.0000
Training/meningioma_tumor/m1(36).jpg,meningioma_tumor,Training/meningioma/Tr-me_1019.jpg,1.0000
Training/meningioma_tumor/m1(37).jpg,meningioma_tumor,Training/meningioma/Tr-me_95.jpg,1.0000
Training/meningioma_tumor/m1(38).jpg,meningioma_tumor,Training/meningioma/Tr-me_207.jpg,1.0000
Training/meningioma_tumor/m1(39).jpg,meningioma_tumor,Training/meningioma/Tr-me_735.jpg,1.0000
Training/meningioma_tumor/m1(4).jpg,meningioma_tumor,Training/meningioma/Tr-me_1057.jpg,1.0000
Training/meningioma_tumor/m1(40).jpg,meningioma_tumor,Training/meningioma/Tr-me_930.jpg,1.0000
Training/meningioma_tumor/m1(41).jpg,meningioma_tumor,Training/meningioma/Tr-me_337.jpg,1.0000
Training/meningioma_tumor/m1(45).jpg,meningioma_tumor,Training/meningioma/Tr-me_984.jpg,1.0000
Training/meningioma_tumor/m1(46).jpg,meningioma_tumor,Training/meningioma/Tr-me_658.jpg,1.0000
Training/meningioma_tumor/m1(47).jpg,meningioma_tumor,Training/meningioma/Tr-me_886.jpg,1.0000
Training/meningioma_tumor/m1(48).jpg,meningioma_tumor,Training/meningioma/Tr-me_1013.jpg,1.0000
Training/meningioma_tumor/m1(49).jpg,meningioma_tumor,Training/meningioma/Tr-me_1203.jpg,1.0000
Training/meningioma_tumor/m1(5).jpg,meningioma_tumor,Training/meningioma/Tr-me_960.jpg,1.0000
Training/meningioma_tumor/m1(50).jpg,meningioma_tumor,Training/meningioma/Tr-me_775.jpg,1.0000
Training/meningioma_tumor/m1(51).jpg,meningioma_tumor,Training/meningioma/Tr-me_1141.jpg,1.0000
Training/meningioma_tumor/m1(52).jpg,meningioma_tumor,Training/meningioma/Tr-me_993.jpg,1.0000
Training/meningioma_tumor/m1(53).jpg,meningioma_tumor,Training/meningioma/Tr-me_832.jpg,1.0000
Training/meningioma_tumor/m1(54).jpg,meningioma_tumor,Training/meningioma/Tr-me_122.jpg,1.0000
Training/meningioma_tumor/m1(55).jpg,meningioma_tumor,Training/meningioma/Tr-me_1187.jpg,1.0000
Training/meningioma_tumor/m1(56).jpg,meningioma_tumor,Training/meningioma/Tr-me_151.jpg,1.0000
Training/meningioma_tumor/m1(57).jpg,meningioma_tumor,Training/meningioma/Tr-me_660.jpg,1.0000
Training/meningioma_tumor/m1(58).jpg,meningioma_tumor,Training/meningioma/Tr-me_296.jpg,1.0000
Training/meningioma_tumor/m1(59).jpg,meningioma_tumor,Training/meningioma/Tr-me_1298.jpg,1.0000
Training/meningioma_tumor/m1(6).jpg,meningioma_tumor,Testing/meningioma/Te-me_182.jpg,1.0000
Training/meningioma_tumor/m1(60).jpg,meningioma_tumor,Training/meningioma/Tr-me_1026.jpg,1.0000
Training/meningioma_tumor/m1(61).jpg,meningioma_tumor,Training/meningioma/Tr-me_545.jpg,1.0000
Training/meningioma_tumor/m1(62).jpg,meningioma_tumor,Training/meningioma/Tr-me_729.jpg,1.0000
Training/meningioma_tumor/m1(63).jpg,meningioma_tumor,Training/meningioma/Tr-me_1173.jpg,1.0000
Training/meningioma_tumor/m1(64).jpg,meningioma_tumor,Training/meningioma/Tr-me_672.jpg,1.0000
Training/meningioma_tumor/m1(65).jpg,meningioma_tumor,Training/meningioma/Tr-me_1118.jpg,1.0000
Training/meningioma_tumor/m1(66).jpg,meningioma_tumor,Training/meningioma/Tr-me_1172.jpg,1.0000
Training/meningioma_tumor/m1(67).jpg,meningioma_tumor,Training/meningioma/Tr-me_657.jpg,1.0000
Training/meningioma_tumor/m1(68).jpg,meningioma_tumor,Training/meningioma/Tr-me_6.jpg,1.0000
Training/meningioma_tumor/m1(69).jpg,meningioma_tumor,Training/meningioma/Tr-me_1105.jpg,1.0000
Training/meningioma_tumor/m1(7).jpg,meningioma_tumor,Training/meningioma/Tr-me_1166.jpg,1.0000
Training/meningioma_tumor/m1(70).jpg,meningioma_tumor,Training/meningioma/Tr-me_995.jpg,1.0000
Training/meningioma_tumor/m1(71).jpg,meningioma_tumor,Training/meningioma/Tr-me_851.jpg,1.0000
Training/meningioma_tumor/m1(72).jpg,meningioma_tumor,Training/meningioma/Tr-me_665.jpg,1.0000
Training/meningioma_tumor/m1(73).jpg,meningioma_tumor,Training/meningioma/Tr-me_587.jpg,1.0000
Training/meningioma_tumor/m1(74).jpg,meningioma_tumor,Training/meningioma/Tr-me_1093.jpg,1.0000
Training/meningioma_tumor/m1(75).jpg,meningioma_tumor,Training/meningioma/Tr-me_37.jpg,1.0000
Training/meningioma_tumor/m1(76).jpg,meningioma_tumor,Training/meningioma/Tr-me_531.jpg,1.0000
Training/meningioma_tumor/m1(77).jpg,meningioma_tumor,Training/meningioma/Tr-me_252.jpg,1.0000
Training/meningioma_tumor/m1(78).jpg,meningioma_tumor,Training/meningioma/Tr-me_1052.jpg,1.0000
Training/meningioma_tumor/m1(79).jpg,meningioma_tumor,Training/meningioma/Tr-me_257.jpg,1.0000
Training/meningioma_tumor/m1(8).jpg,meningioma_tumor,Training/meningioma/Tr-me_597.jpg,1.0000
Training/meningioma_tumor/m1(80).jpg,meningioma_tumor,Training/meningioma/Tr-me_882.jpg,1.0000
Training/meningioma_tumor/m1(81).jpg,meningioma_tumor,Training/meningioma/Tr-me_1233.jpg,1.0000
Training/meningioma_tumor/m1(82).jpg,meningioma_tumor,Training/meningioma/Tr-me_673.jpg,1.0000
Training/meningioma_tumor/m1(83).jpg,meningioma_tumor,Training/meningioma/Tr-me_1254.jpg,1.0000
Training/meningioma_tumor/m1(84).jpg,meningioma_tumor,Training/meningioma/Tr-me_1258.jpg,1.0000
Training/meningioma_tumor/m1(85).jpg,meningioma_tumor,Training/meningioma/Tr-me_204.jpg,1.0000
Training/meningioma_tumor/m1(86).jpg,meningioma_tumor,Training/meningioma/Tr-me_894.jpg,1.0000
Training/meningioma_tumor/m1(9).jpg,meningioma_tumor,Testing/meningioma/Te-me_144.jpg,1.0000
Training/meningioma_tumor/m1(90).jpg,meningioma_tumor,Training/meningioma/Tr-me_489.jpg,1.0000
Training/meningioma_tumor/m1(91).jpg,meningioma_tumor,Training/meningioma/Tr-me_202.jpg,1.0000
Training/meningioma_tumor/m1(92).jpg,meningioma_tumor,Training/meningioma/Tr-me_497.jpg,1.0000
Training/meningioma_tumor/m1(93).jpg,meningioma_tumor,Training/meningioma/Tr-me_271.jpg,1.0000
Training/meningioma_tumor/m1(94).jpg,meningioma_tumor,Training/meningioma/Tr-me_637.jpg,1.0000
Training/meningioma_tumor/m1(95).jpg,meningioma_tumor,Training/meningioma/Tr-me_1146.jpg,1.0000
Training/meningioma_tumor/m1(96).jpg,meningioma_tumor,Testing/meningioma/Te-me_278.jpg,1.0000
Training/meningioma_tumor/m1(97).jpg,meningioma_tumor,Training/meningioma/Tr-me_567.jpg,1.0000
Training/meningioma_tumor/m1(98).jpg,meningioma_tumor,Training/meningioma/Tr-me_339.jpg,1.0000
Training/meningioma_tumor/m1(99).jpg,meningioma_tumor,Training/meningioma/Tr-me_858.jpg,1.0000
Training/meningioma_tumor/m2 (1).jpg,meningioma_tumor,Training/meningioma/Tr-me_236.jpg,1.0000
Training/meningioma_tumor/m2 (10).jpg,meningioma_tumor,Training/meningioma/Tr-me_589.jpg,1.0000
Training/meningioma_tumor/m2 (100).jpg,meningioma_tumor,Training/meningioma/Tr-me_1034.jpg,1.0000
Training/meningioma_tumor/m2 (101).jpg,meningioma_tumor,Training/meningioma/Tr-me_1284.jpg,1.0000
Training/meningioma_tumor/m2 (102).jpg,meningioma_tumor,Training/meningioma/Tr-me_697.jpg,1.0000
Training/meningioma_tumor/m2 (103).jpg,meningioma_tumor,Training/meningioma/Tr-me_1027.jpg,1.0000
Training/meningioma_tumor/m2 (104).jpg,meningioma_tumor,Training/meningioma/Tr-me_1102.jpg,1.0000
Training/meningioma_tumor/m2 (105).jpg,meningioma_tumor,Training/meningioma/Tr-me_139.jpg,1.0000
Training/meningioma_tumor/m2 (106).jpg,meningioma_tumor,Training/meningioma/Tr-me_526.jpg,1.0000
Training/meningioma_tumor/m2 (107).jpg,meningioma_tumor,Training/meningioma/Tr-me_640.jpg,1.0000
Training/meningioma_tumor/m2 (108).jpg,meningioma_tumor,Training/meningioma/Tr-me_1098.jpg,1.0000
Training/meningioma_tumor/m2 (109).jpg,meningioma_tumor,Training/meningioma/Tr-me_96.jpg,1.0000
Training/meningioma_tumor/m2 (11).jpg,meningioma_tumor,Training/meningioma/Tr-me_165.jpg,1.0000
Training/meningioma_tumor/m2 (110).jpg,meningioma_tumor,Training/meningioma/Tr-me_1209.jpg,1.0000
Training/meningioma_tumor/m2 (111).jpg,meningioma_tumor,Training/meningioma/Tr-me_216.jpg,1.0000
Training/meningioma_tumor/m2 (112).jpg,meningioma_tumor,Training/meningioma/Tr-me_1247.jpg,1.0000
Training/meningioma_tumor/m2 (113).jpg,meningioma_tumor,Training/meningioma/Tr-me_367.jpg,1.0000
Training/meningioma_tumor/m2 (114).jpg,meningioma_tumor,Training/meningioma/Tr-me_397.jpg,1.0000
Training/meningioma_tumor/m2 (115).jpg,meningioma_tumor,Training/meningioma/Tr-me_746.jpg,1.0000
Training/meningioma_tumor/m2 (116).jpg,meningioma_tumor,Training/meningioma/Tr-me_1108.jpg,1.0000
Training/meningioma_tumor/m2 (117).jpg,meningioma_tumor,Training/meningioma/Tr-me_209.jpg,1.0000
Training/meningioma_tumor/m2 (118).jpg,meningioma_tumor,Training/meningioma/Tr-me_766.jpg,1.0000
Training/meningioma_tumor/m2 (119).jpg,meningioma_tumor,Training/meningioma/Tr-me_374.jpg,1.0000
Training/meningioma_tumor/m2 (12).jpg,meningioma_tumor,Training/meningioma/Tr-me_1092.jpg,1.0000
Training/meningioma_tumor/m2 (120).jpg,meningioma_tumor,Training/meningioma/Tr-me_823.jpg,1.0000
Training/meningioma_tumor/m2 (121).jpg,meningioma_tumor,Training/meningioma/Tr-me_642.jpg,1.0000
Training/meningioma_tumor/m2 (122).jpg,meningioma_tumor,Training/meningioma/Tr-me_768.jpg,1.0000
Training/meningioma_tumor/m2 (123).jpg,meningioma_tumor,Training/meningioma/Tr-me_98.jpg,1.0000
Training/meningioma_tumor/m2 (124).jpg,meningioma_tumor,Training/meningioma/Tr-me_1192.jpg,1.0000
Training/meningioma_tumor/m2 (125).jpg,meningioma_tumor,Training/meningioma/Tr-me_1000.jpg,1.0000
Training/meningioma_tumor/m2 (126).jpg,meningioma_tumor,Training/meningioma/Tr-me_44.jpg,1.0000
Training/meningioma_tumor/m2 (127).jpg,meningioma_tumor,Training/meningioma/Tr-me_515.jpg,1.0000
Training/meningioma_tumor/m2 (128).jpg,meningioma_tumor,Training/meningioma/Tr-me_440.jpg,1.0000
Training/meningioma_tumor/m2 (129).jpg,meningioma_tumor,Training/meningioma/Tr-me_564.jpg,1.0000
Training/meningioma_tumor/m2 (13).jpg,meningioma_tumor,Training/meningioma/Tr-me_169.jpg,1.0000
Training/meningioma_tumor/m2 (130).jpg,meningioma_tumor,Training/meningioma/Tr-me_29.jpg,1.0000
Training/meningioma_tumor/m2 (131).jpg,meningioma_tumor,Training/meningioma/Tr-me_748.jpg,1.0000
Training/meningioma_tumor/m2 (132).jpg,meningioma_tumor,Training/meningioma/Tr-me_309.jpg,1.0000
Training/meningioma_tumor/m2 (133).jpg,meningioma_tumor,Training/meningioma/Tr-me_1278.jpg,1.0000
Training/meningioma_tumor/m2 (134).jpg,meningioma_tumor,Training/meningioma/Tr-me_428.jpg,1.0000
Training/meningioma_tumor/m2 (135).jpg,meningioma_tumor,Training/meningioma/Tr-me_1218.jpg,1.0000
Training/meningioma_tumor/m2 (136).jpg,meningioma_tumor,Training/meningioma/Tr-me_76.jpg,1.0000
Training/meningioma_tumor/m2 (137).jpg,meningioma_tumor,Training/meningioma/Tr-me_463.jpg,1.0000
Training/meningioma_tumor/m2 (138).jpg,meningioma_tumor,Training/meningioma/Tr-me_681.jpg,1.0000
Training/meningioma_tumor/m2 (139).jpg,meningioma_tumor,Training/meningioma/Tr-me_982.jpg,1.0000
Training/meningioma_tumor/m2 (14).jpg,meningioma_tumor,Training/meningioma/Tr-me_1167.jpg,1.0000
Training/meningioma_tumor/m2 (140).jpg,meningioma_tumor,Training/meningioma/Tr-me_629.jpg,1.0000
Training/meningioma_tumor/m2 (141).jpg,meningioma_tumor,Training/meningioma/Tr-me_1030.jpg,1.0000
Training/meningioma_tumor/m2 (142).jpg,meningioma_tumor,Training/meningioma/Tr-me_937.jpg,1.0000
Training/meningioma_tumor/m2 (143).jpg,meningioma_tumor,Training/meningioma/Tr-me_1201.jpg,1.0000
Training/meningioma_tumor/m2 (144).jpg,meningioma_tumor,Training/meningioma/Tr-me_298.jpg,1.0000
Training/meningioma_tumor/m2 (145).jpg,meningioma_tumor,Training/meningioma/Tr-me_258.jpg,1.0000
Training/meningioma_tumor/m2 (146).jpg,meningioma_tumor,Training/meningioma/Tr-me_129.jpg,1.0000
Training/meningioma_tumor/m2 (147).jpg,meningioma_tumor,Training/meningioma/Tr-me_354.jpg,1.0000
Training/meningioma_tumor/m2 (148).jpg,meningioma_tumor,Training/meningioma/Tr-me_487.jpg,1.0000
Training/meningioma_tumor/m2 (149).jpg,meningioma_tumor,Training/meningioma/Tr-me_511.jpg,1.0000
Training/meningioma_tumor/m2 (15).jpg,meningioma_tumor,Training/meningioma/Tr-me_630.jpg,1.0000
Training/meningioma_tumor/m2 (150).jpg,meningioma_tumor,Training/meningioma/Tr-me_1107.jpg,1.0000
Training/meningioma_tumor/m2 (159).jpg,meningioma_tumor,Training/meningioma/Tr-me_840.jpg,1.0000
Training/meningioma_tumor/m2 (16).jpg,meningioma_tumor,Training/meningioma/Tr-me_34.jpg,1.0000
Training/meningioma_tumor/m2 (160).jpg,meningioma_tumor,Training/meningioma/Tr-me_146.jpg,1.0000
Training/meningioma_tumor/m2 (161).jpg,meningioma_tumor,Training/meningioma/Tr-me_1277.jpg,1.0000
Training/meningioma_tumor/m2 (162).jpg,meningioma_tumor,Training/meningioma/Tr-me_1042.jpg,1.0000
Training/meningioma_tumor/m2 (163).jpg,meningioma_tumor,Training/meningioma/Tr-me_214.jpg,1.0000
Training/meningioma_tumor/m2 (164).jpg,meningioma_tumor,Training/meningioma/Tr-me_1001.jpg,1.0000
Training/meningioma_tumor/m2 (165).jpg,meningioma_tumor,Training/meningioma/Tr-me_990.jpg,1.0000
Training/meningioma_tumor/m2 (166).jpg,meningioma_tumor,Training/meningioma/Tr-me_163.jpg,1.0000
Training/meningioma_tumor/m2 (167).jpg,meningioma_tumor,Training/meningioma/Tr-me_501.jpg,1.0000
Training/meningioma_tumor/m2 (168).jpg,meningioma_tumor,Training/meningioma/Tr-me_323.jpg,1.0000
Training/meningioma_tumor/m2 (169).jpg,meningioma_tumor,Training/meningioma/Tr-me_972.jpg,1.0000
Training/meningioma_tumor/m2 (17).jpg,meningioma_tumor,Training/meningioma/Tr-me_826.jpg,1.0000
Training/meningioma_tumor/m2 (170).jpg,meningioma_tumor,Training/meningioma/Tr-me_481.jpg,1.0000
Training/meningioma_tumor/m2 (171).jpg,meningioma_tumor,Training/meningioma/Tr-me_11.jpg,1.0000
Training/meningioma_tumor/m2 (172).jpg,meningioma_tumor,Training/meningioma/Tr-me_1008.jpg,1.0000
Training/meningioma_tumor/m2 (173).jpg,meningioma_tumor,Training/meningioma/Tr-me_928.jpg,1.0000
Training/meningioma_tumor/m2 (174).jpg,meningioma_tumor,Training/meningioma/Tr-me_1124.jpg,1.0000
Training/meningioma_tumor/m2 (175).jpg,meningioma_tumor,Training/meningioma/Tr-me_866.jpg,1.0000
Training/meningioma_tumor/m2 (176).jpg,meningioma_tumor,Training/meningioma/Tr-me_442.jpg,1.0000
Training/meningioma_tumor/m2 (177).jpg,meningioma_tumor,Training/meningioma/Tr-me_192.jpg,1.0000
Training/meningioma_tumor/m2 (18).jpg,meningioma_tumor,Training/meningioma/Tr-me_230.jpg,1.0000
Training/meningioma_tumor/m2 (19).jpg,meningioma_tumor,Training/meningioma/Tr-me_923.jpg,1.0000
Training/meningioma_tumor/m2 (2).jpg,meningioma_tumor,Training/meningioma/Tr-me_312.jpg,1.0000
Training/meningioma_tumor/m2 (20).jpg,meningioma_tumor,Training/meningioma/Tr-me_316.jpg,1.0000
Training/meningioma_tumor/m2 (21).jpg,meningioma_tumor,Training/meningioma/Tr-me_400.jpg,1.0000
Training/meningioma_tumor/m2 (22).jpg,meningioma_tumor,Training/meningioma/Tr-me_1062.jpg,1.0000
Training/meningioma_tumor/m2 (23).jpg,meningioma_tumor,Training/meningioma/Tr-me_360.jpg,1.0000
Training/meningioma_tumor/m2 (24).jpg,meningioma_tumor,Training/meningioma/Tr-me_1006.jpg,1.0000
Training/meningioma_tumor/m2 (25).jpg,meningioma_tumor,Training/meningioma/Tr-me_12.jpg,1.0000
Training/meningioma_tumor/m2 (26).jpg,meningioma_tumor,Training/meningioma/Tr-me_1053.jpg,1.0000
Training/meningioma_tumor/m2 (27).jpg,meningioma_tumor,Training/meningioma/Tr-me_1216.jpg,1.0000
Training/meningioma_tumor/m2 (28).jpg,meningioma_tumor,Training/meningioma/Tr-me_638.jpg,1.0000
Training/meningioma_tumor/m2 (29).jpg,meningioma_tumor,Training/meningioma/Tr-me_969.jpg,1.0000
Training/meningioma_tumor/m2 (3).jpg,meningioma_tumor,Training/meningioma/Tr-me_820.jpg,1.0000
Training/meningioma_tumor/m2 (30).jpg,meningioma_tumor,Training/meningioma/Tr-me_1116.jpg,1.0000
Training/meningioma_tumor/m2 (31).jpg,meningioma_tumor,Training/meningioma/Tr-me_607.jpg,1.0000
Training/meningioma_tumor/m2 (32).jpg,meningioma_tumor,Training/meningioma/Tr-me_115.jpg,1.0000
Training/meningioma_tumor/m2 (33).jpg,meningioma_tumor,Training/meningioma/Tr-me_1120.jpg,1.0000
Training/meningioma_tumor/m2 (34).jpg,meningioma_tumor,Training/meningioma/Tr-me_1058.jpg,1.0000
Training/meningioma_tumor/m2 (35).jpg,meningioma_tumor,Training/meningioma/Tr-me_357.jpg,1.0000
Training/meningioma_tumor/m2 (36).jpg,meningioma_tumor,Training/meningioma/Tr-me_308.jpg,1.0000
Training/meningioma_tumor/m2 (37).jpg,meningioma_tumor,Training/meningioma/Tr-me_895.jpg,1.0000
Training/meningioma_tumor/m2 (38).jpg,meningioma_tumor,Training/meningioma/Tr-me_342.jpg,1.0000
Training/meningioma_tumor/m2 (39).jpg,meningioma_tumor,Training/meningioma/Tr-me_466.jpg,1.0000
Training/meningioma_tumor/m2 (4).jpg,meningioma_tumor,Training/meningioma/Tr-me_1046.jpg,1.0000
Training/meningioma_tumor/m2 (40).jpg,meningioma_tumor,Training/meningioma/Tr-me_1251.jpg,1.0000
Training/meningioma_tumor/m2 (41).jpg,meningioma_tumor,Training/meningioma/Tr-me_361.jpg,1.0000
Training/meningioma_tumor/m2 (42).jpg,meningioma_tumor,Training/meningioma/Tr-me_986.jpg,1.0000
Training/meningioma_tumor/m2 (43).jpg,meningioma_tumor,Training/meningioma/Tr-me_195.jpg,1.0000
Training/meningioma_tumor/m2 (44).jpg,meningioma_tumor,Training/meningioma/Tr-me_1261.jpg,1.0000
Training/meningioma_tumor/m2 (45).jpg,meningioma_tumor,Training/meningioma/Tr-me_927.jpg,1.0000
Training/meningioma_tumor/m2 (46).jpg,meningioma_tumor,Training/meningioma/Tr-me_736.jpg,1.0000
Training/meningioma_tumor/m2 (47).jpg,meningioma_tumor,Training/meningioma/Tr-me_554.jpg,1.0000
Training/meningioma_tumor/m2 (48).jpg,meningioma_tumor,Training/meningioma/Tr-me_256.jpg,1.0000
Training/meningioma_tumor/m2 (49).jpg,meningioma_tumor,Training/meningioma/Tr-me_528.jpg,1.0000
Training/meningioma_tumor/m2 (5).jpg,meningioma_tumor,Training/meningioma/Tr-me_790.jpg,1.0000
Training/meningioma_tumor/m2 (50).jpg,meningioma_tumor,Training/meningioma/Tr-me_804.jpg,1.0000
Training/meningioma_tumor/m2 (51).jpg,meningioma_tumor,Training/meningioma/Tr-me_141.jpg,1.0000
Training/meningioma_tumor/m2 (52).jpg,meningioma_tumor,Training/meningioma/Tr-me_725.jpg,1.0000
Training/meningioma_tumor/m2 (53).jpg,meningioma_tumor,Training/meningioma/Tr-me_947.jpg,1.0000
Training/meningioma_tumor/m2 (54).jpg,meningioma_tumor,Training/meningioma/Tr-me_1188.jpg,1.0000
Training/meningioma_tumor/m2 (55).jpg,meningioma_tumor,Training/meningioma/Tr-me_1161.jpg,1.0000
Training/meningioma_tumor/m2 (56).jpg,meningioma_tumor,Training/meningioma/Tr-me_1063.jpg,1.0000
Training/meningioma_tumor/m2 (64).jpg,meningioma_tumor,Training/meningioma/Tr-me_602.jpg,1.0000
Training/meningioma_tumor/m2 (65).jpg,meningioma_tumor,Training/meningioma/Tr-me_677.jpg,1.0000
Training/meningioma_tumor/m2 (66).jpg,meningioma_tumor,Training/meningioma/Tr-me_366.jpg,1.0000
Training/meningioma_tumor/m2 (67).jpg,meningioma_tumor,Training/meningioma/Tr-me_551.jpg,1.0000
Training/meningioma_tumor/m2 (68).jpg,meningioma_tumor,Training/meningioma/Tr-me_893.jpg,1.0000
Training/meningioma_tumor/m2 (69).jpg,meningioma_tumor,Training/meningioma/Tr-me_348.jpg,1.0000
Training/meningioma_tumor/m2 (7).jpg,meningioma_tumor,Training/meningioma/Tr-me_596.jpg,1.0000
Training/meningioma_tumor/m2 (70).jpg,meningioma_tumor,Training/meningioma/Tr-me_292.jpg,1.0000
Training/meningioma_tumor/m2 (71).jpg,meningioma_tumor,Training/meningioma/Tr-me_1004.jpg,1.0000
Training/meningioma_tumor/m2 (72).jpg,meningioma_tumor,Training/meningioma/Tr-me_1137.jpg,1.0000
Training/meningioma_tumor/m2 (73).jpg,meningioma_tumor,Training/meningioma/Tr-me_180.jpg,1.0000
Training/meningioma_tumor/m2 (74).jpg,meningioma_tumor,Training/meningioma/Tr-me_405.jpg,1.0000
Training/meningioma_tumor/m2 (75).jpg,meningioma_tumor,Training/meningioma/Tr-me_751.jpg,1.0000
Training/meningioma_tumor/m2 (76).jpg,meningioma_tumor,Training/meningioma/Tr-me_293.jpg,1.0000
Training/meningioma_tumor/m2 (77).jpg,meningioma_tumor,Training/meningioma/Tr-me_1165.jpg,1.0000
Training/meningioma_tumor/m2 (78).jpg,meningioma_tumor,Training/meningioma/Tr-me_121.jpg,1.0000
Training/meningioma_tumor/m2 (79).jpg,meningioma_tumor,Training/meningioma/Tr-me_266.jpg,1.0000
Training/meningioma_tumor/m2 (8).jpg,meningioma_tumor,Training/meningioma/Tr-me_552.jpg,1.0000
Training/meningioma_tumor/m2 (80).jpg,meningioma_tumor,Training/meningioma/Tr-me_375.jpg,1.0000
Training/meningioma_tumor/m2 (81).jpg,meningioma_tumor,Training/meningioma/Tr-me_955.jpg,1.0000
Training/meningioma_tumor/m2 (82).jpg,meningioma_tumor,Training/meningioma/Tr-me_322.jpg,1.0000
Training/meningioma_tumor/m2 (83).jpg,meningioma_tumor,Training/meningioma/Tr-me_1159.jpg,1.0000
Training/meningioma_tumor/m2 (84).jpg,meningioma_tumor,Training/meningioma/Tr-me_590.jpg,1.0000
Training/meningioma_tumor/m2 (85).jpg,meningioma_tumor,Training/meningioma/Tr-me_31.jpg,1.0000
Training/meningioma_tumor/m2 (86).jpg,meningioma_tumor,Training/meningioma/Tr-me_756.jpg,1.0000
Training/meningioma_tumor/m2 (87).jpg,meningioma_tumor,Training/meningioma/Tr-me_335.jpg,1.0000
Training/meningioma_tumor/m2 (88).jpg,meningioma_tumor,Training/meningioma/Tr-me_513.jpg,1.0000
Training/meningioma_tumor/m2 (89).jpg,meningioma_tumor,Training/meningioma/Tr-me_1012.jpg,1.0000
Training/meningioma_tumor/m2 (9).jpg,meningioma_tumor,Training/meningioma/Tr-me_961.jpg,1.0000
Training/meningioma_tumor/m2 (90).jpg,meningioma_tumor,Training/meningioma/Tr-me_88.jpg,1.0000
Training/meningioma_tumor/m2 (91).jpg,meningioma_tumor,Training/meningioma/Tr-me_383.jpg,1.0000
Training/meningioma_tumor/m2 (92).jpg,meningioma_tumor,Training/meningioma/Tr-me_1276.jpg,1.0000
Training/meningioma_tumor/m2 (93).jpg,meningioma_tumor,Training/meningioma/Tr-me_1293.jpg,1.0000
Training/meningioma_tumor/m2 (94).jpg,meningioma_tumor,Training/meningioma/Tr-me_695.jpg,1.0000
Training/meningioma_tumor/m2 (95).jpg,meningioma_tumor,Training/meningioma/Tr-me_1037.jpg,1.0000
Training/meningioma_tumor/m2 (96).jpg,meningioma_tumor,Training/meningioma/Tr-me_1003.jpg,1.0000
Training/meningioma_tumor/m2 (97).jpg,meningioma_tumor,Training/meningioma/Tr-me_1049.jpg,1.0000
Training/meningioma_tumor/m2 (98).jpg,meningioma_tumor,Training/meningioma/Tr-me_787.jpg,1.0000
Training/meningioma_tumor/m2 (99).jpg,meningioma_tumor,Training/meningioma/Tr-me_171.jpg,1.0000
Training/meningioma_tumor/m3 (1).jpg,meningioma_tumor,Training/meningioma/Tr-me_80.jpg,1.0000
Training/meningioma_tumor/m3 (10).jpg,meningioma_tumor,Training/meningioma/Tr-me_904.jpg,1.0000
Training/meningioma_tumor/m3 (100).jpg,meningioma_tumor,Training/meningioma/Tr-me_124.jpg,1.0000
Training/meningioma_tumor/m3 (101).jpg,meningioma_tumor,Training/meningioma/Tr-me_461.jpg,1.0000
Training/meningioma_tumor/m3 (102).jpg,meningioma_tumor,Training/meningioma/Tr-me_449.jpg,1.0000
Training/meningioma_tumor/m3 (103).jpg,meningioma_tumor,Training/meningioma/Tr-me_203.jpg,1.0000
Training/meningioma_tumor/m3 (104).jpg,meningioma_tumor,Training/meningioma/Tr-me_134.jpg,1.0000
Training/meningioma_tumor/m3 (105).jpg,meningioma_tumor,Training/meningioma/Tr-me_377.jpg,1.0000
Training/meningioma_tumor/m3 (106).jpg,meningioma_tumor,Training/meningioma/Tr-me_1035.jpg,1.0000
Training/meningioma_tumor/m3 (107).jpg,meningioma_tumor,Training/meningioma/Tr-me_800.jpg,1.0000
Training/meningioma_tumor/m3 (108).jpg,meningioma_tumor,Training/meningioma/Tr-me_605.jpg,1.0000
Training/meningioma_tumor/m3 (109).jpg,meningioma_tumor,Training/meningioma/Tr-me_536.jpg,1.0000
Training/meningioma_tumor/m3 (11).jpg,meningioma_tumor,Training/meningioma/Tr-me_1243.jpg,1.0000
Training/meningioma_tumor/m3 (110).jpg,meningioma_tumor,Training/meningioma/Tr-me_566.jpg,1.0000
Training/meningioma_tumor/m3 (111).jpg,meningioma_tumor,Training/meningioma/Tr-me_372.jpg,1.0000
Training/meningioma_tumor/m3 (112).jpg,meningioma_tumor,Training/meningioma/Tr-me_287.jpg,1.0000
Training/meningioma_tumor/m3 (113).jpg,meningioma_tumor,Training/meningioma/Tr-me_170.jpg,1.0000
Training/meningioma_tumor/m3 (114).jpg,meningioma_tumor,Training/meningioma/Tr-me_1256.jpg,1.0000
Training/meningioma_tumor/m3 (115).jpg,meningioma_tumor,Training/meningioma/Tr-me_157.jpg,1.0000
Training/meningioma_tumor/m3 (116).jpg,meningioma_tumor,Training/meningioma/Tr-me_470.jpg,1.0000
Training/meningioma_tumor/m3 (117).jpg,meningioma_tumor,Training/meningioma/Tr-me_966.jpg,1.0000
Training/meningioma_tumor/m3 (118).jpg,meningioma_tumor,Training/meningioma/Tr-me_172.jpg,1.0000
Training/meningioma_tumor/m3 (119).jpg,meningioma_tumor,Training/meningioma/Tr-me_778.jpg,1.0000
Training/meningioma_tumor/m3 (12).jpg,meningioma_tumor,Training/meningioma/Tr-me_317.jpg,1.0000
Training/meningioma_tumor/m3 (120).jpg,meningioma_tumor,Training/meningioma/Tr-me_282.jpg,1.0000
Training/meningioma_tumor/m3 (121).jpg,meningioma_tumor,Training/meningioma/Tr-me_615.jpg,1.0000
Training/meningioma_tumor/m3 (122).jpg,meningioma_tumor,Training/meningioma/Tr-me_1009.jpg,1.0000
Training/meningioma_tumor/m3 (123).jpg,meningioma_tumor,Training/meningioma/Tr-me_839.jpg,1.0000
Training/meningioma_tumor/m3 (124).jpg,meningioma_tumor,Training/meningioma/Tr-me_884.jpg,1.0000
Training/meningioma_tumor/m3 (125).jpg,meningioma_tumor,Training/meningioma/Tr-me_242.jpg,1.0000
Training/meningioma_tumor/m3 (126).jpg,meningioma_tumor,Training/meningioma/Tr-me_363.jpg,1.0000
Training/meningioma_tumor/m3 (127).jpg,meningioma_tumor,Training/meningioma/Tr-me_535.jpg,1.0000
Training/meningioma_tumor/m3 (128).jpg,meningioma_tumor,Training/meningioma/Tr-me_1038.jpg,1.0000
Training/meningioma_tumor/m3 (129).jpg,meningioma_tumor,Training/meningioma/Tr-me_849.jpg,1.0000
Training/meningioma_tumor/m3 (13).jpg,meningioma_tumor,Training/meningioma/Tr-me_916.jpg,1.0000
Training/meningioma_tumor/m3 (130).jpg,meningioma_tumor,Training/meningioma/Tr-me_942.jpg,1.0000
Training/meningioma_tumor/m3 (131).jpg,meningioma_tumor,Training/meningioma/Tr-me_862.jpg,1.0000
Training/meningioma_tumor/m3 (132).jpg,meningioma_tumor,Training/meningioma/Tr-me_1064.jpg,1.0000
Training/meningioma_tumor/m3 (133).jpg,meningioma_tumor,Training/meningioma/Tr-me_221.jpg,1.0000
Training/meningioma_tumor/m3 (134).jpg,meningioma_tumor,Training/meningioma/Tr-me_289.jpg,1.0000
Training/meningioma_tumor/m3 (135).jpg,meningioma_tumor,Training/meningioma/Tr-me_1032.jpg,1.0000
Training/meningioma_tumor/m3 (136).jpg,meningioma_tumor,Training/meningioma/Tr-me_14.jpg,1.0000
Training/meningioma_tumor/m3 (137).jpg,meningioma_tumor,Training/meningioma/Tr-me_796.jpg,1.0000
Training/meningioma_tumor/m3 (138).jpg,meningioma_tumor,Training/meningioma/Tr-me_241.jpg,1.0000
Training/meningioma_tumor/m3 (139).jpg,meningioma_tumor,Training/meningioma/Tr-me_1125.jpg,1.0000
Training/meningioma_tumor/m3 (14).jpg,meningioma_tumor,Training/meningioma/Tr-me_524.jpg,1.0000
Training/meningioma_tumor/m3 (143).jpg,meningioma_tumor,Training/meningioma/Tr-me_867.jpg,1.0000
Training/meningioma_tumor/m3 (145).jpg,meningioma_tumor,Training/meningioma/Tr-me_639.jpg,1.0000
Training/meningioma_tumor/m3 (146).jpg,meningioma_tumor,Training/meningioma/Tr-me_1127.jpg,1.0000
Training/meningioma_tumor/m3 (147).jpg,meningioma_tumor,Training/meningioma/Tr-me_633.jpg,1.0000
Training/meningioma_tumor/m3 (148).jpg,meningioma_tumor,Training/meningioma/Tr-me_1103.jpg,1.0000
Training/meningioma_tumor/m3 (149).jpg,meningioma_tumor,Training/meningioma/Tr-me_332.jpg,1.0000
Training/meningioma_tumor/m3 (15).jpg,meningioma_tumor,Training/meningioma/Tr-me_150.jpg,1.0000
Training/meningioma_tumor/m3 (150).jpg,meningioma_tumor,Training/meningioma/Tr-me_819.jpg,1.0000
Training/meningioma_tumor/m3 (151).jpg,meningioma_tumor,Training/meningioma/Tr-me_1145.jpg,1.0000
Training/meningioma_tumor/m3 (152).jpg,meningioma_tumor,Training/meningioma/Tr-me_59.jpg,1.0000
Training/meningioma_tumor/m3 (153).jpg,meningioma_tumor,Training/meningioma/Tr-me_1015.jpg,1.0000
Training/meningioma_tumor/m3 (154).jpg,meningioma_tumor,Training/meningioma/Tr-me_1270.jpg,1.0000
Training/meningioma_tumor/m3 (155).jpg,meningioma_tumor,Training/meningioma/Tr-me_689.jpg,1.0000
Training/meningioma_tumor/m3 (156).jpg,meningioma_tumor,Training/meningioma/Tr-me_75.jpg,1.0000
Training/meningioma_tumor/m3 (157).jpg,meningioma_tumor,Training/meningioma/Tr-me_932.jpg,1.0000
Training/meningioma_tumor/m3 (158).jpg,meningioma_tumor,Training/meningioma/Tr-me_670.jpg,1.0000
Training/meningioma_tumor/m3 (159).jpg,meningioma_tumor,Training/meningioma/Tr-me_2.jpg,1.0000
Training/meningioma_tumor/m3 (16).jpg,meningioma_tumor,Training/meningioma/Tr-me_801.jpg,1.0000
Training/meningioma_tumor/m3 (160).jpg,meningioma_tumor,Training/meningioma/Tr-me_153.jpg,1.0000
Training/meningioma_tumor/m3 (161).jpg,meningioma_tumor,Training/meningioma/Tr-me_514.jpg,1.0000
Training/meningioma_tumor/m3 (162).jpg,meningioma_tumor,Training/meningioma/Tr-me_1148.jpg,1.0000
Training/meningioma_tumor/m3 (163).jpg,meningioma_tumor,Training/meningioma/Tr-me_247.jpg,1.0000
Training/meningioma_tumor/m3 (164).jpg,meningioma_tumor,Training/meningioma/Tr-me_1094.jpg,1.0000
Training/meningioma_tumor/m3 (165).jpg,meningioma_tumor,Training/meningioma/Tr-me_1094.jpg,1.0000
Training/meningioma_tumor/m3 (166).jpg,meningioma_tumor,Training/meningioma/Tr-me_429.jpg,1.0000
Training/meningioma_tumor/m3 (167).jpg,meningioma_tumor,Training/meningioma/Tr-me_606.jpg,1.0000
Training/meningioma_tumor/m3 (168).jpg,meningioma_tumor,Training/meningioma/Tr-me_355.jpg,1.0000
Training/meningioma_tumor/m3 (169).jpg,meningioma_tumor,Training/meningioma/Tr-me_84.jpg,1.0000
Training/meningioma_tumor/m3 (17).jpg,meningioma_tumor,Training/meningioma/Tr-me_875.jpg,1.0000
Training/meningioma_tumor/m3 (170).jpg,meningioma_tumor,Training/meningioma/Tr-me_759.jpg,1.0000
Training/meningioma_tumor/m3 (171).jpg,meningioma_tumor,Training/meningioma/Tr-me_912.jpg,1.0000
Training/meningioma_tumor/m3 (172).jpg,meningioma_tumor,Training/meningioma/Tr-me_874.jpg,1.0000
Training/meningioma_tumor/m3 (173).jpg,meningioma_tumor,Training/meningioma/Tr-me_1248.jpg,1.0000
Training/meningioma_tumor/m3 (174).jpg,meningioma_tumor,Training/meningioma/Tr-me_235.jpg,1.0000
Training/meningioma_tumor/m3 (175).jpg,meningioma_tumor,Training/meningioma/Tr-me_1229.jpg,1.0000
Training/meningioma_tumor/m3 (176).jpg,meningioma_tumor,Training/meningioma/Tr-me_613.jpg,1.0000
Training/meningioma_tumor/m3 (177).jpg,meningioma_tumor,Training/meningioma/Tr-me_870.jpg,1.0000
Training/meningioma_tumor/m3 (178).jpg,meningioma_tumor,Training/meningioma/Tr-me_18.jpg,1.0000
Training/meningioma_tumor/m3 (179).jpg,meningioma_tumor,Training/meningioma/Tr-me_780.jpg,1.0000
Training/meningioma_tumor/m3 (18).jpg,meningioma_tumor,Training/meningioma/Tr-me_1154.jpg,1.0000
Training/meningioma_tumor/m3 (180).jpg,meningioma_tumor,Training/meningioma/Tr-me_1138.jpg,1.0000
Training/meningioma_tumor/m3 (181).jpg,meningioma_tumor,Training/meningioma/Tr-me_224.jpg,1.0000
Training/meningioma_tumor/m3 (182).jpg,meningioma_tumor,Training/meningioma/Tr-me_854.jpg,1.0000
Training/meningioma_tumor/m3 (183).jpg,meningioma_tumor,Training/meningioma/Tr-me_441.jpg,1.0000
Training/meningioma_tumor/m3 (184).jpg,meningioma_tumor,Training/meningioma/Tr-me_459.jpg,1.0000
Training/meningioma_tumor/m3 (185).jpg,meningioma_tumor,Training/meningioma/Tr-me_229.jpg,1.0000
Training/meningioma_tumor/m3 (186).jpg,meningioma_tumor,Training/meningioma/Tr-me_299.jpg,1.0000
Training/meningioma_tumor/m3 (187).jpg,meningioma_tumor,Training/meningioma/Tr-me_1016.jpg,1.0000
Training/meningioma_tumor/m3 (188).jpg,meningioma_tumor,Training/meningioma/Tr-me_644.jpg,1.0000
Training/meningioma_tumor/m3 (189).jpg,meningioma_tumor,Training/meningioma/Tr-me_152.jpg,1.0000
Training/meningioma_tumor/m3 (19).jpg,meningioma_tumor,Training/meningioma/Tr-me_45.jpg,1.0000
Training/meningioma_tumor/m3 (190).jpg,meningioma_tumor,Training/meningioma/Tr-me_94.jpg,1.0000
Training/meningioma_tumor/m3 (191).jpg,meningioma_tumor,Training/meningioma/Tr-me_294.jpg,1.0000
Training/meningioma_tumor/m3 (192).jpg,meningioma_tumor,Training/meningioma/Tr-me_281.jpg,1.0000
Training/meningioma_tumor/m3 (193).jpg,meningioma_tumor,Training/meningioma/Tr-me_949.jpg,1.0000
Training/meningioma_tumor/m3 (194).jpg,meningioma_tumor,Training/meningioma/Tr-me_1126.jpg,1.0000
Training/meningioma_tumor/m3 (195).jpg,meningioma_tumor,Training/meningioma/Tr-me_164.jpg,1.0000
Training/meningioma_tumor/m3 (196).jpg,meningioma_tumor,Training/meningioma/Tr-me_498.jpg,1.0000
Training/meningioma_tumor/m3 (197).jpg,meningioma_tumor,Training/meningioma/Tr-me_1077.jpg,1.0000
Training/meningioma_tumor/m3 (198).jpg,meningioma_tumor,Training/meningioma/Tr-me_861.jpg,1.0000
Training/meningioma_tumor/m3 (199).jpg,meningioma_tumor,Training/meningioma/Tr-me_1090.jpg,1.0000
Training/meningioma_tumor/m3 (2).jpg,meningioma_tumor,Training/meningioma/Tr-me_63.jpg,1.0000
Training/meningioma_tumor/m3 (20).jpg,meningioma_tumor,Training/meningioma/Tr-me_1066.jpg,1.0000
Training/meningioma_tumor/m3 (200).jpg,meningioma_tumor,Training/meningioma/Tr-me_812.jpg,1.0000
Training/meningioma_tumor/m3 (201).jpg,meningioma_tumor,Training/meningioma/Tr-me_231.jpg,1.0000
Training/meningioma_tumor/m3 (202).jpg,meningioma_tumor,Training/meningioma/Tr-me_791.jpg,1.0000
Training/meningioma_tumor/m3 (203).jpg,meningioma_tumor,Training/meningioma/Tr-me_223.jpg,1.0000
Training/meningioma_tumor/m3 (204).jpg,meningioma_tumor,Training/meningioma/Tr-me_653.jpg,1.0000
Training/meningioma_tumor/m3 (205).jpg,meningioma_tumor,Training/meningioma/Tr-me_391.jpg,1.0000
Training/meningioma_tumor/m3 (206).jpg,meningioma_tumor,Training/meningioma/Tr-me_1183.jpg,1.0000
Training/meningioma_tumor/m3 (207).jpg,meningioma_tumor,Training/meningioma/Tr-me_1300.jpg,1.0000
Training/meningioma_tumor/m3 (208).jpg,meningioma_tumor,Training/meningioma/Tr-me_1117.jpg,1.0000
Training/meningioma_tumor/m3 (209).jpg,meningioma_tumor,Training/meningioma/Tr-me_822.jpg,1.0000
Training/meningioma_tumor/m3 (21).jpg,meningioma_tumor,Training/meningioma/Tr-me_632.jpg,1.0000
Training/meningioma_tumor/m3 (210).jpg,meningioma_tumor,Training/meningioma/Tr-me_334.jpg,1.0000
Training/meningioma_tumor/m3 (211).jpg,meningioma_tumor,Training/meningioma/Tr-me_581.jpg,1.0000
Training/meningioma_tumor/m3 (212).jpg,meningioma_tumor,Training/meningioma/Tr-me_509.jpg,1.0000
Training/meningioma_tumor/m3 (213).jpg,meningioma_tumor,Training/meningioma/Tr-me_608.jpg,1.0000
Training/meningioma_tumor/m3 (214).jpg,meningioma_tumor,Training/meningioma/Tr-me_809.jpg,1.0000
Training/meningioma_tumor/m3 (215).jpg,meningioma_tumor,Training/meningioma/Tr-me_1228.jpg,1.0000
Training/meningioma_tumor/m3 (216).jpg,meningioma_tumor,Training/meningioma/Tr-me_433.jpg,1.0000
Training/meningioma_tumor/m3 (217).jpg,meningioma_tumor,Training/meningioma/Tr-me_1264.jpg,1.0000
Training/meningioma_tumor/m3 (218).jpg,meningioma_tumor,Training/meningioma/Tr-me_1299.jpg,1.0000
Training/meningioma_tumor/m3 (219).jpg,meningioma_tumor,Training/meningioma/Tr-me_460.jpg,1.0000
Training/meningioma_tumor/m3 (22).jpg,meningioma_tumor,Training/meningioma/Tr-me_1177.jpg,1.0000
Training/meningioma_tumor/m3 (220).jpg,meningioma_tumor,Training/meningioma/Tr-me_1189.jpg,1.0000
Training/meningioma_tumor/m3 (221).jpg,meningioma_tumor,Training/meningioma/Tr-me_747.jpg,1.0000
Training/meningioma_tumor/m3 (222).jpg,meningioma_tumor,Training/meningioma/Tr-me_225.jpg,1.0000
Training/meningioma_tumor/m3 (223).jpg,meningioma_tumor,Training/meningioma/Tr-me_386.jpg,1.0000
Training/meningioma_tumor/m3 (224).jpg,meningioma_tumor,Training/meningioma/Tr-me_674.jpg,1.0000
Training/meningioma_tumor/m3 (225).jpg,meningioma_tumor,Training/meningioma/Tr-me_431.jpg,1.0000
Training/meningioma_tumor/m3 (226).jpg,meningioma_tumor,Training/meningioma/Tr-me_1070.jpg,1.0000
Training/meningioma_tumor/m3 (227).jpg,meningioma_tumor,Training/meningioma/Tr-me_682.jpg,1.0000
Training/meningioma_tumor/m3 (228).jpg,meningioma_tumor,Training/meningioma/Tr-me_619.jpg,1.0000
Training/meningioma_tumor/m3 (229).jpg,meningioma_tumor,Training/meningioma/Tr-me_988.jpg,1.0000
Training/meningioma_tumor/m3 (23).jpg,meningioma_tumor,Training/meningioma/Tr-me_1075.jpg,1.0000
Training/meningioma_tumor/m3 (230).jpg,meningioma_tumor,Training/meningioma/Tr-me_938.jpg,1.0000
Training/meningioma_tumor/m3 (231).jpg,meningioma_tumor,Training/meningioma/Tr-me_625.jpg,1.0000
Training/meningioma_tumor/m3 (232).jpg,meningioma_tumor,Training/meningioma/Tr-me_1150.jpg,1.0000
Training/meningioma_tumor/m3 (233).jpg,meningioma_tumor,Training/meningioma/Tr-me_732.jpg,1.0000
Training/meningioma_tumor/m3 (234).jpg,meningioma_tumor,Training/meningioma/Tr-me_1273.jpg,1.0000
Training/meningioma_tumor/m3 (235).jpg,meningioma_tumor,Training/meningioma/Tr-me_910.jpg,1.0000
Training/meningioma_tumor/m3 (236).jpg,meningioma_tumor,Training/meningioma/Tr-me_906.jpg,1.0000
Training/meningioma_tumor/m3 (237).jpg,meningioma_tumor,Training/meningioma/Tr-me_1114.jpg,1.0000
Training/meningioma_tumor/m3 (238).jpg,meningioma_tumor,Training/meningioma/Tr-me_798.jpg,1.0000
Training/meningioma_tumor/m3 (239).jpg,meningioma_tumor,Training/meningioma/Tr-me_797.jpg,1.0000
Training/meningioma_tumor/m3 (24).jpg,meningioma_tumor,Training/meningioma/Tr-me_251.jpg,1.0000
Training/meningioma_tumor/m3 (240).jpg,meningioma_tumor,Training/meningioma/Tr-me_739.jpg,1.0000
Training/meningioma_tumor/m3 (241).jpg,meningioma_tumor,Training/meningioma/Tr-me_668.jpg,1.0000
Training/meningioma_tumor/m3 (242).jpg,meningioma_tumor,Training/meningioma/Tr-me_890.jpg,1.0000
Training/meningioma_tumor/m3 (243).jpg,meningioma_tumor,Training/meningioma/Tr-me_359.jpg,1.0000
Training/meningioma_tumor/m3 (244).jpg,meningioma_tumor,Training/meningioma/Tr-me_698.jpg,1.0000
Training/meningioma_tumor/m3 (245).jpg,meningioma_tumor,Training/meningioma/Tr-me_462.jpg,1.0000
Training/meningioma_tumor/m3 (246).jpg,meningioma_tumor,Training/meningioma/Tr-me_599.jpg,1.0000
Training/meningioma_tumor/m3 (247).jpg,meningioma_tumor,Training/meningioma/Tr-me_544.jpg,1.0000
Training/meningioma_tumor/m3 (25).jpg,meningioma_tumor,Training/meningioma/Tr-me_254.jpg,1.0000
Training/meningioma_tumor/m3 (26).jpg,meningioma_tumor,Training/meningioma/Tr-me_539.jpg,1.0000
Training/meningioma_tumor/m3 (27).jpg,meningioma_tumor,Training/meningioma/Tr-me_1045.jpg,1.0000
Training/meningioma_tumor/m3 (28).jpg,meningioma_tumor,Training/meningioma/Tr-me_1268.jpg,1.0000
Training/meningioma_tumor/m3 (29).jpg,meningioma_tumor,Training/meningioma/Tr-me_578.jpg,1.0000
Training/meningioma_tumor/m3 (3).jpg,meningioma_tumor,Training/meningioma/Tr-me_402.jpg,1.0000
Training/meningioma_tumor/m3 (30).jpg,meningioma_tumor,Training/meningioma/Tr-me_7.jpg,1.0000
Training/meningioma_tumor/m3 (31).jpg,meningioma_tumor,Training/meningioma/Tr-me_1259.jpg,1.0000
Training/meningioma_tumor/m3 (32).jpg,meningioma_tumor,Training/meningioma/Tr-me_483.jpg,1.0000
Training/meningioma_tumor/m3 (33).jpg,meningioma_tumor,Training/meningioma/Tr-me_560.jpg,1.0000
Training/meningioma_tumor/m3 (34).jpg,meningioma_tumor,Training/meningioma/Tr-me_888.jpg,1.0000
Training/meningioma_tumor/m3 (35).jpg,meningioma_tumor,Training/meningioma/Tr-me_569.jpg,1.0000
Training/meningioma_tumor/m3 (36).jpg,meningioma_tumor,Training/meningioma/Tr-me_939.jpg,1.0000
Training/meningioma_tumor/m3 (37).jpg,meningioma_tumor,Training/meningioma/Tr-me_403.jpg,1.0000
Training/meningioma_tumor/m3 (38).jpg,meningioma_tumor,Training/meningioma/Tr-me_1085.jpg,1.0000
Training/meningioma_tumor/m3 (39).jpg,meningioma_tumor,Training/meningioma/Tr-me_749.jpg,1.0000
Training/meningioma_tumor/m3 (4).jpg,meningioma_tumor,Training/meningioma/Tr-me_143.jpg,1.0000
Training/meningioma_tumor/m3 (40).jpg,meningioma_tumor,Training/meningioma/Tr-me_1059.jpg,1.0000
Training/meningioma_tumor/m3 (41).jpg,meningioma_tumor,Training/meningioma/Tr-me_1149.jpg,1.0000
Training/meningioma_tumor/m3 (42).jpg,meningioma_tumor,Training/meningioma/Tr-me_217.jpg,1.0000
Training/meningioma_tumor/m3 (43).jpg,meningioma_tumor,Training/meningioma/Tr-me_438.jpg,1.0000
Training/meningioma_tumor/m3 (44).jpg,meningioma_tumor,Training/meningioma/Tr-me_764.jpg,1.0000
Training/meningioma_tumor/m3 (45).jpg,meningioma_tumor,Training/meningioma/Tr-me_933.jpg,1.0000
Training/meningioma_tumor/m3 (46).jpg,meningioma_tumor,Training/meningioma/Tr-me_1176.jpg,1.0000
Training/meningioma_tumor/m3 (47).jpg,meningioma_tumor,Training/meningioma/Tr-me_385.jpg,1.0000
Training/meningioma_tumor/m3 (48).jpg,meningioma_tumor,Training/meningioma/Tr-me_208.jpg,1.0000
Training/meningioma_tumor/m3 (49).jpg,meningioma_tumor,Training/meningioma/Tr-me_1.jpg,1.0000
Training/meningioma_tumor/m3 (5).jpg,meningioma_tumor,Training/meningioma/Tr-me_74.jpg,1.0000
Training/meningioma_tumor/m3 (50).jpg,meningioma_tumor,Training/meningioma/Tr-me_1147.jpg,1.0000
Training/meningioma_tumor/m3 (51).jpg,meningioma_tumor,Training/meningioma/Tr-me_502.jpg,1.0000
Training/meningioma_tumor/m3 (52).jpg,meningioma_tumor,Training/meningioma/Tr-me_733.jpg,1.0000
Training/meningioma_tumor/m3 (53).jpg,meningioma_tumor,Training/meningioma/Tr-me_174.jpg,1.0000
Training/meningioma_tumor/m3 (54).jpg,meningioma_tumor,Training/meningioma/Tr-me_931.jpg,1.0000
Training/meningioma_tumor/m3 (55).jpg,meningioma_tumor,Training/meningioma/Tr-me_39.jpg,1.0000
Training/meningioma_tumor/m3 (56).jpg,meningioma_tumor,Training/meningioma/Tr-me_671.jpg,1.0000
Training/meningioma_tumor/m3 (57).jpg,meningioma_tumor,Training/meningioma/Tr-me_243.jpg,1.0000
Training/meningioma_tumor/m3 (58).jpg,meningioma_tumor,Training/meningioma/Tr-me_114.jpg,1.0000
Training/meningioma_tumor/m3 (59).jpg,meningioma_tumor,Training/meningioma/Tr-me_873.jpg,1.0000
Training/meningioma_tumor/m3 (6).jpg,meningioma_tumor,Training/meningioma/Tr-me_848.jpg,1.0000
Training/meningioma_tumor/m3 (60).jpg,meningioma_tumor,Training/meningioma/Tr-me_232.jpg,1.0000
Training/meningioma_tumor/m3 (61).jpg,meningioma_tumor,Training/meningioma/Tr-me_1296.jpg,1.0000
Training/meningioma_tumor/m3 (62).jpg,meningioma_tumor,Training/meningioma/Tr-me_387.jpg,1.0000
Training/meningioma_tumor/m3 (63).jpg,meningioma_tumor,Training/meningioma/Tr-me_137.jpg,1.0000
Training/meningioma_tumor/m3 (64).jpg,meningioma_tumor,Training/meningioma/Tr-me_306.jpg,1.0000
Training/meningioma_tumor/m3 (65).jpg,meningioma_tumor,Training/meningioma/Tr-me_788.jpg,1.0000
Training/meningioma_tumor/m3 (66).jpg,meningioma_tumor,Training/meningioma/Tr-me_392.jpg,1.0000
Training/meningioma_tumor/m3 (67).jpg,meningioma_tumor,Training/meningioma/Tr-me_757.jpg,1.0000
Training/meningioma_tumor/m3 (68).jpg,meningioma_tumor,Training/meningioma/Tr-me_1157.jpg,1.0000
Training/meningioma_tumor/m3 (69).jpg,meningioma_tumor,Training/meningioma/Tr-me_452.jpg,1.0000
Training/meningioma_tumor/m3 (7).jpg,meningioma_tumor,Training/meningioma/Tr-me_519.jpg,1.0000
Training/meningioma_tumor/m3 (70).jpg,meningioma_tumor,Training/meningioma/Tr-me_430.jpg,1.0000
Training/meningioma_tumor/m3 (71).jpg,meningioma_tumor,Training/meningioma/Tr-me_272.jpg,1.0000
Training/meningioma_tumor/m3 (72).jpg,meningioma_tumor,Training/meningioma/Tr-me_1152.jpg,1.0000
Training/meningioma_tumor/m3 (73).jpg,meningioma_tumor,Training/meningioma/Tr-me_358.jpg,1.0000
Training/meningioma_tumor/m3 (74).jpg,meningioma_tumor,Training/meningioma/Tr-me_1190.jpg,1.0000
Training/meningioma_tumor/m3 (75).jpg,meningioma_tumor,Training/meningioma/Tr-me_148.jpg,1.0000
Training/meningioma_tumor/m3 (76).jpg,meningioma_tumor,Training/meningioma/Tr-me_107.jpg,1.0000
Training/meningioma_tumor/m3 (77).jpg,meningioma_tumor,Training/meningioma/Tr-me_676.jpg,1.0000
Training/meningioma_tumor/m3 (78).jpg,meningioma_tumor,Training/meningioma/Tr-me_701.jpg,1.0000
Training/meningioma_tumor/m3 (79).jpg,meningioma_tumor,Training/meningioma/Tr-me_1040.jpg,1.0000
Training/meningioma_tumor/m3 (8).jpg,meningioma_tumor,Training/meningioma/Tr-me_188.jpg,1.0000
Training/meningioma_tumor/m3 (80).jpg,meningioma_tumor,Training/meningioma/Tr-me_723.jpg,1.0000
Training/meningioma_tumor/m3 (81).jpg,meningioma_tumor,Training/meningioma/Tr-me_943.jpg,1.0000
Training/meningioma_tumor/m3 (82).jpg,meningioma_tumor,Training/meningioma/Tr-me_1048.jpg,1.0000
Training/meningioma_tumor/m3 (83).jpg,meningioma_tumor,Training/meningioma/Tr-me_47.jpg,1.0000
Training/meningioma_tumor/m3 (84).jpg,meningioma_tumor,Training/meningioma/Tr-me_240.jpg,1.0000
Training/meningioma_tumor/m3 (85).jpg,meningioma_tumor,Training/meningioma/Tr-me_999.jpg,1.0000
Training/meningioma_tumor/m3 (86).jpg,meningioma_tumor,Training/meningioma/Tr-me_1240.jpg,1.0000
Training/meningioma_tumor/m3 (87).jpg,meningioma_tumor,Training/meningioma/Tr-me_1162.jpg,1.0000
Training/meningioma_tumor/m3 (88).jpg,meningioma_tumor,Training/meningioma/Tr-me_378.jpg,1.0000
Training/meningioma_tumor/m3 (89).jpg,meningioma_tumor,Training/meningioma/Tr-me_517.jpg,1.0000
Training/meningioma_tumor/m3 (9).jpg,meningioma_tumor,Training/meningioma/Tr-me_699.jpg,1.0000
Training/meningioma_tumor/m3 (90).jpg,meningioma_tumor,Training/meningioma/Tr-me_656.jpg,1.0000
Training/meningioma_tumor/m3 (91).jpg,meningioma_tumor,Training/meningioma/Tr-me_1156.jpg,1.0000
Training/meningioma_tumor/m3 (92).jpg,meningioma_tumor,Training/meningioma/Tr-me_38.jpg,1.0000
Training/meningioma_tumor/m3 (93).jpg,meningioma_tumor,Training/meningioma/Tr-me_664.jpg,1.0000
Training/meningioma_tumor/m3 (94).jpg,meningioma_tumor,Training/meningioma/Tr-me_1071.jpg,1.0000
Training/meningioma_tumor/m3 (95).jpg,meningioma_tumor,Training/meningioma/Tr-me_248.jpg,1.0000
Training/meningioma_tumor/m3 (96).jpg,meningioma_tumor,Training/meningioma/Tr-me_1195.jpg,1.0000
Training/meningioma_tumor/m3 (97).jpg,meningioma_tumor,Training/meningioma/Tr-me_61.jpg,1.0000
Training/meningioma_tumor/m3 (98).jpg,meningioma_tumor,Training/meningioma/Tr-me_58.jpg,1.0000
Training/meningioma_tumor/m3 (99).jpg,meningioma_tumor,Training/meningioma/Tr-me_62.jpg,1.0000
Training/no_tumor/1.jpg,no_tumor,Training/notumor/Tr-no_897.jpg,1.0000
Training/no_tumor/2.jpg,no_tumor,Training/notumor/Tr-no_279.jpg,1.0000
Training/no_tumor/3.jpg,no_tumor,Training/notumor/Tr-no_880.jpg,1.0000
Training/no_tumor/4.jpg,no_tumor,Training/notumor/Tr-no_766.jpg,1.0000
Training/no_tumor/5.jpg,no_tumor,Training/notumor/Tr-no_1024.jpg,1.0000
Training/no_tumor/6.jpg,no_tumor,Training/notumor/Tr-no_1023.jpg,1.0000
Training/no_tumor/7.jpg,no_tumor,Training/notumor/Tr-no_435.jpg,1.0000
Training/no_tumor/8.jpg,no_tumor,Training/notumor/Tr-no_1187.jpg,1.0000
Training/no_tumor/image (10).jpg,no_tumor,Training/notumor/Tr-no_1342.jpg,1.0000
Training/no_tumor/image (11).jpg,no_tumor,Training/notumor/Tr-no_336.jpg,1.0000
Training/no_tumor/image (12).jpg,no_tumor,Training/notumor/Tr-no_610.jpg,1.0000
Training/no_tumor/image (13).jpg,no_tumor,Training/notumor/Tr-no_1062.jpg,1.0000
Training/no_tumor/image (14).jpg,no_tumor,Training/notumor/Tr-no_1062.jpg,1.0000
Training/no_tumor/image (15).jpg,no_tumor,Training/notumor/Tr-no_1039.jpg,1.0000
Training/no_tumor/image (16).jpg,no_tumor,Training/notumor/Tr-no_1039.jpg,1.0000
Training/no_tumor/image (17).jpg,no_tumor,Training/notumor/Tr-no_524.jpg,1.0000
Training/no_tumor/image (18).jpg,no_tumor,Training/notumor/Tr-no_433.jpg,1.0000
Training/no_tumor/image (19).jpg,no_tumor,Training/notumor/Tr-no_138.jpg,1.0000
Training/no_tumor/image (20).jpg,no_tumor,Training/notumor/Tr-no_58.jpg,1.0000
Training/no_tumor/image (21).jpg,no_tumor,Training/notumor/Tr-no_7.jpg,1.0000
Training/no_tumor/image (22).jpg,no_tumor,Training/notumor/Tr-no_1346.jpg,1.0000
Training/no_tumor/image (23).jpg,no_tumor,Training/notumor/Tr-no_712.jpg,1.0000
Training/no_tumor/image (24).jpg,no_tumor,Training/notumor/Tr-no_919.jpg,1.0000
Training/no_tumor/image (25).jpg,no_tumor,Training/notumor/Tr-no_1326.jpg,1.0000
Training/no_tumor/image (26).jpg,no_tumor,Training/notumor/Tr-no_1062.jpg,1.0000
Training/no_tumor/image (27).jpg,no_tumor,Training/notumor/Tr-no_1379.jpg,1.0000
Training/no_tumor/image (28).jpg,no_tumor,Training/notumor/Tr-no_1063.jpg,1.0000
Training/no_tumor/image (29).jpg,no_tumor,Training/notumor/Tr-no_1190.jpg,1.0000
Training/no_tumor/image (30).jpg,no_tumor,Training/notumor/Tr-no_304.jpg,1.0000
Training/no_tumor/image (31).jpg,no_tumor,Training/notumor/Tr-no_1023.jpg,1.0000
Training/no_tumor/image (32).jpg,no_tumor,Training/notumor/Tr-no_52.jpg,1.0000
Training/no_tumor/image (33).jpg,no_tumor,Training/notumor/Tr-no_649.jpg,1.0000
Training/no_tumor/image (34).jpg,no_tumor,Training/notumor/Tr-no_349.jpg,1.0000
Training/no_tumor/image (35).jpg,no_tumor,Training/notumor/Tr-no_1015.jpg,1.0000
Training/no_tumor/image (36).jpg,no_tumor,Training/notumor/Tr-no_1289.jpg,1.0000
Training/no_tumor/image (37).jpg,no_tumor,Training/notumor/Tr-no_1302.jpg,1.0000
Training/no_tumor/image (38).jpg,no_tumor,Training/notumor/Tr-no_1330.jpg,1.0000
Training/no_tumor/image (39).jpg,no_tumor,Training/notumor/Tr-no_1245.jpg,1.0000
Training/no_tumor/image (4).jpg,no_tumor,Training/notumor/Tr-no_59.jpg,1.0000
Training/no_tumor/image (40).jpg,no_tumor,Training/notumor/Tr-no_1083.jpg,1.0000
Training/no_tumor/image (41).jpg,no_tumor,Training/notumor/Tr-no_247.jpg,1.0000
Training/no_tumor/image (42).jpg,no_tumor,Training/notumor/Tr-no_147.jpg,1.0000
Training/no_tumor/image (43).jpg,no_tumor,Training/notumor/Tr-no_1194.jpg,1.0000
Training/no_tumor/image (44).jpg,no_tumor,Training/notumor/Tr-no_1169.jpg,1.0000
Training/no_tumor/image (45).jpg,no_tumor,Training/notumor/Tr-no_970.jpg,1.0000
Training/no_tumor/image (46).jpg,no_tumor,Training/notumor/Tr-no_1096.jpg,1.0000
Training/no_tumor/image (47).jpg,no_tumor,Training/notumor/Tr-no_1378.jpg,1.0000
Training/no_tumor/image (48).jpg,no_tumor,Training/notumor/Tr-no_362.jpg,1.0000
Training/no_tumor/image (49).jpg,no_tumor,Training/notumor/Tr-no_1004.jpg,1.0000
Training/no_tumor/image (5).jpg,no_tumor,Training/notumor/Tr-no_1354.jpg,1.0000
Training/no_tumor/image (50).jpg,no_tumor,Training/notumor/Tr-no_1180.jpg,1.0000
Training/no_tumor/image (51).jpg,no_tumor,Training/notumor/Tr-no_698.jpg,1.0000
Training/no_tumor/image (52).jpg,no_tumor,Training/notumor/Tr-no_1205.jpg,1.0000
Training/no_tumor/image (53).jpg,no_tumor,Training/notumor/Tr-no_1261.jpg,1.0000
Training/no_tumor/image (54).jpg,no_tumor,Training/notumor/Tr-no_1274.jpg,1.0000
Training/no_tumor/image (55).jpg,no_tumor,Training/notumor/Tr-no_638.jpg,1.0000
Training/no_tumor/image (56).jpg,no_tumor,Training/notumor/Tr-no_857.jpg,1.0000
Training/no_tumor/image (57).jpg,no_tumor,Training/notumor/Tr-no_813.jpg,1.0000
Training/no_tumor/image (58).jpg,no_tumor,Training/notumor/Tr-no_1319.jpg,1.0000
Training/no_tumor/image (59).jpg,no_tumor,Training/notumor/Tr-no_292.jpg,1.0000
Training/no_tumor/image (6).jpg,no_tumor,Training/notumor/Tr-no_1298.jpg,1.0000
Training/no_tumor/image (60).jpg,no_tumor,Training/notumor/Tr-no_832.jpg,1.0000
Training/no_tumor/image (61).jpg,no_tumor,Training/notumor/Tr-no_539.jpg,1.0000
Training/no_tumor/image (62).jpg,no_tumor,Training/notumor/Tr-no_3.jpg,1.0000
Training/no_tumor/image (63).jpg,no_tumor,Training/notumor/Tr-no_1295.jpg,1.0000
Training/no_tumor/image (64).jpg,no_tumor,Training/notumor/Tr-no_760.jpg,1.0000
Training/no_tumor/image (7).jpg,no_tumor,Training/notumor/Tr-no_442.jpg,1.0000
Training/no_tumor/image (8).jpg,no_tumor,Training/notumor/Tr-no_269.jpg,1.0000
Training/no_tumor/image (9).jpg,no_tumor,Training/notumor/Tr-no_1129.jpg,1.0000
Training/no_tumor/image(1).jpg,no_tumor,Training/notumor/Tr-no_1264.jpg,1.0000
Training/no_tumor/image(10).jpg,no_tumor,Training/notumor/Tr-no_978.jpg,1.0000
Training/no_tumor/image(100).jpg,no_tumor,Training/notumor/Tr-no_1351.jpg,1.0000
Training/no_tumor/image(101).jpg,no_tumor,Training/notumor/Tr-no_1398.jpg,1.0000
Training/no_tumor/image(102).jpg,no_tumor,Training/notumor/Tr-no_493.jpg,1.0000
Training/no_tumor/image(103).jpg,no_tumor,Training/notumor/Tr-no_1336.jpg,1.0000
Training/no_tumor/image(104).jpg,no_tumor,Training/notumor/Tr-no_1101.jpg,1.0000
Training/no_tumor/image(105).jpg,no_tumor,Training/notumor/Tr-no_1070.jpg,1.0000
Training/no_tumor/image(106).jpg,no_tumor,Training/notumor/Tr-no_1398.jpg,1.0000
Training/no_tumor/image(107).jpg,no_tumor,Training/notumor/Tr-no_493.jpg,1.0000
Training/no_tumor/image(108).jpg,no_tumor,Training/notumor/Tr-no_1336.jpg,1.0000
Training/no_tumor/image(11).jpg,no_tumor,Training/notumor/Tr-no_520.jpg,1.0000
Training/no_tumor/image(110).jpg,no_tumor,Training/notumor/Tr-no_1070.jpg,1.0000
Training/no_tumor/image(111).jpg,no_tumor,Training/notumor/Tr-no_654.jpg,1.0000
Training/no_tumor/image(112).jpg,no_tumor,Training/notumor/Tr-no_1271.jpg,1.0000
Training/no_tumor/image(113).jpg,no_tumor,Training/notumor/Tr-no_1097.jpg,1.0000
Training/no_tumor/image(114).jpg,no_tumor,Training/notumor/Tr-no_1172.jpg,1.0000
Training/no_tumor/image(115).jpg,no_tumor,Training/notumor/Tr-no_913.jpg,1.0000
Training/no_tumor/image(116).jpg,no_tumor,Training/notumor/Tr-no_346.jpg,1.0000
Training/no_tumor/image(117).jpg,no_tumor,Training/notumor/Tr-no_1048.jpg,1.0000
Training/no_tumor/image(118).jpg,no_tumor,Training/notumor/Tr-no_434.jpg,1.0000
Training/no_tumor/image(119).jpg,no_tumor,Training/notumor/Tr-no_436.jpg,1.0000
Training/no_tumor/image(12).jpg,no_tumor,Training/notumor/Tr-no_1285.jpg,1.0000
Training/no_tumor/image(120).jpg,no_tumor,Training/notumor/Tr-no_125.jpg,1.0000
Training/no_tumor/image(121).jpg,no_tumor,Training/notumor/Tr-no_782.jpg,1.0000
Training/no_tumor/image(122).jpg,no_tumor,Training/notumor/Tr-no_650.jpg,1.0000
Training/no_tumor/image(123).jpg,no_tumor,Training/notumor/Tr-no_1020.jpg,1.0000
Training/no_tumor/image(124).jpg,no_tumor,Training/notumor/Tr-no_616.jpg,1.0000
Training/no_tumor/image(125).jpg,no_tumor,Training/notumor/Tr-no_481.jpg,1.0000
Training/no_tumor/image(126).jpg,no_tumor,Training/notumor/Tr-no_1197.jpg,1.0000
Training/no_tumor/image(127).jpg,no_tumor,Training/notumor/Tr-no_1374.jpg,1.0000
Training/no_tumor/image(128).jpg,no_tumor,Training/notumor/Tr-no_274.jpg,1.0000
Training/no_tumor/image(129).jpg,no_tumor,Training/notumor/Tr-no_1171.jpg,1.0000
Training/no_tumor/image(130).jpg,no_tumor,Training/notumor/Tr-no_257.jpg,1.0000
Training/no_tumor/image(133).jpg,no_tumor,Training/notumor/Tr-no_1219.jpg,1.0000
Training/no_tumor/image(134).jpg,no_tumor,Training/notumor/Tr-no_233.jpg,1.0000
Training/no_tumor/image(135).jpg,no_tumor,Training/notumor/Tr-no_295.jpg,1.0000
Training/no_tumor/image(136).jpg,no_tumor,Training/notumor/Tr-no_365.jpg,1.0000
Training/no_tumor/image(137).jpg,no_tumor,Training/notumor/Tr-no_1115.jpg,1.0000
Training/no_tumor/image(138).jpg,no_tumor,Training/notumor/Tr-no_1079.jpg,1.0000
Training/no_tumor/image(139).jpg,no_tumor,Training/notumor/Tr-no_1105.jpg,1.0000
Training/no_tumor/image(14).jpg,no_tumor,Training/notumor/Tr-no_822.jpg,1.0000
Training/no_tumor/image(140).jpg,no_tumor,Training/notumor/Tr-no_523.jpg,1.0000
Training/no_tumor/image(141).jpg,no_tumor,Training/notumor/Tr-no_161.jpg,1.0000
Training/no_tumor/image(142).jpg,no_tumor,Training/notumor/Tr-no_168.jpg,1.0000
Training/no_tumor/image(143).jpg,no_tumor,Training/notumor/Tr-no_112.jpg,1.0000
Training/no_tumor/image(144).jpg,no_tumor,Training/notumor/Tr-no_1267.jpg,1.0000
Training/no_tumor/image(145).jpg,no_tumor,Training/notumor/Tr-no_750.jpg,1.0000
Training/no_tumor/image(146).jpg,no_tumor,Training/notumor/Tr-no_1154.jpg,1.0000
Training/no_tumor/image(147).jpg,no_tumor,Training/notumor/Tr-no_30.jpg,1.0000
Training/no_tumor/image(148).jpg,no_tumor,Training/notumor/Tr-no_750.jpg,1.0000
Training/no_tumor/image(149).jpg,no_tumor,Training/notumor/Tr-no_1267.jpg,1.0000
Training/no_tumor/image(15).jpg,no_tumor,Training/notumor/Tr-no_196.jpg,1.0000
Training/no_tumor/image(150).jpg,no_tumor,Training/notumor/Tr-no_1154.jpg,1.0000
Training/no_tumor/image(151).jpg,no_tumor,Training/notumor/Tr-no_1344.jpg,1.0000
Training/no_tumor/image(152).jpg,no_tumor,Training/notumor/Tr-no_289.jpg,1.0000
Training/no_tumor/image(153).jpg,no_tumor,Training/notumor/Tr-no_250.jpg,1.0000
Training/no_tumor/image(154).jpg,no_tumor,Training/notumor/Tr-no_327.jpg,1.0000
Training/no_tumor/image(155).jpg,no_tumor,Training/notumor/Tr-no_168.jpg,1.0000
Training/no_tumor/image(156).jpg,no_tumor,Training/notumor/Tr-no_112.jpg,1.0000
Training/no_tumor/image(157).jpg,no_tumor,Training/notumor/Tr-no_738.jpg,1.0000
Training/no_tumor/image(158).jpg,no_tumor,Training/notumor/Tr-no_1016.jpg,1.0000
Training/no_tumor/image(159).jpg,no_tumor,Training/notumor/Tr-no_1305.jpg,1.0000
Training/no_tumor/image(16).jpg,no_tumor,Training/notumor/Tr-no_408.jpg,1.0000
Training/no_tumor/image(160).jpg,no_tumor,Training/notumor/Tr-no_1267.jpg,1.0000
Training/no_tumor/image(161).jpg,no_tumor,Training/notumor/Tr-no_250.jpg,1.0000
Training/no_tumor/image(162).jpg,no_tumor,Training/notumor/Tr-no_258.jpg,1.0000
Training/no_tumor/image(163).jpg,no_tumor,Training/notumor/Tr-no_134.jpg,1.0000
Training/no_tumor/image(164).jpg,no_tumor,Training/notumor/Tr-no_1145.jpg,1.0000
Training/no_tumor/image(165).jpg,no_tumor,Training/notumor/Tr-no_670.jpg,1.0000
Training/no_tumor/image(166).jpg,no_tumor,Training/notumor/Tr-no_447.jpg,1.0000
Training/no_tumor/image(167).jpg,no_tumor,Training/notumor/Tr-no_447.jpg,1.0000
Training/no_tumor/image(168).jpg,no_tumor,Training/notumor/Tr-no_194.jpg,1.0000
Training/no_tumor/image(169).jpg,no_tumor,Training/notumor/Tr-no_1244.jpg,1.0000
Training/no_tumor/image(17).jpg,no_tumor,Training/notumor/Tr-no_389.jpg,1.0000
Training/no_tumor/image(171).jpg,no_tumor,Training/notumor/Tr-no_559.jpg,1.0000
Training/no_tumor/image(172).jpg,no_tumor,Training/notumor/Tr-no_447.jpg,1.0000
Training/no_tumor/image(173).jpg,no_tumor,Training/notumor/Tr-no_1085.jpg,1.0000
Training/no_tumor/image(174).jpg,no_tumor,Training/notumor/Tr-no_280.jpg,1.0000
Training/no_tumor/image(175).jpg,no_tumor,Training/notumor/Tr-no_588.jpg,1.0000
Training/no_tumor/image(176).jpg,no_tumor,Training/notumor/Tr-no_1316.jpg,1.0000
Training/no_tumor/image(177).jpg,no_tumor,Training/notumor/Tr-no_421.jpg,1.0000
Training/no_tumor/image(178).jpg,no_tumor,Training/notumor/Tr-no_459.jpg,1.0000
Training/no_tumor/image(179).jpg,no_tumor,Training/notumor/Tr-no_1011.jpg,1.0000
Training/no_tumor/image(18).jpg,no_tumor,Training/notumor/Tr-no_244.jpg,1.0000
Training/no_tumor/image(180).jpg,no_tumor,Training/notumor/Tr-no_721.jpg,1.0000
Training/no_tumor/image(181).jpg,no_tumor,Training/notumor/Tr-no_1079.jpg,1.0000
Training/no_tumor/image(182).jpg,no_tumor,Training/notumor/Tr-no_1095.jpg,1.0000
Training/no_tumor/image(183).jpg,no_tumor,Training/notumor/Tr-no_1240.jpg,1.0000
Training/no_tumor/image(184).jpg,no_tumor,Training/notumor/Tr-no_245.jpg,1.0000
Training/no_tumor/image(185).jpg,no_tumor,Training/notumor/Tr-no_531.jpg,1.0000
Training/no_tumor/image(186).jpg,no_tumor,Training/notumor/Tr-no_1085.jpg,1.0000
Training/no_tumor/image(187).jpg,no_tumor,Training/notumor/Tr-no_1126.jpg,1.0000
Training/no_tumor/image(188).jpg,no_tumor,Training/notumor/Tr-no_1281.jpg,1.0000
Training/no_tumor/image(189).jpg,no_tumor,Training/notumor/Tr-no_15.jpg,1.0000
Training/no_tumor/image(19).jpg,no_tumor,Training/notumor/Tr-no_34.jpg,1.0000
Training/no_tumor/image(190).jpg,no_tumor,Training/notumor/Tr-no_1061.jpg,1.0000
Training/no_tumor/image(191).jpg,no_tumor,Training/notumor/Tr-no_518.jpg,1.0000
Training/no_tumor/image(192).jpg,no_tumor,Training/notumor/Tr-no_1395.jpg,1.0000
Training/no_tumor/image(193).jpg,no_tumor,Training/notumor/Tr-no_814.jpg,1.0000
Training/no_tumor/image(194).jpg,no_tumor,Training/notumor/Tr-no_907.jpg,1.0000
Training/no_tumor/image(195).jpg,no_tumor,Training/notumor/Tr-no_933.jpg,1.0000
Training/no_tumor/image(196).jpg,no_tumor,Training/notumor/Tr-no_666.jpg,1.0000
Training/no_tumor/image(197).jpg,no_tumor,Training/notumor/Tr-no_186.jpg,1.0000
Training/no_tumor/image(198).jpg,no_tumor,Training/notumor/Tr-no_706.jpg,1.0000
Training/no_tumor/image(199).jpg,no_tumor,Training/notumor/Tr-no_1290.jpg,1.0000
Training/no_tumor/image(2).jpg,no_tumor,Training/notumor/Tr-no_763.jpg,1.0000
Training/no_tumor/image(20).jpg,no_tumor,Training/notumor/Tr-no_813.jpg,1.0000
Training/no_tumor/image(200).jpg,no_tumor,Training/notumor/Tr-no_1374.jpg,1.0000
Training/no_tumor/image(201).jpg,no_tumor,Training/notumor/Tr-no_1244.jpg,1.0000
Training/no_tumor/image(202).jpg,no_tumor,Training/notumor/Tr-no_73.jpg,1.0000
Training/no_tumor/image(203).jpg,no_tumor,Training/notumor/Tr-no_1073.jpg,1.0000
Training/no_tumor/image(204).jpg,no_tumor,Training/notumor/Tr-no_725.jpg,1.0000
Training/no_tumor/image(205).jpg,no_tumor,Training/notumor/Tr-no_844.jpg,1.0000
Training/no_tumor/image(206).jpg,no_tumor,Training/notumor/Tr-no_1203.jpg,1.0000
Training/no_tumor/image(207).jpg,no_tumor,Training/notumor/Tr-no_155.jpg,1.0000
Training/no_tumor/image(208).jpg,no_tumor,Training/notumor/Tr-no_933.jpg,1.0000
Training/no_tumor/image(209).jpg,no_tumor,Training/notumor/Tr-no_1333.jpg,1.0000
Training/no_tumor/image(21).jpg,no_tumor,Training/notumor/Tr-no_261.jpg,1.0000
Training/no_tumor/image(210).jpg,no_tumor,Training/notumor/Tr-no_454.jpg,1.0000
Training/no_tumor/image(211).jpg,no_tumor,Training/notumor/Tr-no_116.jpg,1.0000
Training/no_tumor/image(213).jpg,no_tumor,Training/notumor/Tr-no_1051.jpg,1.0000
Training/no_tumor/image(214).jpg,no_tumor,Training/notumor/Tr-no_737.jpg,1.0000
Training/no_tumor/image(215).jpg,no_tumor,Training/notumor/Tr-no_224.jpg,1.0000
Training/no_tumor/image(216).jpg,no_tumor,Training/notumor/Tr-no_998.jpg,1.0000
Training/no_tumor/image(217).jpg,no_tumor,Training/notumor/Tr-no_499.jpg,1.0000
Training/no_tumor/image(219).jpg,no_tumor,Training/notumor/Tr-no_705.jpg,1.0000
Training/no_tumor/image(22).jpg,no_tumor,Training/notumor/Tr-no_684.jpg,1.0000
Training/no_tumor/image(220).jpg,no_tumor,Training/notumor/Tr-no_198.jpg,1.0000
Training/no_tumor/image(221).jpg,no_tumor,Training/notumor/Tr-no_562.jpg,1.0000
Training/no_tumor/image(222).jpg,no_tumor,Training/notumor/Tr-no_1291.jpg,1.0000
Training/no_tumor/image(223).jpg,no_tumor,Training/notumor/Tr-no_150.jpg,1.0000
Training/no_tumor/image(224).jpg,no_tumor,Training/notumor/Tr-no_905.jpg,1.0000
Training/no_tumor/image(225).jpg,no_tumor,Training/notumor/Tr-no_428.jpg,1.0000
Training/no_tumor/image(226).jpg,no_tumor,Training/notumor/Tr-no_686.jpg,1.0000
Training/no_tumor/image(227).jpg,no_tumor,Training/notumor/Tr-no_305.jpg,1.0000
Training/no_tumor/image(228).jpg,no_tumor,Training/notumor/Tr-no_899.jpg,1.0000
Training/no_tumor/image(229).jpg,no_tumor,Training/notumor/Tr-no_1090.jpg,1.0000
Training/no_tumor/image(23).jpg,no_tumor,Training/notumor/Tr-no_325.jpg,1.0000
Training/no_tumor/image(230).jpg,no_tumor,Training/notumor/Tr-no_1352.jpg,1.0000
Training/no_tumor/image(231).jpg,no_tumor,Training/notumor/Tr-no_1208.jpg,1.0000
Training/no_tumor/image(232).jpg,no_tumor,Training/notumor/Tr-no_1021.jpg,1.0000
Training/no_tumor/image(233).jpg,no_tumor,Training/notumor/Tr-no_1201.jpg,1.0000
Training/no_tumor/image(234).jpg,no_tumor,Training/notumor/Tr-no_40.jpg,1.0000
Training/no_tumor/image(235).jpg,no_tumor,Training/notumor/Tr-no_116.jpg,1.0000
Training/no_tumor/image(236).jpg,no_tumor,Training/notumor/Tr-no_1109.jpg,1.0000
Training/no_tumor/image(237).jpg,no_tumor,Training/notumor/Tr-no_358.jpg,1.0000
Training/no_tumor/image(238).jpg,no_tumor,Training/notumor/Tr-no_559.jpg,1.0000
Training/no_tumor/image(239).jpg,no_tumor,Training/notumor/Tr-no_1145.jpg,1.0000
Training/no_tumor/image(24).jpg,no_tumor,Training/notumor/Tr-no_857.jpg,1.0000
Training/no_tumor/image(240).jpg,no_tumor,Training/notumor/Tr-no_473.jpg,1.0000
Training/no_tumor/image(241).jpg,no_tumor,Training/notumor/Tr-no_577.jpg,1.0000
Training/no_tumor/image(242).jpg,no_tumor,Training/notumor/Tr-no_388.jpg,1.0000
Training/no_tumor/image(243).jpg,no_tumor,Training/notumor/Tr-no_451.jpg,1.0000
Training/no_tumor/image(244).jpg,no_tumor,Training/notumor/Tr-no_1051.jpg,1.0000
Training/no_tumor/image(245).jpg,no_tumor,Training/notumor/Tr-no_218.jpg,1.0000
Training/no_tumor/image(246).jpg,no_tumor,Training/notumor/Tr-no_1062.jpg,1.0000
Training/no_tumor/image(247).jpg,no_tumor,Training/notumor/Tr-no_881.jpg,1.0000
Training/no_tumor/image(248).jpg,no_tumor,Training/notumor/Tr-no_462.jpg,1.0000
Training/no_tumor/image(249).jpg,no_tumor,Training/notumor/Tr-no_1288.jpg,1.0000
Training/no_tumor/image(25).jpg,no_tumor,Training/notumor/Tr-no_261.jpg,1.0000
Training/no_tumor/image(250).jpg,no_tumor,Training/notumor/Tr-no_1309.jpg,1.0000
Training/no_tumor/image(251).jpg,no_tumor,Training/notumor/Tr-no_421.jpg,1.0000
Training/no_tumor/image(252).jpg,no_tumor,Training/notumor/Tr-no_1140.jpg,1.0000
Training/no_tumor/image(253).jpg,no_tumor,Training/notumor/Tr-no_1288.jpg,1.0000
Training/no_tumor/image(254).jpg,no_tumor,Training/notumor/Tr-no_445.jpg,1.0000
Training/no_tumor/image(255).jpg,no_tumor,Training/notumor/Tr-no_1000.jpg,1.0000
Training/no_tumor/image(256).jpg,no_tumor,Training/notumor/Tr-no_1085.jpg,1.0000
Training/no_tumor/image(257).jpg,no_tumor,Training/notumor/Tr-no_31.jpg,1.0000
Training/no_tumor/image(258).jpg,no_tumor,Training/notumor/Tr-no_1179.jpg,1.0000
Training/no_tumor/image(259).jpg,no_tumor,Training/notumor/Tr-no_356.jpg,1.0000
Training/no_tumor/image(26).jpg,no_tumor,Training/notumor/Tr-no_407.jpg,1.0000
Training/no_tumor/image(260).jpg,no_tumor,Training/notumor/Tr-no_115.jpg,1.0000
Training/no_tumor/image(261).jpg,no_tumor,Training/notumor/Tr-no_455.jpg,1.0000
Training/no_tumor/image(262).jpg,no_tumor,Training/notumor/Tr-no_376.jpg,1.0000
Training/no_tumor/image(263).jpg,no_tumor,Training/notumor/Tr-no_608.jpg,1.0000
Training/no_tumor/image(264).jpg,no_tumor,Training/notumor/Tr-no_533.jpg,1.0000
Training/no_tumor/image(265).jpg,no_tumor,Training/notumor/Tr-no_1366.jpg,1.0000
Training/no_tumor/image(266).jpg,no_tumor,Training/notumor/Tr-no_190.jpg,1.0000
Training/no_tumor/image(268).jpg,no_tumor,Training/notumor/Tr-no_487.jpg,1.0000
Training/no_tumor/image(269).jpg,no_tumor,Training/notumor/Tr-no_1331.jpg,1.0000
Training/no_tumor/image(27).jpg,no_tumor,Training/notumor/Tr-no_408.jpg,1.0000
Training/no_tumor/image(270).jpg,no_tumor,Training/notumor/Tr-no_90.jpg,1.0000
Training/no_tumor/image(271).jpg,no_tumor,Training/notumor/Tr-no_1111.jpg,1.0000
Training/no_tumor/image(272).jpg,no_tumor,Training/notumor/Tr-no_298.jpg,1.0000
Training/no_tumor/image(273).jpg,no_tumor,Training/notumor/Tr-no_506.jpg,1.0000
Training/no_tumor/image(274).jpg,no_tumor,Training/notumor/Tr-no_1007.jpg,1.0000
Training/no_tumor/image(275).jpg,no_tumor,Training/notumor/Tr-no_1329.jpg,1.0000
Training/no_tumor/image(276).jpg,no_tumor,Training/notumor/Tr-no_315.jpg,1.0000
Training/no_tumor/image(277).jpg,no_tumor,Training/notumor/Tr-no_20.jpg,1.0000
Training/no_tumor/image(278).jpg,no_tumor,Training/notumor/Tr-no_602.jpg,1.0000
Training/no_tumor/image(279).jpg,no_tumor,Training/notumor/Tr-no_1140.jpg,1.0000
Training/no_tumor/image(28).jpg,no_tumor,Training/notumor/Tr-no_857.jpg,1.0000
Training/no_tumor/image(280).jpg,no_tumor,Training/notumor/Tr-no_535.jpg,1.0000
Training/no_tumor/image(281).jpg,no_tumor,Training/notumor/Tr-no_315.jpg,1.0000
Training/no_tumor/image(282).jpg,no_tumor,Training/notumor/Tr-no_307.jpg,1.0000
Training/no_tumor/image(283).jpg,no_tumor,Training/notumor/Tr-no_1318.jpg,1.0000
Training/no_tumor/image(284).jpg,no_tumor,Training/notumor/Tr-no_1056.jpg,1.0000
Training/no_tumor/image(285).jpg,no_tumor,Training/notumor/Tr-no_1334.jpg,1.0000
Training/no_tumor/image(286).jpg,no_tumor,Training/notumor/Tr-no_796.jpg,1.0000
Training/no_tumor/image(287).jpg,no_tumor,Training/notumor/Tr-no_224.jpg,1.0000
Training/no_tumor/image(288).jpg,no_tumor,Training/notumor/Tr-no_1390.jpg,1.0000
Training/no_tumor/image(289).jpg,no_tumor,Training/notumor/Tr-no_871.jpg,1.0000
Training/no_tumor/image(29).jpg,no_tumor,Training/notumor/Tr-no_261.jpg,1.0000
Training/no_tumor/image(290).jpg,no_tumor,Training/notumor/Tr-no_540.jpg,1.0000
Training/no_tumor/image(291).jpg,no_tumor,Training/notumor/Tr-no_1077.jpg,1.0000
Training/no_tumor/image(292).jpg,no_tumor,Training/notumor/Tr-no_559.jpg,1.0000
Training/no_tumor/image(293).jpg,no_tumor,Training/notumor/Tr-no_486.jpg,1.0000
Training/no_tumor/image(294).jpg,no_tumor,Training/notumor/Tr-no_43.jpg,1.0000
Training/no_tumor/image(295).jpg,no_tumor,Training/notumor/Tr-no_1025.jpg,1.0000
Training/no_tumor/image(296).jpg,no_tumor,Training/notumor/Tr-no_1136.jpg,1.0000
Training/no_tumor/image(297).jpg,no_tumor,Training/notumor/Tr-no_1357.jpg,1.0000
Training/no_tumor/image(298).jpg,no_tumor,Training/notumor/Tr-no_166.jpg,1.0000
Training/no_tumor/image(299).jpg,no_tumor,Training/notumor/Tr-no_525.jpg,1.0000
Training/no_tumor/image(3).jpg,no_tumor,Training/notumor/Tr-no_344.jpg,1.0000
Training/no_tumor/image(30).jpg,no_tumor,Training/notumor/Tr-no_813.jpg,1.0000
Training/no_tumor/image(300).jpg,no_tumor,Training/notumor/Tr-no_1118.jpg,1.0000
Training/no_tumor/image(301).jpg,no_tumor,Training/notumor/Tr-no_658.jpg,1.0000
Training/no_tumor/image(302).jpg,no_tumor,Training/notumor/Tr-no_219.jpg,1.0000
Training/no_tumor/image(303).jpg,no_tumor,Training/notumor/Tr-no_879.jpg,1.0000
Training/no_tumor/image(304).jpg,no_tumor,Training/notumor/Tr-no_214.jpg,1.0000
Training/no_tumor/image(305).jpg,no_tumor,Training/notumor/Tr-no_1248.jpg,1.0000
Training/no_tumor/image(306).jpg,no_tumor,Training/notumor/Tr-no_1062.jpg,1.0000
Training/no_tumor/image(307).jpg,no_tumor,Training/notumor/Tr-no_208.jpg,1.0000
Training/no_tumor/image(308).jpg,no_tumor,Training/notumor/Tr-no_171.jpg,1.0000
Training/no_tumor/image(309).jpg,no_tumor,Training/notumor/Tr-no_128.jpg,1.0000
Training/no_tumor/image(31).jpg,no_tumor,Training/notumor/Tr-no_537.jpg,1.0000
Training/no_tumor/image(310).jpg,no_tumor,Training/notumor/Tr-no_417.jpg,1.0000
Training/no_tumor/image(311).jpg,no_tumor,Training/notumor/Tr-no_673.jpg,1.0000
Training/no_tumor/image(312).jpg,no_tumor,Training/notumor/Tr-no_180.jpg,1.0000
Training/no_tumor/image(313).jpg,no_tumor,Training/notumor/Tr-no_215.jpg,1.0000
Training/no_tumor/image(314).jpg,no_tumor,Training/notumor/Tr-no_1031.jpg,1.0000
Training/no_tumor/image(315).jpg,no_tumor,Training/notumor/Tr-no_423.jpg,1.0000
Training/no_tumor/image(316).jpg,no_tumor,Training/notumor/Tr-no_1036.jpg,1.0000
Training/no_tumor/image(317).jpg,no_tumor,Training/notumor/Tr-no_363.jpg,1.0000
Training/no_tumor/image(318).jpg,no_tumor,Training/notumor/Tr-no_1110.jpg,1.0000
Training/no_tumor/image(319).jpg,no_tumor,Training/notumor/Tr-no_248.jpg,1.0000
Training/no_tumor/image(32).jpg,no_tumor,Training/notumor/Tr-no_702.jpg,1.0000
Training/no_tumor/image(320).jpg,no_tumor,Training/notumor/Tr-no_505.jpg,1.0000
Training/no_tumor/image(321).jpg,no_tumor,Training/notumor/Tr-no_482.jpg,1.0000
Training/no_tumor/image(322).jpg,no_tumor,Training/notumor/Tr-no_14.jpg,1.0000
Training/no_tumor/image(323).jpg,no_tumor,Training/notumor/Tr-no_1393.jpg,1.0000
Training/no_tumor/image(324).jpg,no_tumor,Training/notumor/Tr-no_1397.jpg,1.0000
Training/no_tumor/image(325).jpg,no_tumor,Training/notumor/Tr-no_240.jpg,1.0000
Training/no_tumor/image(326).jpg,no_tumor,Training/notumor/Tr-no_816.jpg,1.0000
Training/no_tumor/image(327).jpg,no_tumor,Training/notumor/Tr-no_222.jpg,1.0000
Training/no_tumor/image(33).jpg,no_tumor,Training/notumor/Tr-no_100.jpg,1.0000
Training/no_tumor/image(34).jpg,no_tumor,Training/notumor/Tr-no_1307.jpg,1.0000
Training/no_tumor/image(35).jpg,no_tumor,Training/notumor/Tr-no_813.jpg,1.0000
Training/no_tumor/image(36).jpg,no_tumor,Training/notumor/Tr-no_1295.jpg,1.0000
Training/no_tumor/image(37).jpg,no_tumor,Training/notumor/Tr-no_959.jpg,1.0000
Training/no_tumor/image(38).jpg,no_tumor,Training/notumor/Tr-no_1149.jpg,1.0000
Training/no_tumor/image(39).jpg,no_tumor,Training/notumor/Tr-no_783.jpg,1.0000
Training/no_tumor/image(4).jpg,no_tumor,Training/notumor/Tr-no_745.jpg,1.0000
Training/no_tumor/image(40).jpg,no_tumor,Training/notumor/Tr-no_786.jpg,1.0000
Training/no_tumor/image(41).jpg,no_tumor,Training/notumor/Tr-no_698.jpg,1.0000
Training/no_tumor/image(42).jpg,no_tumor,Training/notumor/Tr-no_857.jpg,1.0000
Training/no_tumor/image(43).jpg,no_tumor,Training/notumor/Tr-no_522.jpg,1.0000
Training/no_tumor/image(44).jpg,no_tumor,Training/notumor/Tr-no_3.jpg,1.0000
Training/no_tumor/image(45).jpg,no_tumor,Training/notumor/Tr-no_1148.jpg,1.0000
Training/no_tumor/image(46).jpg,no_tumor,Training/notumor/Tr-no_1295.jpg,1.0000
Training/no_tumor/image(47).jpg,no_tumor,Training/notumor/Tr-no_674.jpg,1.0000
Training/no_tumor/image(48).jpg,no_tumor,Training/notumor/Tr-no_1264.jpg,1.0000
Training/no_tumor/image(49).jpg,no_tumor,Training/notumor/Tr-no_416.jpg,1.0000
Training/no_tumor/image(5).jpg,no_tumor,Training/notumor/Tr-no_579.jpg,1.0000
Training/no_tumor/image(50).jpg,no_tumor,Training/notumor/Tr-no_325.jpg,1.0000
Training/no_tumor/image(51).jpg,no_tumor,Training/notumor/Tr-no_519.jpg,1.0000
Training/no_tumor/image(52).jpg,no_tumor,Training/notumor/Tr-no_173.jpg,1.0000
Training/no_tumor/image(53).jpg,no_tumor,Training/notumor/Tr-no_559.jpg,1.0000
Training/no_tumor/image(54).jpg,no_tumor,Training/notumor/Tr-no_1285.jpg,1.0000
Training/no_tumor/image(55).jpg,no_tumor,Training/notumor/Tr-no_1180.jpg,1.0000
Training/no_tumor/image(56).jpg,no_tumor,Training/notumor/Tr-no_698.jpg,1.0000
Training/no_tumor/image(57).jpg,no_tumor,Training/notumor/Tr-no_1067.jpg,1.0000
Training/no_tumor/image(58).jpg,no_tumor,Training/notumor/Tr-no_719.jpg,1.0000
Training/no_tumor/image(59).jpg,no_tumor,Training/notumor/Tr-no_857.jpg,1.0000
Training/no_tumor/image(6).jpg,no_tumor,Training/notumor/Tr-no_1317.jpg,1.0000
Training/no_tumor/image(60).jpg,no_tumor,Training/notumor/Tr-no_1205.jpg,1.0000
Training/no_tumor/image(61).jpg,no_tumor,Training/notumor/Tr-no_1065.jpg,1.0000
Training/no_tumor/image(62).jpg,no_tumor,Training/notumor/Tr-no_383.jpg,1.0000
Training/no_tumor/image(63).jpg,no_tumor,Training/notumor/Tr-no_300.jpg,1.0000
Training/no_tumor/image(64).jpg,no_tumor,Training/notumor/Tr-no_1242.jpg,1.0000
Training/no_tumor/image(65).jpg,no_tumor,Training/notumor/Tr-no_174.jpg,1.0000
Training/no_tumor/image(66).jpg,no_tumor,Training/notumor/Tr-no_1003.jpg,1.0000
Training/no_tumor/image(67).jpg,no_tumor,Training/notumor/Tr-no_700.jpg,1.0000
Training/no_tumor/image(68).jpg,no_tumor,Training/notumor/Tr-no_123.jpg,1.0000
Training/no_tumor/image(69).jpg,no_tumor,Training/notumor/Tr-no_28.jpg,1.0000
Training/no_tumor/image(7).jpg,no_tumor,Training/notumor/Tr-no_783.jpg,1.0000
Training/no_tumor/image(70).jpg,no_tumor,Training/notumor/Tr-no_977.jpg,1.0000
Training/no_tumor/image(71).jpg,no_tumor,Training/notumor/Tr-no_872.jpg,1.0000
Training/no_tumor/image(72).jpg,no_tumor,Training/notumor/Tr-no_1154.jpg,1.0000
Training/no_tumor/image(73).jpg,no_tumor,Training/notumor/Tr-no_112.jpg,1.0000
Training/no_tumor/image(74).jpg,no_tumor,Training/notumor/Tr-no_591.jpg,1.0000
Training/no_tumor/image(75).jpg,no_tumor,Training/notumor/Tr-no_1154.jpg,1.0000
Training/no_tumor/image(76).jpg,no_tumor,Training/notumor/Tr-no_112.jpg,1.0000
Training/no_tumor/image(77).jpg,no_tumor,Training/notumor/Tr-no_1016.jpg,1.0000
Training/no_tumor/image(78).jpg,no_tumor,Training/notumor/Tr-no_1394.jpg,1.0000
Training/no_tumor/image(79).jpg,no_tumor,Training/notumor/Tr-no_1348.jpg,1.0000
Training/no_tumor/image(8).jpg,no_tumor,Training/notumor/Tr-no_698.jpg,1.0000
Training/no_tumor/image(80).jpg,no_tumor,Training/notumor/Tr-no_1160.jpg,1.0000
Training/no_tumor/image(81).jpg,no_tumor,Training/notumor/Tr-no_865.jpg,1.0000
Training/no_tumor/image(82).jpg,no_tumor,Training/notumor/Tr-no_299.jpg,1.0000
Training/no_tumor/image(83).jpg,no_tumor,Training/notumor/Tr-no_1059.jpg,1.0000
Training/no_tumor/image(84).jpg,no_tumor,Training/notumor/Tr-no_1019.jpg,1.0000
Training/no_tumor/image(85).jpg,no_tumor,Training/notumor/Tr-no_1186.jpg,1.0000
Training/no_tumor/image(86).jpg,no_tumor,Training/notumor/Tr-no_496.jpg,1.0000
Training/no_tumor/image(87).jpg,no_tumor,Training/notumor/Tr-no_1080.jpg,1.0000
Training/no_tumor/image(88).jpg,no_tumor,Training/notumor/Tr-no_144.jpg,1.0000
Training/no_tumor/image(89).jpg,no_tumor,Training/notumor/Tr-no_900.jpg,1.0000
Training/no_tumor/image(90).jpg,no_tumor,Training/notumor/Tr-no_457.jpg,1.0000
Training/no_tumor/image(91).jpg,no_tumor,Training/notumor/Tr-no_348.jpg,1.0000
Training/no_tumor/image(92).jpg,no_tumor,Training/notumor/Tr-no_185.jpg,1.0000
Training/no_tumor/image(93).jpg,no_tumor,Training/notumor/Tr-no_77.jpg,1.0000
Training/no_tumor/image(94).jpg,no_tumor,Training/notumor/Tr-no_1042.jpg,1.0000
Training/no_tumor/image(95).jpg,no_tumor,Training/notumor/Tr-no_78.jpg,1.0000
Training/no_tumor/image(96).jpg,no_tumor,Training/notumor/Tr-no_887.jpg,1.0000
Training/no_tumor/image(98).jpg,no_tumor,Training/notumor/Tr-no_426.jpg,1.0000
Training/no_tumor/image(99).jpg,no_tumor,Training/notumor/Tr-no_894.jpg,1.0000
Training/no_tumor/image.jpg,no_tumor,Training/notumor/Tr-no_1148.jpg,1.0000
Training/pituitary_tumor/p (1).jpg,pituitary_tumor,Testing/pituitary/Te-pi_99.jpg,1.0000
Training/pituitary_tumor/p (10).jpg,pituitary_tumor,Testing/pituitary/Te-pi_233.jpg,1.0000
Training/pituitary_tumor/p (100).jpg,pituitary_tumor,Testing/pituitary/Te-pi_101.jpg,1.0000
Training/pituitary_tumor/p (101).jpg,pituitary_tumor,Testing/pituitary/Te-pi_245.jpg,1.0000
Training/pituitary_tumor/p (102).jpg,pituitary_tumor,Testing/pituitary/Te-pi_72.jpg,1.0000
Training/pituitary_tumor/p (103).jpg,pituitary_tumor,Testing/pituitary/Te-pi_364.jpg,1.0000
Training/pituitary_tumor/p (104).jpg,pituitary_tumor,Testing/pituitary/Te-pi_248.jpg,1.0000
Training/pituitary_tumor/p (105).jpg,pituitary_tumor,Testing/pituitary/Te-pi_226.jpg,1.0000
Training/pituitary_tumor/p (106).jpg,pituitary_tumor,Testing/pituitary/Te-pi_199.jpg,1.0000
Training/pituitary_tumor/p (107).jpg,pituitary_tumor,Testing/pituitary/Te-pi_254.jpg,1.0000
Training/pituitary_tumor/p (108).jpg,pituitary_tumor,Training/pituitary/Tr-pi_820.jpg,1.0000
Training/pituitary_tumor/p (109).jpg,pituitary_tumor,Training/pituitary/Tr-pi_26.jpg,1.0000
Training/pituitary_tumor/p (11).jpg,pituitary_tumor,Training/pituitary/Tr-pi_900.jpg,1.0000
Training/pituitary_tumor/p (110).jpg,pituitary_tumor,Training/pituitary/Tr-pi_229.jpg,1.0000
Training/pituitary_tumor/p (111).jpg,pituitary_tumor,Training/pituitary/Tr-pi_380.jpg,1.0000
Training/pituitary_tumor/p (112).jpg,pituitary_tumor,Training/pituitary/Tr-pi_1038.jpg,1.0000
Training/pituitary_tumor/p (113).jpg,pituitary_tumor,Training/pituitary/Tr-pi_1033.jpg,1.0000
Training/pituitary_tumor/p (114).jpg,pituitary_tumor,Training/pituitary/Tr-pi_47.jpg,1.0000
Training/pituitary_tumor/p (115).jpg,pituitary_tumor,Training/pituitary/Tr-pi_913.jpg,1.0000
Training/pituitary_tumor/p (116).jpg,pituitary_tumor,Training/pituitary/Tr-pi_1182.jpg,1.0000
Training/pituitary_tumor/p (117).jpg,pituitary_tumor,Training/pituitary/Tr-pi_95.jpg,1.0000
Training/pituitary_tumor/p (118).jpg,pituitary_tumor,Training/pituitary/Tr-pi_602.jpg,1.0000
Training/pituitary_tumor/p (119).jpg,pituitary_tumor,Training/pituitary/Tr-pi_1337.jpg,1.0000
Training/pituitary_tumor/p (12).jpg,pituitary_tumor,Training/pituitary/Tr-pi_989.jpg,1.0000
Training/pituitary_tumor/p (120).jpg,pituitary_tumor,Training/pituitary/Tr-pi_889.jpg,1.0000
Training/pituitary_tumor/p (121).jpg,pituitary_tumor,Training/pituitary/Tr-pi_638.jpg,1.0000
Training/pituitary_tumor/p (122).jpg,pituitary_tumor,Training/pituitary/Tr-pi_1264.jpg,1.0000
Training/pituitary_tumor/p (123).jpg,pituitary_tumor,Training/pituitary/Tr-pi_1144.jpg,1.0000
Training/pituitary_tumor/p (124).jpg,pituitary_tumor,Training/pituitary/Tr-pi_506.jpg,1.0000
Training/pituitary_tumor/p (125).jpg,pituitary_tumor,Training/pituitary/Tr-pi_382.jpg,1.0000
Training/pituitary_tumor/p (126).jpg,pituitary_tumor,Training/pituitary/Tr-pi_139.jpg,1.0000
Training/pituitary_tumor/p (127).jpg,pituitary_tumor,Training/pituitary/Tr-pi_535.jpg,1.0000
Training/pituitary_tumor/p (128).jpg,pituitary_tumor,Training/pituitary/Tr-pi_39.jpg,1.0000
Training/pituitary_tumor/p (129).jpg,pituitary_tumor,Training/pituitary/Tr-pi_566.jpg,1.0000
Training/pituitary_tumor/p (13).jpg,pituitary_tumor,Training/pituitary/Tr-pi_807.jpg,1.0000
Training/pituitary_tumor/p (130).jpg,pituitary_tumor,Training/pituitary/Tr-pi_541.jpg,1.0000
Training/pituitary_tumor/p (131).jpg,pituitary_tumor,Training/pituitary/Tr-pi_853.jpg,1.0000
Training/pituitary_tumor/p (132).jpg,pituitary_tumor,Training/pituitary/Tr-pi_983.jpg,1.0000
Training/pituitary_tumor/p (133).jpg,pituitary_tumor,Training/pituitary/Tr-pi_441.jpg,1.0000
Training/pituitary_tumor/p (134).jpg,pituitary_tumor,Training/pituitary/Tr-pi_960.jpg,1.0000
Training/pituitary_tumor/p (135).jpg,pituitary_tumor,Training/pituitary/Tr-pi_1063.jpg,1.0000
Training/pituitary_tumor/p (136).jpg,pituitary_tumor,Training/pituitary/Tr-pi_936.jpg,1.0000
Training/pituitary_tumor/p (137).jpg,pituitary_tumor,Training/pituitary/Tr-pi_206.jpg,1.0000
Training/pituitary_tumor/p (138).jpg,pituitary_tumor,Training/pituitary/Tr-pi_1133.jpg,1.0000
Training/pituitary_tumor/p (139).jpg,pituitary_tumor,Training/pituitary/Tr-pi_1029.jpg,1.0000
Training/pituitary_tumor/p (14).jpg,pituitary_tumor,Training/pituitary/Tr-pi_434.jpg,1.0000
Training/pituitary_tumor/p (140).jpg,pituitary_tumor,Training/pituitary/Tr-pi_193.jpg,1.0000
Training/pituitary_tumor/p (141).jpg,pituitary_tumor,Training/pituitary/Tr-pi_923.jpg,1.0000
Training/pituitary_tumor/p (142).jpg,pituitary_tumor,Training/pituitary/Tr-pi_1117.jpg,1.0000
Training/pituitary_tumor/p (143).jpg,pituitary_tumor,Training/pituitary/Tr-pi_69.jpg,1.0000
Training/pituitary_tumor/p (144).jpg,pituitary_tumor,Training/pituitary/Tr-pi_840.jpg,1.0000
Training/pituitary_tumor/p (145).jpg,pituitary_tumor,Training/pituitary/Tr-pi_1158.jpg,1.0000
Training/pituitary_tumor/p (146).jpg,pituitary_tumor,Training/pituitary/Tr-pi_1136.jpg,1.0000
Training/pituitary_tumor/p (147).jpg,pituitary_tumor,Training/pituitary/Tr-pi_567.jpg,1.0000
Training/pituitary_tumor/p (148).jpg,pituitary_tumor,Training/pituitary/Tr-pi_510.jpg,1.0000
Training/pituitary_tumor/p (149).jpg,pituitary_tumor,Training/pituitary/Tr-pi_568.jpg,1.0000
Training/pituitary_tumor/p (15).jpg,pituitary_tumor,Training/pituitary/Tr-pi_1017.jpg,1.0000
Training/pituitary_tumor/p (150).jpg,pituitary_tumor,Training/pituitary/Tr-pi_609.jpg,1.0000
Training/pituitary_tumor/p (151).jpg,pituitary_tumor,Training/pituitary/Tr-pi_1077.jpg,1.0000
Training/pituitary_tumor/p (152).jpg,pituitary_tumor,Training/pituitary/Tr-pi_483.jpg,1.0000
Training/pituitary_tumor/p (153).jpg,pituitary_tumor,Training/pituitary/Tr-pi_950.jpg,1.0000
Training/pituitary_tumor/p (154).jpg,pituitary_tumor,Training/pituitary/Tr-pi_1344.jpg,1.0000
Training/pituitary_tumor/p (155).jpg,pituitary_tumor,Training/pituitary/Tr-pi_671.jpg,1.0000
Training/pituitary_tumor/p (156).jpg,pituitary_tumor,Training/pituitary/Tr-pi_1018.jpg,1.0000
Training/pituitary_tumor/p (157).jpg,pituitary_tumor,Training/pituitary/Tr-pi_216.jpg,1.0000
Training/pituitary_tumor/p (158).jpg,pituitary_tumor,Training/pituitary/Tr-pi_176.jpg,1.0000
Training/pituitary_tumor/p (159).jpg,pituitary_tumor,Training/pituitary/Tr-pi_1159.jpg,1.0000
Training/pituitary_tumor/p (16).jpg,pituitary_tumor,Training/pituitary/Tr-pi_505.jpg,1.0000
Training/pituitary_tumor/p (160).jpg,pituitary_tumor,Training/pituitary/Tr-pi_490.jpg,1.0000
Training/pituitary_tumor/p (161).jpg,pituitary_tumor,Training/pituitary/Tr-pi_546.jpg,1.0000
Training/pituitary_tumor/p (162).jpg,pituitary_tumor,Training/pituitary/Tr-pi_478.jpg,1.0000
Training/pituitary_tumor/p (163).jpg,pituitary_tumor,Training/pituitary/Tr-pi_62.jpg,1.0000
Training/pituitary_tumor/p (164).jpg,pituitary_tumor,Training/pituitary/Tr-pi_1400.jpg,1.0000
Training/pituitary_tumor/p (165).jpg,pituitary_tumor,Training/pituitary/Tr-pi_378.jpg,1.0000
Training/pituitary_tumor/p (166).jpg,pituitary_tumor,Training/pituitary/Tr-pi_435.jpg,1.0000
Training/pituitary_tumor/p (167).jpg,pituitary_tumor,Training/pituitary/Tr-pi_833.jpg,1.0000
Training/pituitary_tumor/p (168).jpg,pituitary_tumor,Training/pituitary/Tr-pi_837.jpg,1.0000
Training/pituitary_tumor/p (169).jpg,pituitary_tumor,Training/pituitary/Tr-pi_1276.jpg,1.0000
Training/pituitary_tumor/p (17).jpg,pituitary_tumor,Training/pituitary/Tr-pi_868.jpg,1.0000
Training/pituitary_tumor/p (170).jpg,pituitary_tumor,Training/pituitary/Tr-pi_1223.jpg,1.0000
Training/pituitary_tumor/p (171).jpg,pituitary_tumor,Training/pituitary/Tr-pi_607.jpg,1.0000
Training/pituitary_tumor/p (172).jpg,pituitary_tumor,Training/pituitary/Tr-pi_1394.jpg,1.0000
Training/pituitary_tumor/p (173).jpg,pituitary_tumor,Training/pituitary/Tr-pi_1262.jpg,1.0000
Training/pituitary_tumor/p (174).jpg,pituitary_tumor,Training/pituitary/Tr-pi_550.jpg,1.0000
Training/pituitary_tumor/p (175).jpg,pituitary_tumor,Training/pituitary/Tr-pi_663.jpg,1.0000
Training/pituitary_tumor/p (176).jpg,pituitary_tumor,Training/pituitary/Tr-pi_1250.jpg,1.0000
Training/pituitary_tumor/p (177).jpg,pituitary_tumor,Training/pituitary/Tr-pi_219.jpg,1.0000
Training/pituitary_tumor/p (178).jpg,pituitary_tumor,Training/pituitary/Tr-pi_599.jpg,1.0000
Training/pituitary_tumor/p (179).jpg,pituitary_tumor,Training/pituitary/Tr-pi_451.jpg,1.0000
Training/pituitary_tumor/p (18).jpg,pituitary_tumor,Training/pituitary/Tr-pi_1218.jpg,1.0000
Training/pituitary_tumor/p (180).jpg,pituitary_tumor,Training/pituitary/Tr-pi_880.jpg,1.0000
Training/pituitary_tumor/p (181).jpg,pituitary_tumor,Training/pituitary/Tr-pi_755.jpg,1.0000
Training/pituitary_tumor/p (182).jpg,pituitary_tumor,Training/pituitary/Tr-pi_308.jpg,1.0000
Training/pituitary_tumor/p (183).jpg,pituitary_tumor,Training/pituitary/Tr-pi_1345.jpg,1.0000
Training/pituitary_tumor/p (184).jpg,pituitary_tumor,Training/pituitary/Tr-pi_606.jpg,1.0000
Training/pituitary_tumor/p (185).jpg,pituitary_tumor,Training/pituitary/Tr-pi_881.jpg,1.0000
Training/pituitary_tumor/p (186).jpg,pituitary_tumor,Training/pituitary/Tr-pi_726.jpg,1.0000
Training/pituitary_tumor/p (187).jpg,pituitary_tumor,Training/pituitary/Tr-pi_809.jpg,1.0000
Training/pituitary_tumor/p (188).jpg,pituitary_tumor,Training/pituitary/Tr-pi_790.jpg,1.0000
Training/pituitary_tumor/p (189).jpg,pituitary_tumor,Training/pituitary/Tr-pi_843.jpg,1.0000
Training/pituitary_tumor/p (19).jpg,pituitary_tumor,Training/pituitary/Tr-pi_274.jpg,1.0000
Training/pituitary_tumor/p (190).jpg,pituitary_tumor,Training/pituitary/Tr-pi_642.jpg,1.0000
Training/pituitary_tumor/p (191).jpg,pituitary_tumor,Training/pituitary/Tr-pi_593.jpg,1.0000
Training/pituitary_tumor/p (192).jpg,pituitary_tumor,Training/pituitary/Tr-pi_701.jpg,1.0000
Training/pituitary_tumor/p (193).jpg,pituitary_tumor,Training/pituitary/Tr-pi_1010.jpg,1.0000
Training/pituitary_tumor/p (194).jpg,pituitary_tumor,Training/pituitary/Tr-pi_1109.jpg,1.0000
Training/pituitary_tumor/p (195).jpg,pituitary_tumor,Training/pituitary/Tr-pi_185.jpg,1.0000
Training/pituitary_tumor/p (196).jpg,pituitary_tumor,Training/pituitary/Tr-pi_1323.jpg,1.0000
Training/pituitary_tumor/p (197).jpg,pituitary_tumor,Training/pituitary/Tr-pi_1323.jpg,1.0000
Training/pituitary_tumor/p (198).jpg,pituitary_tumor,Training/pituitary/Tr-pi_676.jpg,1.0000
Training/pituitary_tumor/p (199).jpg,pituitary_tumor,Training/pituitary/Tr-pi_888.jpg,1.0000
Training/pituitary_tumor/p (2).jpg,pituitary_tumor,Training/pituitary/Tr-pi_1056.jpg,1.0000
Training/pituitary_tumor/p (20).jpg,pituitary_tumor,Training/pituitary/Tr-pi_674.jpg,1.0000
Training/pituitary_tumor/p (200).jpg,pituitary_tumor,Training/pituitary/Tr-pi_322.jpg,1.0000
Training/pituitary_tumor/p (201).jpg,pituitary_tumor,Training/pituitary/Tr-pi_814.jpg,1.0000
Training/pituitary_tumor/p (202).jpg,pituitary_tumor,Training/pituitary/Tr-pi_1073.jpg,1.0000
Training/pituitary_tumor/p (203).jpg,pituitary_tumor,Training/pituitary/Tr-pi_926.jpg,1.0000
Training/pituitary_tumor/p (204).jpg,pituitary_tumor,Training/pituitary/Tr-pi_817.jpg,1.0000
Training/pituitary_tumor/p (205).jpg,pituitary_tumor,Training/pituitary/Tr-pi_25.jpg,1.0000
Training/pituitary_tumor/p (206).jpg,pituitary_tumor,Training/pituitary/Tr-pi_860.jpg,1.0000
Training/pituitary_tumor/p (207).jpg,pituitary_tumor,Training/pituitary/Tr-pi_295.jpg,1.0000
Training/pituitary_tumor/p (208).jpg,pituitary_tumor,Training/pituitary/Tr-pi_1121.jpg,1.0000
Training/pituitary_tumor/p (209).jpg,pituitary_tumor,Training/pituitary/Tr-pi_545.jpg,1.0000
Training/pituitary_tumor/p (21).jpg,pituitary_tumor,Training/pituitary/Tr-pi_1282.jpg,1.0000
Training/pituitary_tumor/p (210).jpg,pituitary_tumor,Training/pituitary/Tr-pi_203.jpg,1.0000
Training/pituitary_tumor/p (211).jpg,pituitary_tumor,Training/pituitary/Tr-pi_987.jpg,1.0000
Training/pituitary_tumor/p (212).jpg,pituitary_tumor,Training/pituitary/Tr-pi_352.jpg,1.0000
Training/pituitary_tumor/p (213).jpg,pituitary_tumor,Training/pituitary/Tr-pi_1370.jpg,1.0000
Training/pituitary_tumor/p (214).jpg,pituitary_tumor,Training/pituitary/Tr-pi_364.jpg,1.0000
Training/pituitary_tumor/p (215).jpg,pituitary_tumor,Training/pituitary/Tr-pi_792.jpg,1.0000
Training/pituitary_tumor/p (216).jpg,pituitary_tumor,Training/pituitary/Tr-pi_784.jpg,1.0000
Training/pituitary_tumor/p (217).jpg,pituitary_tumor,Training/pituitary/Tr-pi_970.jpg,1.0000
Training/pituitary_tumor/p (218).jpg,pituitary_tumor,Training/pituitary/Tr-pi_1138.jpg,1.0000
Training/pituitary_tumor/p (219).jpg,pituitary_tumor,Training/pituitary/Tr-pi_1174.jpg,1.0000
Training/pituitary_tumor/p (22).jpg,pituitary_tumor,Training/pituitary/Tr-pi_500.jpg,1.0000
Training/pituitary_tumor/p (220).jpg,pituitary_tumor,Training/pituitary/Tr-pi_744.jpg,1.0000
Training/pituitary_tumor/p (221).jpg,pituitary_tumor,Training/pituitary/Tr-pi_1074.jpg,1.0000
Training/pituitary_tumor/p (222).jpg,pituitary_tumor,Training/pituitary/Tr-pi_334.jpg,1.0000
Training/pituitary_tumor/p (223).jpg,pituitary_tumor,Training/pituitary/Tr-pi_1253.jpg,1.0000
Training/pituitary_tumor/p (224).jpg,pituitary_tumor,Training/pituitary/Tr-pi_241.jpg,1.0000
Training/pituitary_tumor/p (225).jpg,pituitary_tumor,Training/pituitary/Tr-pi_1326.jpg,1.0000
Training/pituitary_tumor/p (226).jpg,pituitary_tumor,Training/pituitary/Tr-pi_15.jpg,1.0000
Training/pituitary_tumor/p (227).jpg,pituitary_tumor,Training/pituitary/Tr-pi_370.jpg,1.0000
Training/pituitary_tumor/p (228).jpg,pituitary_tumor,Training/pituitary/Tr-pi_135.jpg,1.0000
Training/pituitary_tumor/p (229).jpg,pituitary_tumor,Training/pituitary/Tr-pi_922.jpg,1.0000
Training/pituitary_tumor/p (23).jpg,pituitary_tumor,Training/pituitary/Tr-pi_1168.jpg,1.0000
Training/pituitary_tumor/p (230).jpg,pituitary_tumor,Training/pituitary/Tr-pi_683.jpg,1.0000
Training/pituitary_tumor/p (231).jpg,pituitary_tumor,Training/pituitary/Tr-pi_1325.jpg,1.0000
Training/pituitary_tumor/p (232).jpg,pituitary_tumor,Training/pituitary/Tr-pi_460.jpg,1.0000
Training/pituitary_tumor/p (233).jpg,pituitary_tumor,Training/pituitary/Tr-pi_121.jpg,1.0000
Training/pituitary_tumor/p (234).jpg,pituitary_tumor,Training/pituitary/Tr-pi_44.jpg,1.0000
Training/pituitary_tumor/p (235).jpg,pituitary_tumor,Training/pituitary/Tr-pi_215.jpg,1.0000
Training/pituitary_tumor/p (236).jpg,pituitary_tumor,Training/pituitary/Tr-pi_1324.jpg,1.0000
Training/pituitary_tumor/p (237).jpg,pituitary_tumor,Training/pituitary/Tr-pi_140.jpg,1.0000
Training/pituitary_tumor/p (238).jpg,pituitary_tumor,Training/pituitary/Tr-pi_1346.jpg,1.0000
Training/pituitary_tumor/p (239).jpg,pituitary_tumor,Training/pituitary/Tr-pi_105.jpg,1.0000
Training/pituitary_tumor/p (24).jpg,pituitary_tumor,Training/pituitary/Tr-pi_658.jpg,1.0000
Training/pituitary_tumor/p (240).jpg,pituitary_tumor,Training/pituitary/Tr-pi_193.jpg,1.0000
Training/pituitary_tumor/p (241).jpg,pituitary_tumor,Training/pituitary/Tr-pi_1224.jpg,1.0000
Training/pituitary_tumor/p (242).jpg,pituitary_tumor,Training/pituitary/Tr-pi_410.jpg,1.0000
Training/pituitary_tumor/p (243).jpg,pituitary_tumor,Training/pituitary/Tr-pi_410.jpg,1.0000
Training/pituitary_tumor/p (244).jpg,pituitary_tumor,Training/pituitary/Tr-pi_958.jpg,1.0000
Training/pituitary_tumor/p (245).jpg,pituitary_tumor,Training/pituitary/Tr-pi_1069.jpg,1.0000
Training/pituitary_tumor/p (246).jpg,pituitary_tumor,Training/pituitary/Tr-pi_688.jpg,1.0000
Training/pituitary_tumor/p (247).jpg,pituitary_tumor,Training/pituitary/Tr-pi_469.jpg,1.0000
Training/pituitary_tumor/p (248).jpg,pituitary_tumor,Training/pituitary/Tr-pi_1275.jpg,1.0000
Training/pituitary_tumor/p (249).jpg,pituitary_tumor,Training/pituitary/Tr-pi_473.jpg,1.0000
Training/pituitary_tumor/p (25).jpg,pituitary_tumor,Training/pituitary/Tr-pi_1302.jpg,1.0000
Training/pituitary_tumor/p (250).jpg,pituitary_tumor,Training/pituitary/Tr-pi_1064.jpg,1.0000
Training/pituitary_tumor/p (251).jpg,pituitary_tumor,Training/pituitary/Tr-pi_464.jpg,1.0000
Training/pituitary_tumor/p (252).jpg,pituitary_tumor,Training/pituitary/Tr-pi_464.jpg,1.0000
Training/pituitary_tumor/p (253).jpg,pituitary_tumor,Training/pituitary/Tr-pi_1360.jpg,1.0000
Training/pituitary_tumor/p (254).jpg,pituitary_tumor,Training/pituitary/Tr-pi_1005.jpg,1.0000
Training/pituitary_tumor/p (255).jpg,pituitary_tumor,Training/pituitary/Tr-pi_781.jpg,1.0000
Training/pituitary_tumor/p (256).jpg,pituitary_tumor,Training/pituitary/Tr-pi_771.jpg,1.0000
Training/pituitary_tumor/p (257).jpg,pituitary_tumor,Training/pituitary/Tr-pi_1149.jpg,1.0000
Training/pituitary_tumor/p (258).jpg,pituitary_tumor,Training/pituitary/Tr-pi_53.jpg,1.0000
Training/pituitary_tumor/p (259).jpg,pituitary_tumor,Training/pituitary/Tr-pi_1120.jpg,1.0000
Training/pituitary_tumor/p (26).jpg,pituitary_tumor,Training/pituitary/Tr-pi_291.jpg,1.0000
Training/pituitary_tumor/p (260).jpg,pituitary_tumor,Training/pituitary/Tr-pi_1258.jpg,1.0000
Training/pituitary_tumor/p (261).jpg,pituitary_tumor,Training/pituitary/Tr-pi_447.jpg,1.0000
Training/pituitary_tumor/p (262).jpg,pituitary_tumor,Training/pituitary/Tr-pi_299.jpg,1.0000
Training/pituitary_tumor/p (263).jpg,pituitary_tumor,Training/pituitary/Tr-pi_330.jpg,1.0000
Training/pituitary_tumor/p (264).jpg,pituitary_tumor,Training/pituitary/Tr-pi_1254.jpg,1.0000
Training/pituitary_tumor/p (265).jpg,pituitary_tumor,Training/pituitary/Tr-pi_948.jpg,1.0000
Training/pituitary_tumor/p (266).jpg,pituitary_tumor,Training/pituitary/Tr-pi_1185.jpg,1.0000
Training/pituitary_tumor/p (267).jpg,pituitary_tumor,Training/pituitary/Tr-pi_641.jpg,1.0000
Training/pituitary_tumor/p (268).jpg,pituitary_tumor,Training/pituitary/Tr-pi_697.jpg,1.0000
Training/pituitary_tumor/p (269).jpg,pituitary_tumor,Training/pituitary/Tr-pi_1303.jpg,1.0000
Training/pituitary_tumor/p (27).jpg,pituitary_tumor,Training/pituitary/Tr-pi_856.jpg,1.0000
Training/pituitary_tumor/p (270).jpg,pituitary_tumor,Training/pituitary/Tr-pi_51.jpg,1.0000
Training/pituitary_tumor/p (271).jpg,pituitary_tumor,Training/pituitary/Tr-pi_552.jpg,1.0000
Training/pituitary_tumor/p (272).jpg,pituitary_tumor,Training/pituitary/Tr-pi_367.jpg,1.0000
Training/pituitary_tumor/p (273).jpg,pituitary_tumor,Training/pituitary/Tr-pi_875.jpg,1.0000
Training/pituitary_tumor/p (274).jpg,pituitary_tumor,Training/pituitary/Tr-pi_267.jpg,1.0000
Training/pituitary_tumor/p (275).jpg,pituitary_tumor,Training/pituitary/Tr-pi_965.jpg,1.0000
Training/pituitary_tumor/p (276).jpg,pituitary_tumor,Training/pituitary/Tr-pi_1062.jpg,1.0000
Training/pituitary_tumor/p (277).jpg,pituitary_tumor,Training/pituitary/Tr-pi_798.jpg,1.0000
Training/pituitary_tumor/p (278).jpg,pituitary_tumor,Training/pituitary/Tr-pi_629.jpg,1.0000
Training/pituitary_tumor/p (279).jpg,pituitary_tumor,Training/pituitary/Tr-pi_31.jpg,1.0000
Training/pituitary_tumor/p (28).jpg,pituitary_tumor,Training/pituitary/Tr-pi_1367.jpg,1.0000
Training/pituitary_tumor/p (280).jpg,pituitary_tumor,Training/pituitary/Tr-pi_1126.jpg,1.0000
Training/pituitary_tumor/p (281).jpg,pituitary_tumor,Training/pituitary/Tr-pi_191.jpg,1.0000
Training/pituitary_tumor/p (282).jpg,pituitary_tumor,Training/pituitary/Tr-pi_408.jpg,1.0000
Training/pituitary_tumor/p (283).jpg,pituitary_tumor,Training/pituitary/Tr-pi_307.jpg,1.0000
Training/pituitary_tumor/p (284).jpg,pituitary_tumor,Training/pituitary/Tr-pi_393.jpg,1.0000
Training/pituitary_tumor/p (285).jpg,pituitary_tumor,Training/pituitary/Tr-pi_1091.jpg,1.0000
Training/pituitary_tumor/p (286).jpg,pituitary_tumor,Training/pituitary/Tr-pi_787.jpg,1.0000
Training/pituitary_tumor/p (287).jpg,pituitary_tumor,Training/pituitary/Tr-pi_407.jpg,1.0000
Training/pituitary_tumor/p (288).jpg,pituitary_tumor,Training/pituitary/Tr-pi_316.jpg,1.0000
Training/pituitary_tumor/p (289).jpg,pituitary_tumor,Training/pituitary/Tr-pi_728.jpg,1.0000
Training/pituitary_tumor/p (29).jpg,pituitary_tumor,Training/pituitary/Tr-pi_257.jpg,1.0000
Training/pituitary_tumor/p (290).jpg,pituitary_tumor,Training/pituitary/Tr-pi_19.jpg,1.0000
Training/pituitary_tumor/p (291).jpg,pituitary_tumor,Training/pituitary/Tr-pi_82.jpg,1.0000
Training/pituitary_tumor/p (292).jpg,pituitary_tumor,Training/pituitary/Tr-pi_862.jpg,1.0000
Training/pituitary_tumor/p (293).jpg,pituitary_tumor,Training/pituitary/Tr-pi_1321.jpg,1.0000
Training/pituitary_tumor/p (294).jpg,pituitary_tumor,Training/pituitary/Tr-pi_829.jpg,1.0000
Training/pituitary_tumor/p (295).jpg,pituitary_tumor,Training/pituitary/Tr-pi_493.jpg,1.0000
Training/pituitary_tumor/p (296).jpg,pituitary_tumor,Training/pituitary/Tr-pi_1085.jpg,1.0000
Training/pituitary_tumor/p (297).jpg,pituitary_tumor,Training/pituitary/Tr-pi_720.jpg,1.0000
Training/pituitary_tumor/p (298).jpg,pituitary_tumor,Training/pituitary/Tr-pi_1027.jpg,1.0000
Training/pituitary_tumor/p (299).jpg,pituitary_tumor,Training/pituitary/Tr-pi_739.jpg,1.0000
Training/pituitary_tumor/p (3).jpg,pituitary_tumor,Training/pituitary/Tr-pi_79.jpg,1.0000
Training/pituitary_tumor/p (30).jpg,pituitary_tumor,Training/pituitary/Tr-pi_1079.jpg,1.0000
Training/pituitary_tumor/p (300).jpg,pituitary_tumor,Training/pituitary/Tr-pi_481.jpg,1.0000
Training/pituitary_tumor/p (301).jpg,pituitary_tumor,Training/pituitary/Tr-pi_403.jpg,1.0000
Training/pituitary_tumor/p (302).jpg,pituitary_tumor,Training/pituitary/Tr-pi_132.jpg,1.0000
Training/pituitary_tumor/p (303).jpg,pituitary_tumor,Training/pituitary/Tr-pi_132.jpg,1.0000
Training/pituitary_tumor/p (304).jpg,pituitary_tumor,Training/pituitary/Tr-pi_7.jpg,1.0000
Training/pituitary_tumor/p (305).jpg,pituitary_tumor,Training/pituitary/Tr-pi_941.jpg,1.0000
Training/pituitary_tumor/p (306).jpg,pituitary_tumor,Training/pituitary/Tr-pi_1055.jpg,1.0000
Training/pituitary_tumor/p (307).jpg,pituitary_tumor,Training/pituitary/Tr-pi_1237.jpg,1.0000
Training/pituitary_tumor/p (308).jpg,pituitary_tumor,Training/pituitary/Tr-pi_1114.jpg,1.0000
Training/pituitary_tumor/p (309).jpg,pituitary_tumor,Training/pituitary/Tr-pi_871.jpg,1.0000
Training/pituitary_tumor/p (31).jpg,pituitary_tumor,Training/pituitary/Tr-pi_711.jpg,1.0000
Training/pituitary_tumor/p (310).jpg,pituitary_tumor,Training/pituitary/Tr-pi_585.jpg,1.0000
Training/pituitary_tumor/p (311).jpg,pituitary_tumor,Training/pituitary/Tr-pi_1230.jpg,1.0000
Training/pituitary_tumor/p (312).jpg,pituitary_tumor,Training/pituitary/Tr-pi_715.jpg,1.0000
Training/pituitary_tumor/p (313).jpg,pituitary_tumor,Training/pituitary/Tr-pi_703.jpg,1.0000
Training/pituitary_tumor/p (314).jpg,pituitary_tumor,Training/pituitary/Tr-pi_953.jpg,1.0000
Training/pituitary_tumor/p (315).jpg,pituitary_tumor,Training/pituitary/Tr-pi_1204.jpg,1.0000
Training/pituitary_tumor/p (316).jpg,pituitary_tumor,Training/pituitary/Tr-pi_1280.jpg,1.0000
Training/pituitary_tumor/p (317).jpg,pituitary_tumor,Training/pituitary/Tr-pi_331.jpg,1.0000
Training/pituitary_tumor/p (318).jpg,pituitary_tumor,Training/pituitary/Tr-pi_1006.jpg,1.0000
Training/pituitary_tumor/p (319).jpg,pituitary_tumor,Training/pituitary/Tr-pi_1240.jpg,1.0000
Training/pituitary_tumor/p (32).jpg,pituitary_tumor,Training/pituitary/Tr-pi_640.jpg,1.0000
Training/pituitary_tumor/p (320).jpg,pituitary_tumor,Training/pituitary/Tr-pi_1300.jpg,1.0000
Training/pituitary_tumor/p (321).jpg,pituitary_tumor,Training/pituitary/Tr-pi_348.jpg,1.0000
Training/pituitary_tumor/p (322).jpg,pituitary_tumor,Training/pituitary/Tr-pi_1268.jpg,1.0000
Training/pituitary_tumor/p (323).jpg,pituitary_tumor,Training/pituitary/Tr-pi_11.jpg,1.0000
Training/pituitary_tumor/p (324).jpg,pituitary_tumor,Training/pituitary/Tr-pi_1082.jpg,1.0000
Training/pituitary_tumor/p (325).jpg,pituitary_tumor,Training/pituitary/Tr-pi_100.jpg,1.0000
Training/pituitary_tumor/p (326).jpg,pituitary_tumor,Training/pituitary/Tr-pi_72.jpg,1.0000
Training/pituitary_tumor/p (327).jpg,pituitary_tumor,Training/pituitary/Tr-pi_172.jpg,1.0000
Training/pituitary_tumor/p (328).jpg,pituitary_tumor,Training/pituitary/Tr-pi_786.jpg,1.0000
Training/pituitary_tumor/p (329).jpg,pituitary_tumor,Training/pituitary/Tr-pi_496.jpg,1.0000
Training/pituitary_tumor/p (33).jpg,pituitary_tumor,Training/pituitary/Tr-pi_444.jpg,1.0000
Training/pituitary_tumor/p (330).jpg,pituitary_tumor,Training/pituitary/Tr-pi_109.jpg,1.0000
Training/pituitary_tumor/p (331).jpg,pituitary_tumor,Training/pituitary/Tr-pi_1246.jpg,1.0000
Training/pituitary_tumor/p (332).jpg,pituitary_tumor,Training/pituitary/Tr-pi_433.jpg,1.0000
Training/pituitary_tumor/p (333).jpg,pituitary_tumor,Training/pituitary/Tr-pi_1156.jpg,1.0000
Training/pituitary_tumor/p (334).jpg,pituitary_tumor,Training/pituitary/Tr-pi_551.jpg,1.0000
Training/pituitary_tumor/p (335).jpg,pituitary_tumor,Training/pituitary/Tr-pi_517.jpg,1.0000
Training/pituitary_tumor/p (336).jpg,pituitary_tumor,Training/pituitary/Tr-pi_1072.jpg,1.0000
Training/pituitary_tumor/p (337).jpg,pituitary_tumor,Training/pituitary/Tr-pi_1260.jpg,1.0000
Training/pituitary_tumor/p (338).jpg,pituitary_tumor,Training/pituitary/Tr-pi_1369.jpg,1.0000
Training/pituitary_tumor/p (339).jpg,pituitary_tumor,Training/pituitary/Tr-pi_173.jpg,1.0000
Training/pituitary_tumor/p (34).jpg,pituitary_tumor,Training/pituitary/Tr-pi_272.jpg,1.0000
Training/pituitary_tumor/p (340).jpg,pituitary_tumor,Training/pituitary/Tr-pi_1245.jpg,1.0000
Training/pituitary_tumor/p (341).jpg,pituitary_tumor,Training/pituitary/Tr-pi_799.jpg,1.0000
Training/pituitary_tumor/p (342).jpg,pituitary_tumor,Training/pituitary/Tr-pi_1188.jpg,1.0000
Training/pituitary_tumor/p (343).jpg,pituitary_tumor,Training/pituitary/Tr-pi_647.jpg,1.0000
Training/pituitary_tumor/p (344).jpg,pituitary_tumor,Training/pituitary/Tr-pi_488.jpg,1.0000
Training/pituitary_tumor/p (345).jpg,pituitary_tumor,Training/pituitary/Tr-pi_212.jpg,1.0000
Training/pituitary_tumor/p (346).jpg,pituitary_tumor,Training/pituitary/Tr-pi_54.jpg,1.0000
Training/pituitary_tumor/p (347).jpg,pituitary_tumor,Training/pituitary/Tr-pi_757.jpg,1.0000
Training/pituitary_tumor/p (348).jpg,pituitary_tumor,Training/pituitary/Tr-pi_35.jpg,1.0000
Training/pituitary_tumor/p (349).jpg,pituitary_tumor,Training/pituitary/Tr-pi_318.jpg,1.0000
Training/pituitary_tumor/p (35).jpg,pituitary_tumor,Training/pituitary/Tr-pi_686.jpg,1.0000
Training/pituitary_tumor/p (350).jpg,pituitary_tumor,Training/pituitary/Tr-pi_774.jpg,1.0000
Training/pituitary_tumor/p (351).jpg,pituitary_tumor,Training/pituitary/Tr-pi_275.jpg,1.0000
Training/pituitary_tumor/p (352).jpg,pituitary_tumor,Training/pituitary/Tr-pi_103.jpg,1.0000
Training/pituitary_tumor/p (353).jpg,pituitary_tumor,Training/pituitary/Tr-pi_252.jpg,1.0000
Training/pituitary_tumor/p (354).jpg,pituitary_tumor,Training/pituitary/Tr-pi_37.jpg,1.0000
Training/pituitary_tumor/p (355).jpg,pituitary_tumor,Training/pituitary/Tr-pi_137.jpg,1.0000
Training/pituitary_tumor/p (356).jpg,pituitary_tumor,Training/pituitary/Tr-pi_379.jpg,1.0000
Training/pituitary_tumor/p (357).jpg,pituitary_tumor,Training/pituitary/Tr-pi_1199.jpg,1.0000
Training/pituitary_tumor/p (358).jpg,pituitary_tumor,Training/pituitary/Tr-pi_425.jpg,1.0000
Training/pituitary_tumor/p (359).jpg,pituitary_tumor,Training/pituitary/Tr-pi_1281.jpg,1.0000
Training/pituitary_tumor/p (36).jpg,pituitary_tumor,Training/pituitary/Tr-pi_718.jpg,1.0000
Training/pituitary_tumor/p (360).jpg,pituitary_tumor,Training/pituitary/Tr-pi_899.jpg,1.0000
Training/pituitary_tumor/p (361).jpg,pituitary_tumor,Training/pituitary/Tr-pi_1304.jpg,1.0000
Training/pituitary_tumor/p (362).jpg,pituitary_tumor,Training/pituitary/Tr-pi_994.jpg,1.0000
Training/pituitary_tumor/p (363).jpg,pituitary_tumor,Training/pituitary/Tr-pi_852.jpg,1.0000
Training/pituitary_tumor/p (364).jpg,pituitary_tumor,Training/pituitary/Tr-pi_58.jpg,1.0000
Training/pituitary_tumor/p (365).jpg,pituitary_tumor,Training/pituitary/Tr-pi_1151.jpg,1.0000
Training/pituitary_tumor/p (366).jpg,pituitary_tumor,Training/pituitary/Tr-pi_10.jpg,1.0000
Training/pituitary_tumor/p (367).jpg,pituitary_tumor,Training/pituitary/Tr-pi_168.jpg,1.0000
Training/pituitary_tumor/p (368).jpg,pituitary_tumor,Training/pituitary/Tr-pi_315.jpg,1.0000
Training/pituitary_tumor/p (369).jpg,pituitary_tumor,Training/pituitary/Tr-pi_365.jpg,1.0000
Training/pituitary_tumor/p (37).jpg,pituitary_tumor,Training/pituitary/Tr-pi_1338.jpg,1.0000
Training/pituitary_tumor/p (370).jpg,pituitary_tumor,Training/pituitary/Tr-pi_278.jpg,1.0000
Training/pituitary_tumor/p (371).jpg,pituitary_tumor,Training/pituitary/Tr-pi_723.jpg,1.0000
Training/pituitary_tumor/p (372).jpg,pituitary_tumor,Training/pituitary/Tr-pi_38.jpg,1.0000
Training/pituitary_tumor/p (373).jpg,pituitary_tumor,Training/pituitary/Tr-pi_1093.jpg,1.0000
Training/pituitary_tumor/p (374).jpg,pituitary_tumor,Training/pituitary/Tr-pi_136.jpg,1.0000
Training/pituitary_tumor/p (375).jpg,pituitary_tumor,Training/pituitary/Tr-pi_985.jpg,1.0000
Training/pituitary_tumor/p (376).jpg,pituitary_tumor,Training/pituitary/Tr-pi_236.jpg,1.0000
Training/pituitary_tumor/p (377).jpg,pituitary_tumor,Training/pituitary/Tr-pi_1259.jpg,1.0000
Training/pituitary_tumor/p (378).jpg,pituitary_tumor,Training/pituitary/Tr-pi_732.jpg,1.0000
Training/pituitary_tumor/p (379).jpg,pituitary_tumor,Training/pituitary/Tr-pi_1384.jpg,1.0000
Training/pituitary_tumor/p (38).jpg,pituitary_tumor,Training/pituitary/Tr-pi_777.jpg,1.0000
Training/pituitary_tumor/p (380).jpg,pituitary_tumor,Training/pituitary/Tr-pi_440.jpg,1.0000
Training/pituitary_tumor/p (381).jpg,pituitary_tumor,Training/pituitary/Tr-pi_578.jpg,1.0000
Training/pituitary_tumor/p (382).jpg,pituitary_tumor,Training/pituitary/Tr-pi_584.jpg,1.0000
Training/pituitary_tumor/p (383).jpg,pituitary_tumor,Training/pituitary/Tr-pi_99.jpg,1.0000
Training/pituitary_tumor/p (384).jpg,pituitary_tumor,Training/pituitary/Tr-pi_1316.jpg,1.0000
Training/pituitary_tumor/p (385).jpg,pituitary_tumor,Training/pituitary/Tr-pi_1231.jpg,1.0000
Training/pituitary_tumor/p (386).jpg,pituitary_tumor,Training/pituitary/Tr-pi_1016.jpg,1.0000
Training/pituitary_tumor/p (387).jpg,pituitary_tumor,Training/pituitary/Tr-pi_287.jpg,1.0000
Training/pituitary_tumor/p (388).jpg,pituitary_tumor,Training/pituitary/Tr-pi_285.jpg,1.0000
Training/pituitary_tumor/p (389).jpg,pituitary_tumor,Training/pituitary/Tr-pi_285.jpg,1.0000
Training/pituitary_tumor/p (39).jpg,pituitary_tumor,Training/pituitary/Tr-pi_1366.jpg,1.0000
Training/pituitary_tumor/p (390).jpg,pituitary_tumor,Training/pituitary/Tr-pi_16.jpg,1.0000
Training/pituitary_tumor/p (391).jpg,pituitary_tumor,Training/pituitary/Tr-pi_1087.jpg,1.0000
Training/pituitary_tumor/p (392).jpg,pituitary_tumor,Training/pituitary/Tr-pi_1107.jpg,1.0000
Training/pituitary_tumor/p (393).jpg,pituitary_tumor,Training/pituitary/Tr-pi_893.jpg,1.0000
Training/pituitary_tumor/p (394).jpg,pituitary_tumor,Training/pituitary/Tr-pi_850.jpg,1.0000
Training/pituitary_tumor/p (395).jpg,pituitary_tumor,Training/pituitary/Tr-pi_93.jpg,1.0000
Training/pituitary_tumor/p (396).jpg,pituitary_tumor,Training/pituitary/Tr-pi_277.jpg,1.0000
Training/pituitary_tumor/p (397).jpg,pituitary_tumor,Training/pituitary/Tr-pi_205.jpg,1.0000
Training/pituitary_tumor/p (398).jpg,pituitary_tumor,Training/pituitary/Tr-pi_896.jpg,1.0000
Training/pituitary_tumor/p (399).jpg,pituitary_tumor,Training/pituitary/Tr-pi_590.jpg,1.0000
Training/pituitary_tumor/p (4).jpg,pituitary_tumor,Training/pituitary/Tr-pi_372.jpg,1.0000
Training/pituitary_tumor/p (40).jpg,pituitary_tumor,Training/pituitary/Tr-pi_471.jpg,1.0000
Training/pituitary_tumor/p (400).jpg,pituitary_tumor,Training/pituitary/Tr-pi_637.jpg,1.0000
Training/pituitary_tumor/p (401).jpg,pituitary_tumor,Training/pituitary/Tr-pi_1381.jpg,1.0000
Training/pituitary_tumor/p (402).jpg,pituitary_tumor,Training/pituitary/Tr-pi_1396.jpg,1.0000
Training/pituitary_tumor/p (403).jpg,pituitary_tumor,Training/pituitary/Tr-pi_107.jpg,1.0000
Training/pituitary_tumor/p (404).jpg,pituitary_tumor,Training/pituitary/Tr-pi_228.jpg,1.0000
Training/pituitary_tumor/p (405).jpg,pituitary_tumor,Training/pituitary/Tr-pi_1222.jpg,1.0000
Training/pituitary_tumor/p (406).jpg,pituitary_tumor,Training/pituitary/Tr-pi_1358.jpg,1.0000
Training/pituitary_tumor/p (407).jpg,pituitary_tumor,Training/pituitary/Tr-pi_311.jpg,1.0000
Training/pituitary_tumor/p (408).jpg,pituitary_tumor,Training/pituitary/Tr-pi_311.jpg,1.0000
Training/pituitary_tumor/p (409).jpg,pituitary_tumor,Training/pituitary/Tr-pi_1227.jpg,1.0000
Training/pituitary_tumor/p (41).jpg,pituitary_tumor,Training/pituitary/Tr-pi_449.jpg,1.0000
Training/pituitary_tumor/p (410).jpg,pituitary_tumor,Training/pituitary/Tr-pi_222.jpg,1.0000
Training/pituitary_tumor/p (411).jpg,pituitary_tumor,Training/pituitary/Tr-pi_1090.jpg,1.0000
Training/pituitary_tumor/p (412).jpg,pituitary_tumor,Training/pituitary/Tr-pi_509.jpg,1.0000
Training/pituitary_tumor/p (413).jpg,pituitary_tumor,Training/pituitary/Tr-pi_569.jpg,1.0000
Training/pituitary_tumor/p (414).jpg,pituitary_tumor,Training/pituitary/Tr-pi_438.jpg,1.0000
Training/pituitary_tumor/p (415).jpg,pituitary_tumor,Training/pituitary/Tr-pi_71.jpg,1.0000
Training/pituitary_tumor/p (416).jpg,pituitary_tumor,Training/pituitary/Tr-pi_174.jpg,1.0000
Training/pituitary_tumor/p (417).jpg,pituitary_tumor,Training/pituitary/Tr-pi_1171.jpg,1.0000
Training/pituitary_tumor/p (418).jpg,pituitary_tumor,Training/pituitary/Tr-pi_951.jpg,1.0000
Training/pituitary_tumor/p (419).jpg,pituitary_tumor,Training/pituitary/Tr-pi_303.jpg,1.0000
Training/pituitary_tumor/p (42).jpg,pituitary_tumor,Training/pituitary/Tr-pi_543.jpg,1.0000
Training/pituitary_tumor/p (420).jpg,pituitary_tumor,Training/pituitary/Tr-pi_1251.jpg,1.0000
Training/pituitary_tumor/p (421).jpg,pituitary_tumor,Training/pituitary/Tr-pi_347.jpg,1.0000
Training/pituitary_tumor/p (422).jpg,pituitary_tumor,Training/pituitary/Tr-pi_1292.jpg,1.0000
Training/pituitary_tumor/p (423).jpg,pituitary_tumor,Training/pituitary/Tr-pi_990.jpg,1.0000
Training/pituitary_tumor/p (424).jpg,pituitary_tumor,Training/pituitary/Tr-pi_975.jpg,1.0000
Training/pituitary_tumor/p (425).jpg,pituitary_tumor,Training/pituitary/Tr-pi_537.jpg,1.0000
Training/pituitary_tumor/p (426).jpg,pituitary_tumor,Training/pituitary/Tr-pi_507.jpg,1.0000
Training/pituitary_tumor/p (427).jpg,pituitary_tumor,Training/pituitary/Tr-pi_84.jpg,1.0000
Training/pituitary_tumor/p (428).jpg,pituitary_tumor,Training/pituitary/Tr-pi_589.jpg,1.0000
Training/pituitary_tumor/p (429).jpg,pituitary_tumor,Training/pituitary/Tr-pi_1385.jpg,1.0000
Training/pituitary_tumor/p (43).jpg,pituitary_tumor,Training/pituitary/Tr-pi_779.jpg,1.0000
Training/pituitary_tumor/p (430).jpg,pituitary_tumor,Training/pituitary/Tr-pi_209.jpg,1.0000
Training/pituitary_tumor/p (431).jpg,pituitary_tumor,Training/pituitary/Tr-pi_226.jpg,1.0000
Training/pituitary_tumor/p (432).jpg,pituitary_tumor,Training/pituitary/Tr-pi_118.jpg,1.0000
Training/pituitary_tumor/p (433).jpg,pituitary_tumor,Training/pituitary/Tr-pi_656.jpg,1.0000
Training/pituitary_tumor/p (434).jpg,pituitary_tumor,Training/pituitary/Tr-pi_199.jpg,1.0000
Training/pituitary_tumor/p (435).jpg,pituitary_tumor,Training/pituitary/Tr-pi_785.jpg,1.0000
Training/pituitary_tumor/p (436).jpg,pituitary_tumor,Training/pituitary/Tr-pi_646.jpg,1.0000
Training/pituitary_tumor/p (437).jpg,pituitary_tumor,Training/pituitary/Tr-pi_1312.jpg,1.0000
Training/pituitary_tumor/p (438).jpg,pituitary_tumor,Training/pituitary/Tr-pi_414.jpg,1.0000
Training/pituitary_tumor/p (439).jpg,pituitary_tumor,Training/pituitary/Tr-pi_1054.jpg,1.0000
Training/pituitary_tumor/p (44).jpg,pituitary_tumor,Training/pituitary/Tr-pi_1285.jpg,1.0000
Training/pituitary_tumor/p (440).jpg,pituitary_tumor,Training/pituitary/Tr-pi_240.jpg,1.0000
Training/pituitary_tumor/p (441).jpg,pituitary_tumor,Training/pituitary/Tr-pi_200.jpg,1.0000
Training/pituitary_tumor/p (442).jpg,pituitary_tumor,Training/pituitary/Tr-pi_446.jpg,1.0000
Training/pituitary_tumor/p (443).jpg,pituitary_tumor,Training/pituitary/Tr-pi_955.jpg,1.0000
Training/pituitary_tumor/p (444).jpg,pituitary_tumor,Training/pituitary/Tr-pi_343.jpg,1.0000
Training/pituitary_tumor/p (445).jpg,pituitary_tumor,Training/pituitary/Tr-pi_184.jpg,1.0000
Training/pituitary_tumor/p (446).jpg,pituitary_tumor,Training/pituitary/Tr-pi_644.jpg,1.0000
Training/pituitary_tumor/p (447).jpg,pituitary_tumor,Training/pituitary/Tr-pi_865.jpg,1.0000
Training/pituitary_tumor/p (448).jpg,pituitary_tumor,Training/pituitary/Tr-pi_102.jpg,1.0000
Training/pituitary_tumor/p (449).jpg,pituitary_tumor,Training/pituitary/Tr-pi_921.jpg,1.0000
Training/pituitary_tumor/p (45).jpg,pituitary_tumor,Training/pituitary/Tr-pi_553.jpg,1.0000
Training/pituitary_tumor/p (450).jpg,pituitary_tumor,Training/pituitary/Tr-pi_1221.jpg,1.0000
Training/pituitary_tumor/p (451).jpg,pituitary_tumor,Training/pituitary/Tr-pi_85.jpg,1.0000
Training/pituitary_tumor/p (452).jpg,pituitary_tumor,Training/pituitary/Tr-pi_477.jpg,1.0000
Training/pituitary_tumor/p (453).jpg,pituitary_tumor,Training/pituitary/Tr-pi_409.jpg,1.0000
Training/pituitary_tumor/p (454).jpg,pituitary_tumor,Training/pituitary/Tr-pi_416.jpg,1.0000
Training/pituitary_tumor/p (455).jpg,pituitary_tumor,Training/pituitary/Tr-pi_1283.jpg,1.0000
Training/pituitary_tumor/p (456).jpg,pituitary_tumor,Training/pituitary/Tr-pi_1387.jpg,1.0000
Training/pituitary_tumor/p (457).jpg,pituitary_tumor,Training/pituitary/Tr-pi_187.jpg,1.0000
Training/pituitary_tumor/p (458).jpg,pituitary_tumor,Training/pituitary/Tr-pi_954.jpg,1.0000
Training/pituitary_tumor/p (459).jpg,pituitary_tumor,Training/pituitary/Tr-pi_292.jpg,1.0000
Training/pituitary_tumor/p (46).jpg,pituitary_tumor,Training/pituitary/Tr-pi_1080.jpg,1.0000
Training/pituitary_tumor/p (460).jpg,pituitary_tumor,Training/pituitary/Tr-pi_1214.jpg,1.0000
Training/pituitary_tumor/p (461).jpg,pituitary_tumor,Training/pituitary/Tr-pi_1331.jpg,1.0000
Training/pituitary_tumor/p (462).jpg,pituitary_tumor,Training/pituitary/Tr-pi_1147.jpg,1.0000
Training/pituitary_tumor/p (463).jpg,pituitary_tumor,Training/pituitary/Tr-pi_1233.jpg,1.0000
Training/pituitary_tumor/p (464).jpg,pituitary_tumor,Training/pituitary/Tr-pi_1305.jpg,1.0000
Training/pituitary_tumor/p (465).jpg,pituitary_tumor,Training/pituitary/Tr-pi_346.jpg,1.0000
Training/pituitary_tumor/p (466).jpg,pituitary_tumor,Training/pituitary/Tr-pi_811.jpg,1.0000
Training/pituitary_tumor/p (467).jpg,pituitary_tumor,Training/pituitary/Tr-pi_1046.jpg,1.0000
Training/pituitary_tumor/p (468).jpg,pituitary_tumor,Training/pituitary/Tr-pi_979.jpg,1.0000
Training/pituitary_tumor/p (469).jpg,pituitary_tumor,Training/pituitary/Tr-pi_235.jpg,1.0000
Training/pituitary_tumor/p (47).jpg,pituitary_tumor,Training/pituitary/Tr-pi_196.jpg,1.0000
Training/pituitary_tumor/p (470).jpg,pituitary_tumor,Training/pituitary/Tr-pi_368.jpg,1.0000
Training/pituitary_tumor/p (471).jpg,pituitary_tumor,Training/pituitary/Tr-pi_42.jpg,1.0000
Training/pituitary_tumor/p (472).jpg,pituitary_tumor,Training/pituitary/Tr-pi_78.jpg,1.0000
Training/pituitary_tumor/p (473).jpg,pituitary_tumor,Training/pituitary/Tr-pi_28.jpg,1.0000
Training/pituitary_tumor/p (474).jpg,pituitary_tumor,Training/pituitary/Tr-pi_722.jpg,1.0000
Training/pituitary_tumor/p (475).jpg,pituitary_tumor,Training/pituitary/Tr-pi_742.jpg,1.0000
Training/pituitary_tumor/p (476).jpg,pituitary_tumor,Training/pituitary/Tr-pi_1039.jpg,1.0000
Training/pituitary_tumor/p (477).jpg,pituitary_tumor,Training/pituitary/Tr-pi_947.jpg,1.0000
Training/pituitary_tumor/p (478).jpg,pituitary_tumor,Training/pituitary/Tr-pi_1097.jpg,1.0000
Training/pituitary_tumor/p (479).jpg,pituitary_tumor,Training/pituitary/Tr-pi_1335.jpg,1.0000
Training/pituitary_tumor/p (48).jpg,pituitary_tumor,Training/pituitary/Tr-pi_30.jpg,1.0000
Training/pituitary_tumor/p (480).jpg,pituitary_tumor,Training/pituitary/Tr-pi_1193.jpg,1.0000
Training/pituitary_tumor/p (481).jpg,pituitary_tumor,Training/pituitary/Tr-pi_264.jpg,1.0000
Training/pituitary_tumor/p (482).jpg,pituitary_tumor,Training/pituitary/Tr-pi_1100.jpg,1.0000
Training/pituitary_tumor/p (483).jpg,pituitary_tumor,Training/pituitary/Tr-pi_450.jpg,1.0000
Training/pituitary_tumor/p (484).jpg,pituitary_tumor,Training/pituitary/Tr-pi_377.jpg,1.0000
Training/pituitary_tumor/p (485).jpg,pituitary_tumor,Training/pituitary/Tr-pi_340.jpg,1.0000
Training/pituitary_tumor/p (486).jpg,pituitary_tumor,Training/pituitary/Tr-pi_733.jpg,1.0000
Training/pituitary_tumor/p (487).jpg,pituitary_tumor,Training/pituitary/Tr-pi_559.jpg,1.0000
Training/pituitary_tumor/p (488).jpg,pituitary_tumor,Training/pituitary/Tr-pi_247.jpg,1.0000
Training/pituitary_tumor/p (489).jpg,pituitary_tumor,Training/pituitary/Tr-pi_1083.jpg,1.0000
Training/pituitary_tumor/p (49).jpg,pituitary_tumor,Training/pituitary/Tr-pi_233.jpg,1.0000
Training/pituitary_tumor/p (490).jpg,pituitary_tumor,Training/pituitary/Tr-pi_415.jpg,1.0000
Training/pituitary_tumor/p (491).jpg,pituitary_tumor,Training/pituitary/Tr-pi_612.jpg,1.0000
Training/pituitary_tumor/p (492).jpg,pituitary_tumor,Training/pituitary/Tr-pi_986.jpg,1.0000
Training/pituitary_tumor/p (493).jpg,pituitary_tumor,Training/pituitary/Tr-pi_63.jpg,1.0000
Training/pituitary_tumor/p (494).jpg,pituitary_tumor,Training/pituitary/Tr-pi_696.jpg,1.0000
Training/pituitary_tumor/p (495).jpg,pituitary_tumor,Training/pituitary/Tr-pi_1217.jpg,1.0000
Training/pituitary_tumor/p (496).jpg,pituitary_tumor,Training/pituitary/Tr-pi_1388.jpg,1.0000
Training/pituitary_tumor/p (497).jpg,pituitary_tumor,Training/pituitary/Tr-pi_1002.jpg,1.0000
Training/pituitary_tumor/p (498).jpg,pituitary_tumor,Training/pituitary/Tr-pi_1327.jpg,1.0000
Training/pituitary_tumor/p (499).jpg,pituitary_tumor,Training/pituitary/Tr-pi_494.jpg,1.0000
Training/pituitary_tumor/p (5).jpg,pituitary_tumor,Training/pituitary/Tr-pi_374.jpg,1.0000
Training/pituitary_tumor/p (50).jpg,pituitary_tumor,Training/pituitary/Tr-pi_598.jpg,1.0000
Training/pituitary_tumor/p (500).jpg,pituitary_tumor,Training/pituitary/Tr-pi_1095.jpg,1.0000
Training/pituitary_tumor/p (501).jpg,pituitary_tumor,Training/pituitary/Tr-pi_736.jpg,1.0000
Training/pituitary_tumor/p (502).jpg,pituitary_tumor,Training/pituitary/Tr-pi_760.jpg,1.0000
Training/pituitary_tumor/p (503).jpg,pituitary_tumor,Training/pituitary/Tr-pi_974.jpg,1.0000
Training/pituitary_tumor/p (504).jpg,pituitary_tumor,Training/pituitary/Tr-pi_1167.jpg,1.0000
Training/pituitary_tumor/p (505).jpg,pituitary_tumor,Training/pituitary/Tr-pi_532.jpg,1.0000
Training/pituitary_tumor/p (506).jpg,pituitary_tumor,Training/pituitary/Tr-pi_1067.jpg,1.0000
Training/pituitary_tumor/p (507).jpg,pituitary_tumor,Training/pituitary/Tr-pi_963.jpg,1.0000
Training/pituitary_tumor/p (508).jpg,pituitary_tumor,Training/pituitary/Tr-pi_743.jpg,1.0000
Training/pituitary_tumor/p (509).jpg,pituitary_tumor,Training/pituitary/Tr-pi_225.jpg,1.0000
Training/pituitary_tumor/p (51).jpg,pituitary_tumor,Training/pituitary/Tr-pi_561.jpg,1.0000
Training/pituitary_tumor/p (510).jpg,pituitary_tumor,Training/pituitary/Tr-pi_1.jpg,1.0000
Training/pituitary_tumor/p (511).jpg,pituitary_tumor,Training/pituitary/Tr-pi_389.jpg,1.0000
Training/pituitary_tumor/p (512).jpg,pituitary_tumor,Training/pituitary/Tr-pi_357.jpg,1.0000
Training/pituitary_tumor/p (513).jpg,pituitary_tumor,Training/pituitary/Tr-pi_1294.jpg,1.0000
Training/pituitary_tumor/p (514).jpg,pituitary_tumor,Training/pituitary/Tr-pi_1355.jpg,1.0000
Training/pituitary_tumor/p (515).jpg,pituitary_tumor,Training/pituitary/Tr-pi_591.jpg,1.0000
Training/pituitary_tumor/p (516).jpg,pituitary_tumor,Training/pituitary/Tr-pi_1256.jpg,1.0000
Training/pituitary_tumor/p (517).jpg,pituitary_tumor,Training/pituitary/Tr-pi_110.jpg,1.0000
Training/pituitary_tumor/p (518).jpg,pituitary_tumor,Training/pituitary/Tr-pi_565.jpg,1.0000
Training/pituitary_tumor/p (519).jpg,pituitary_tumor,Training/pituitary/Tr-pi_588.jpg,1.0000
Training/pituitary_tumor/p (52).jpg,pituitary_tumor,Training/pituitary/Tr-pi_1272.jpg,1.0000
Training/pituitary_tumor/p (520).jpg,pituitary_tumor,Training/pituitary/Tr-pi_540.jpg,1.0000
Training/pituitary_tumor/p (521).jpg,pituitary_tumor,Training/pituitary/Tr-pi_301.jpg,1.0000
Training/pituitary_tumor/p (522).jpg,pituitary_tumor,Training/pituitary/Tr-pi_116.jpg,1.0000
Training/pituitary_tumor/p (523).jpg,pituitary_tumor,Training/pituitary/Tr-pi_957.jpg,1.0000
Training/pituitary_tumor/p (524).jpg,pituitary_tumor,Training/pituitary/Tr-pi_1099.jpg,1.0000
Training/pituitary_tumor/p (525).jpg,pituitary_tumor,Training/pituitary/Tr-pi_1249.jpg,1.0000
Training/pituitary_tumor/p (526).jpg,pituitary_tumor,Training/pituitary/Tr-pi_34.jpg,1.0000
Training/pituitary_tumor/p (527).jpg,pituitary_tumor,Training/pituitary/Tr-pi_549.jpg,1.0000
Training/pituitary_tumor/p (528).jpg,pituitary_tumor,Training/pituitary/Tr-pi_108.jpg,1.0000
Training/pituitary_tumor/p (529).jpg,pituitary_tumor,Training/pituitary/Tr-pi_1334.jpg,1.0000
Training/pituitary_tumor/p (53).jpg,pituitary_tumor,Training/pituitary/Tr-pi_1244.jpg,1.0000
Training/pituitary_tumor/p (530).jpg,pituitary_tumor,Training/pituitary/Tr-pi_428.jpg,1.0000
Training/pituitary_tumor/p (531).jpg,pituitary_tumor,Training/pituitary/Tr-pi_147.jpg,1.0000
Training/pituitary_tumor/p (532).jpg,pituitary_tumor,Training/pituitary/Tr-pi_902.jpg,1.0000
Training/pituitary_tumor/p (533).jpg,pituitary_tumor,Training/pituitary/Tr-pi_279.jpg,1.0000
Training/pituitary_tumor/p (534).jpg,pituitary_tumor,Training/pituitary/Tr-pi_1128.jpg,1.0000
Training/pituitary_tumor/p (535).jpg,pituitary_tumor,Training/pituitary/Tr-pi_571.jpg,1.0000
Training/pituitary_tumor/p (536).jpg,pituitary_tumor,Training/pituitary/Tr-pi_36.jpg,1.0000
Training/pituitary_tumor/p (537).jpg,pituitary_tumor,Training/pituitary/Tr-pi_1375.jpg,1.0000
Training/pituitary_tumor/p (538).jpg,pituitary_tumor,Training/pituitary/Tr-pi_548.jpg,1.0000
Training/pituitary_tumor/p (539).jpg,pituitary_tumor,Training/pituitary/Tr-pi_159.jpg,1.0000
Training/pituitary_tumor/p (54).jpg,pituitary_tumor,Training/pituitary/Tr-pi_1152.jpg,1.0000
Training/pituitary_tumor/p (540).jpg,pituitary_tumor,Training/pituitary/Tr-pi_534.jpg,1.0000
Training/pituitary_tumor/p (541).jpg,pituitary_tumor,Training/pituitary/Tr-pi_237.jpg,1.0000
Training/pituitary_tumor/p (542).jpg,pituitary_tumor,Training/pituitary/Tr-pi_873.jpg,1.0000
Training/pituitary_tumor/p (543).jpg,pituitary_tumor,Training/pituitary/Tr-pi_413.jpg,1.0000
Training/pituitary_tumor/p (544).jpg,pituitary_tumor,Training/pituitary/Tr-pi_124.jpg,1.0000
Training/pituitary_tumor/p (545).jpg,pituitary_tumor,Training/pituitary/Tr-pi_600.jpg,1.0000
Training/pituitary_tumor/p (546).jpg,pituitary_tumor,Training/pituitary/Tr-pi_920.jpg,1.0000
Training/pituitary_tumor/p (547).jpg,pituitary_tumor,Training/pituitary/Tr-pi_265.jpg,1.0000
Training/pituitary_tumor/p (548).jpg,pituitary_tumor,Training/pituitary/Tr-pi_1342.jpg,1.0000
Training/pituitary_tumor/p (549).jpg,pituitary_tumor,Training/pituitary/Tr-pi_14.jpg,1.0000
Training/pituitary_tumor/p (55).jpg,pituitary_tumor,Training/pituitary/Tr-pi_946.jpg,1.0000
Training/pituitary_tumor/p (550).jpg,pituitary_tumor,Training/pituitary/Tr-pi_1372.jpg,1.0000
Training/pituitary_tumor/p (551).jpg,pituitary_tumor,Training/pituitary/Tr-pi_458.jpg,1.0000
Training/pituitary_tumor/p (552).jpg,pituitary_tumor,Training/pituitary/Tr-pi_758.jpg,1.0000
Training/pituitary_tumor/p (553).jpg,pituitary_tumor,Training/pituitary/Tr-pi_554.jpg,1.0000
Training/pituitary_tumor/p (554).jpg,pituitary_tumor,Training/pituitary/Tr-pi_735.jpg,1.0000
Training/pituitary_tumor/p (555).jpg,pituitary_tumor,Training/pituitary/Tr-pi_575.jpg,1.0000
Training/pituitary_tumor/p (556).jpg,pituitary_tumor,Training/pituitary/Tr-pi_129.jpg,1.0000
Training/pituitary_tumor/p (557).jpg,pituitary_tumor,Training/pituitary/Tr-pi_1134.jpg,1.0000
Training/pituitary_tumor/p (558).jpg,pituitary_tumor,Training/pituitary/Tr-pi_223.jpg,1.0000
Training/pituitary_tumor/p (559).jpg,pituitary_tumor,Training/pituitary/Tr-pi_650.jpg,1.0000
Training/pituitary_tumor/p (56).jpg,pituitary_tumor,Training/pituitary/Tr-pi_302.jpg,1.0000
Training/pituitary_tumor/p (560).jpg,pituitary_tumor,Training/pituitary/Tr-pi_619.jpg,1.0000
Training/pituitary_tumor/p (561).jpg,pituitary_tumor,Testing/pituitary/Te-pi_176.jpg,1.0000
Training/pituitary_tumor/p (562).jpg,pituitary_tumor,Training/pituitary/Tr-pi_46.jpg,1.0000
Training/pituitary_tumor/p (563).jpg,pituitary_tumor,Training/pituitary/Tr-pi_201.jpg,1.0000
Training/pituitary_tumor/p (564).jpg,pituitary_tumor,Training/pituitary/Tr-pi_1023.jpg,1.0000
Training/pituitary_tumor/p (565).jpg,pituitary_tumor,Testing/pituitary/Te-pi_229.jpg,1.0000
Training/pituitary_tumor/p (566).jpg,pituitary_tumor,Testing/pituitary/Te-pi_229.jpg,1.0000
Training/pituitary_tumor/p (567).jpg,pituitary_tumor,Testing/pituitary/Te-pi_229.jpg,1.0000
Training/pituitary_tumor/p (568).jpg,pituitary_tumor,Testing/pituitary/Te-pi_229.jpg,1.0000
Training/pituitary_tumor/p (569).jpg,pituitary_tumor,Testing/pituitary/Te-pi_206.jpg,1.0000
Training/pituitary_tumor/p (57).jpg,pituitary_tumor,Training/pituitary/Tr-pi_838.jpg,1.0000
Training/pituitary_tumor/p (570).jpg,pituitary_tumor,Training/pituitary/Tr-pi_1098.jpg,1.0000
Training/pituitary_tumor/p (571).jpg,pituitary_tumor,Training/pituitary/Tr-pi_978.jpg,1.0000
Training/pituitary_tumor/p (572).jpg,pituitary_tumor,Training/pituitary/Tr-pi_87.jpg,1.0000
Training/pituitary_tumor/p (573).jpg,pituitary_tumor,Testing/pituitary/Te-pi_308.jpg,1.0000
Training/pituitary_tumor/p (574).jpg,pituitary_tumor,Training/pituitary/Tr-pi_459.jpg,1.0000
Training/pituitary_tumor/p (575).jpg,pituitary_tumor,Training/pituitary/Tr-pi_1263.jpg,1.0000
Training/pituitary_tumor/p (576).jpg,pituitary_tumor,Training/pituitary/Tr-pi_746.jpg,1.0000
Training/pituitary_tumor/p (577).jpg,pituitary_tumor,Testing/pituitary/Te-pi_186.jpg,1.0000
Training/pituitary_tumor/p (578).jpg,pituitary_tumor,Training/pituitary/Tr-pi_221.jpg,1.0000
Training/pituitary_tumor/p (579).jpg,pituitary_tumor,Training/pituitary/Tr-pi_221.jpg,1.0000
Training/pituitary_tumor/p (58).jpg,pituitary_tumor,Training/pituitary/Tr-pi_321.jpg,1.0000
Training/pituitary_tumor/p (580).jpg,pituitary_tumor,Training/pituitary/Tr-pi_221.jpg,1.0000
Training/pituitary_tumor/p (581).jpg,pituitary_tumor,Testing/pituitary/Te-pi_170.jpg,1.0000
Training/pituitary_tumor/p (582).jpg,pituitary_tumor,Training/pituitary/Tr-pi_89.jpg,1.0000
Training/pituitary_tumor/p (583).jpg,pituitary_tumor,Training/pituitary/Tr-pi_1298.jpg,1.0000
Training/pituitary_tumor/p (584).jpg,pituitary_tumor,Training/pituitary/Tr-pi_24.jpg,1.0000
Training/pituitary_tumor/p (585).jpg,pituitary_tumor,Testing/pituitary/Te-pi_273.jpg,1.0000
Training/pituitary_tumor/p (586).jpg,pituitary_tumor,Training/pituitary/Tr-pi_996.jpg,1.0000
Training/pituitary_tumor/p (587).jpg,pituitary_tumor,Training/pituitary/Tr-pi_1113.jpg,1.0000
Training/pituitary_tumor/p (588).jpg,pituitary_tumor,Training/pituitary/Tr-pi_65.jpg,1.0000
Training/pituitary_tumor/p (589).jpg,pituitary_tumor,Testing/pituitary/Te-pi_383.jpg,1.0000
Training/pituitary_tumor/p (59).jpg,pituitary_tumor,Training/pituitary/Tr-pi_1271.jpg,1.0000
Training/pituitary_tumor/p (590).jpg,pituitary_tumor,Training/pituitary/Tr-pi_224.jpg,1.0000
Training/pituitary_tumor/p (591).jpg,pituitary_tumor,Training/pituitary/Tr-pi_882.jpg,1.0000
Training/pituitary_tumor/p (592).jpg,pituitary_tumor,Training/pituitary/Tr-pi_830.jpg,1.0000
Training/pituitary_tumor/p (593).jpg,pituitary_tumor,Testing/pituitary/Te-pi_325.jpg,1.0000
Training/pituitary_tumor/p (594).jpg,pituitary_tumor,Training/pituitary/Tr-pi_127.jpg,1.0000
Training/pituitary_tumor/p (595).jpg,pituitary_tumor,Training/pituitary/Tr-pi_1024.jpg,1.0000
Training/pituitary_tumor/p (596).jpg,pituitary_tumor,Training/pituitary/Tr-pi_388.jpg,1.0000
Training/pituitary_tumor/p (597).jpg,pituitary_tumor,Testing/pituitary/Te-pi_390.jpg,1.0000
Training/pituitary_tumor/p (598).jpg,pituitary_tumor,Training/pituitary/Tr-pi_581.jpg,1.0000
Training/pituitary_tumor/p (599).jpg,pituitary_tumor,Training/pituitary/Tr-pi_1119.jpg,1.0000
Training/pituitary_tumor/p (6).jpg,pituitary_tumor,Training/pituitary/Tr-pi_1291.jpg,1.0000
Training/pituitary_tumor/p (60).jpg,pituitary_tumor,Training/pituitary/Tr-pi_305.jpg,1.0000
Training/pituitary_tumor/p (600).jpg,pituitary_tumor,Training/pituitary/Tr-pi_1186.jpg,1.0000
Training/pituitary_tumor/p (601).jpg,pituitary_tumor,Testing/pituitary/Te-pi_92.jpg,1.0000
Training/pituitary_tumor/p (602).jpg,pituitary_tumor,Training/pituitary/Tr-pi_731.jpg,1.0000
Training/pituitary_tumor/p (603).jpg,pituitary_tumor,Training/pituitary/Tr-pi_1041.jpg,1.0000
Training/pituitary_tumor/p (604).jpg,pituitary_tumor,Training/pituitary/Tr-pi_716.jpg,1.0000
Training/pituitary_tumor/p (605).jpg,pituitary_tumor,Testing/pituitary/Te-pi_301.jpg,1.0000
Training/pituitary_tumor/p (606).jpg,pituitary_tumor,Training/pituitary/Tr-pi_1248.jpg,1.0000
Training/pituitary_tumor/p (607).jpg,pituitary_tumor,Training/pituitary/Tr-pi_162.jpg,1.0000
Training/pituitary_tumor/p (608).jpg,pituitary_tumor,Training/pituitary/Tr-pi_636.jpg,1.0000
Training/pituitary_tumor/p (609).jpg,pituitary_tumor,Testing/pituitary/Te-pi_395.jpg,1.0000
Training/pituitary_tumor/p (61).jpg,pituitary_tumor,Training/pituitary/Tr-pi_854.jpg,1.0000
Training/pituitary_tumor/p (610).jpg,pituitary_tumor,Training/pituitary/Tr-pi_142.jpg,1.0000
Training/pituitary_tumor/p (611).jpg,pituitary_tumor,Training/pituitary/Tr-pi_391.jpg,1.0000
Training/pituitary_tumor/p (612).jpg,pituitary_tumor,Training/pituitary/Tr-pi_13.jpg,1.0000
Training/pituitary_tumor/p (613).jpg,pituitary_tumor,Testing/pituitary/Te-pi_393.jpg,1.0000
Training/pituitary_tumor/p (614).jpg,pituitary_tumor,Training/pituitary/Tr-pi_626.jpg,1.0000
Training/pituitary_tumor/p (615).jpg,pituitary_tumor,Training/pituitary/Tr-pi_1045.jpg,1.0000
Training/pituitary_tumor/p (616).jpg,pituitary_tumor,Training/pituitary/Tr-pi_886.jpg,1.0000
Training/pituitary_tumor/p (617).jpg,pituitary_tumor,Testing/pituitary/Te-pi_93.jpg,1.0000
Training/pituitary_tumor/p (618).jpg,pituitary_tumor,Training/pituitary/Tr-pi_749.jpg,1.0000
Training/pituitary_tumor/p (619).jpg,pituitary_tumor,Training/pituitary/Tr-pi_351.jpg,1.0000
Training/pituitary_tumor/p (62).jpg,pituitary_tumor,Training/pituitary/Tr-pi_1140.jpg,1.0000
Training/pituitary_tumor/p (620).jpg,pituitary_tumor,Training/pituitary/Tr-pi_323.jpg,1.0000
Training/pituitary_tumor/p (621).jpg,pituitary_tumor,Testing/pituitary/Te-pi_158.jpg,1.0000
Training/pituitary_tumor/p (622).jpg,pituitary_tumor,Training/pituitary/Tr-pi_939.jpg,1.0000
Training/pituitary_tumor/p (623).jpg,pituitary_tumor,Training/pituitary/Tr-pi_858.jpg,1.0000
Training/pituitary_tumor/p (624).jpg,pituitary_tumor,Training/pituitary/Tr-pi_918.jpg,1.0000
Training/pituitary_tumor/p (625).jpg,pituitary_tumor,Testing/pituitary/Te-pi_42.jpg,1.0000
Training/pituitary_tumor/p (626).jpg,pituitary_tumor,Training/pituitary/Tr-pi_1241.jpg,1.0000
Training/pituitary_tumor/p (627).jpg,pituitary_tumor,Training/pituitary/Tr-pi_618.jpg,1.0000
Training/pituitary_tumor/p (628).jpg,pituitary_tumor,Training/pituitary/Tr-pi_1160.jpg,1.0000
Training/pituitary_tumor/p (629).jpg,pituitary_tumor,Testing/pituitary/Te-pi_212.jpg,1.0000
Training/pituitary_tumor/p (63).jpg,pituitary_tumor,Training/pituitary/Tr-pi_80.jpg,1.0000
Training/pituitary_tumor/p (630).jpg,pituitary_tumor,Training/pituitary/Tr-pi_21.jpg,1.0000
Training/pituitary_tumor/p (631).jpg,pituitary_tumor,Training/pituitary/Tr-pi_1392.jpg,1.0000
Training/pituitary_tumor/p (632).jpg,pituitary_tumor,Training/pituitary/Tr-pi_6.jpg,1.0000
Training/pituitary_tumor/p (633).jpg,pituitary_tumor,Testing/pituitary/Te-pi_89.jpg,1.0000
Training/pituitary_tumor/p (634).jpg,pituitary_tumor,Training/pituitary/Tr-pi_1094.jpg,1.0000
Training/pituitary_tumor/p (635).jpg,pituitary_tumor,Training/pituitary/Tr-pi_1348.jpg,1.0000
Training/pituitary_tumor/p (636).jpg,pituitary_tumor,Training/pituitary/Tr-pi_937.jpg,1.0000
Training/pituitary_tumor/p (637).jpg,pituitary_tumor,Testing/pituitary/Te-pi_49.jpg,1.0000
Training/pituitary_tumor/p (638).jpg,pituitary_tumor,Training/pituitary/Tr-pi_679.jpg,1.0000
Training/pituitary_tumor/p (639).jpg,pituitary_tumor,Training/pituitary/Tr-pi_576.jpg,1.0000
Training/pituitary_tumor/p (64).jpg,pituitary_tumor,Training/pituitary/Tr-pi_161.jpg,1.0000
Training/pituitary_tumor/p (640).jpg,pituitary_tumor,Training/pituitary/Tr-pi_717.jpg,1.0000
Training/pituitary_tumor/p (641).jpg,pituitary_tumor,Testing/pituitary/Te-pi_391.jpg,1.0000
Training/pituitary_tumor/p (642).jpg,pituitary_tumor,Training/pituitary/Tr-pi_586.jpg,1.0000
Training/pituitary_tumor/p (643).jpg,pituitary_tumor,Training/pituitary/Tr-pi_412.jpg,1.0000
Training/pituitary_tumor/p (644).jpg,pituitary_tumor,Training/pituitary/Tr-pi_1197.jpg,1.0000
Training/pituitary_tumor/p (645).jpg,pituitary_tumor,Testing/pituitary/Te-pi_118.jpg,1.0000
Training/pituitary_tumor/p (646).jpg,pituitary_tumor,Training/pituitary/Tr-pi_314.jpg,1.0000
Training/pituitary_tumor/p (647).jpg,pituitary_tumor,Training/pituitary/Tr-pi_632.jpg,1.0000
Training/pituitary_tumor/p (648).jpg,pituitary_tumor,Training/pituitary/Tr-pi_1362.jpg,1.0000
Training/pituitary_tumor/p (649).jpg,pituitary_tumor,Testing/pituitary/Te-pi_345.jpg,1.0000
Training/pituitary_tumor/p (65).jpg,pituitary_tumor,Training/pituitary/Tr-pi_463.jpg,1.0000
Training/pituitary_tumor/p (650).jpg,pituitary_tumor,Training/pituitary/Tr-pi_155.jpg,1.0000
Training/pituitary_tumor/p (651).jpg,pituitary_tumor,Training/pituitary/Tr-pi_22.jpg,1.0000
Training/pituitary_tumor/p (652).jpg,pituitary_tumor,Training/pituitary/Tr-pi_846.jpg,1.0000
Training/pituitary_tumor/p (653).jpg,pituitary_tumor,Testing/pituitary/Te-pi_55.jpg,1.0000
Training/pituitary_tumor/p (654).jpg,pituitary_tumor,Training/pituitary/Tr-pi_891.jpg,1.0000
Training/pituitary_tumor/p (655).jpg,pituitary_tumor,Training/pituitary/Tr-pi_764.jpg,1.0000
Training/pituitary_tumor/p (656).jpg,pituitary_tumor,Training/pituitary/Tr-pi_360.jpg,1.0000
Training/pituitary_tumor/p (657).jpg,pituitary_tumor,Testing/pituitary/Te-pi_80.jpg,1.0000
Training/pituitary_tumor/p (658).jpg,pituitary_tumor,Training/pituitary/Tr-pi_747.jpg,1.0000
Training/pituitary_tumor/p (659).jpg,pituitary_tumor,Training/pituitary/Tr-pi_470.jpg,1.0000
Training/pituitary_tumor/p (66).jpg,pituitary_tumor,Training/pituitary/Tr-pi_842.jpg,1.0000
Training/pituitary_tumor/p (660).jpg,pituitary_tumor,Training/pituitary/Tr-pi_1368.jpg,1.0000
Training/pituitary_tumor/p (661).jpg,pituitary_tumor,Testing/pituitary/Te-pi_2.jpg,1.0000
Training/pituitary_tumor/p (662).jpg,pituitary_tumor,Training/pituitary/Tr-pi_751.jpg,1.0000
Training/pituitary_tumor/p (663).jpg,pituitary_tumor,Training/pituitary/Tr-pi_1208.jpg,1.0000
Training/pituitary_tumor/p (664).jpg,pituitary_tumor,Training/pituitary/Tr-pi_1359.jpg,1.0000
Training/pituitary_tumor/p (665).jpg,pituitary_tumor,Testing/pituitary/Te-pi_189.jpg,1.0000
Training/pituitary_tumor/p (666).jpg,pituitary_tumor,Training/pituitary/Tr-pi_157.jpg,1.0000
Training/pituitary_tumor/p (667).jpg,pituitary_tumor,Training/pituitary/Tr-pi_556.jpg,1.0000
Training/pituitary_tumor/p (668).jpg,pituitary_tumor,Training/pituitary/Tr-pi_106.jpg,1.0000
Training/pituitary_tumor/p (669).jpg,pituitary_tumor,Testing/pituitary/Te-pi_166.jpg,1.0000
Training/pituitary_tumor/p (67).jpg,pituitary_tumor,Training/pituitary/Tr-pi_1363.jpg,1.0000
Training/pituitary_tumor/p (670).jpg,pituitary_tumor,Training/pituitary/Tr-pi_333.jpg,1.0000
Training/pituitary_tumor/p (671).jpg,pituitary_tumor,Training/pituitary/Tr-pi_244.jpg,1.0000
Training/pituitary_tumor/p (672).jpg,pituitary_tumor,Training/pituitary/Tr-pi_1340.jpg,1.0000
Training/pituitary_tumor/p (673).jpg,pituitary_tumor,Testing/pituitary/Te-pi_328.jpg,1.0000
Training/pituitary_tumor/p (674).jpg,pituitary_tumor,Training/pituitary/Tr-pi_608.jpg,1.0000
Training/pituitary_tumor/p (675).jpg,pituitary_tumor,Training/pituitary/Tr-pi_304.jpg,1.0000
Training/pituitary_tumor/p (676).jpg,pituitary_tumor,Training/pituitary/Tr-pi_1242.jpg,1.0000
Training/pituitary_tumor/p (677).jpg,pituitary_tumor,Testing/pituitary/Te-pi_8.jpg,1.0000
Training/pituitary_tumor/p (678).jpg,pituitary_tumor,Training/pituitary/Tr-pi_313.jpg,1.0000
Training/pituitary_tumor/p (679).jpg,pituitary_tumor,Training/pituitary/Tr-pi_1047.jpg,1.0000
Training/pituitary_tumor/p (68).jpg,pituitary_tumor,Training/pituitary/Tr-pi_623.jpg,1.0000
Training/pituitary_tumor/p (680).jpg,pituitary_tumor,Training/pituitary/Tr-pi_940.jpg,1.0000
Training/pituitary_tumor/p (681).jpg,pituitary_tumor,Testing/pituitary/Te-pi_95.jpg,1.0000
Training/pituitary_tumor/p (682).jpg,pituitary_tumor,Training/pituitary/Tr-pi_639.jpg,1.0000
Training/pituitary_tumor/p (683).jpg,pituitary_tumor,Training/pituitary/Tr-pi_952.jpg,1.0000
Training/pituitary_tumor/p (684).jpg,pituitary_tumor,Training/pituitary/Tr-pi_1365.jpg,1.0000
Training/pituitary_tumor/p (685).jpg,pituitary_tumor,Testing/pituitary/Te-pi_40.jpg,1.0000
Training/pituitary_tumor/p (686).jpg,pituitary_tumor,Training/pituitary/Tr-pi_243.jpg,1.0000
Training/pituitary_tumor/p (687).jpg,pituitary_tumor,Training/pituitary/Tr-pi_796.jpg,1.0000
Training/pituitary_tumor/p (688).jpg,pituitary_tumor,Training/pituitary/Tr-pi_689.jpg,1.0000
Training/pituitary_tumor/p (689).jpg,pituitary_tumor,Testing/pituitary/Te-pi_249.jpg,1.0000
Training/pituitary_tumor/p (69).jpg,pituitary_tumor,Training/pituitary/Tr-pi_268.jpg,1.0000
Training/pituitary_tumor/p (690).jpg,pituitary_tumor,Training/pituitary/Tr-pi_818.jpg,1.0000
Training/pituitary_tumor/p (691).jpg,pituitary_tumor,Training/pituitary/Tr-pi_797.jpg,1.0000
Training/pituitary_tumor/p (692).jpg,pituitary_tumor,Training/pituitary/Tr-pi_824.jpg,1.0000
Training/pituitary_tumor/p (693).jpg,pituitary_tumor,Testing/pituitary/Te-pi_268.jpg,1.0000
Training/pituitary_tumor/p (694).jpg,pituitary_tumor,Training/pituitary/Tr-pi_59.jpg,1.0000
Training/pituitary_tumor/p (695).jpg,pituitary_tumor,Training/pituitary/Tr-pi_652.jpg,1.0000
Training/pituitary_tumor/p (696).jpg,pituitary_tumor,Training/pituitary/Tr-pi_475.jpg,1.0000
Training/pituitary_tumor/p (697).jpg,pituitary_tumor,Testing/pituitary/Te-pi_174.jpg,1.0000
Training/pituitary_tumor/p (698).jpg,pituitary_tumor,Training/pituitary/Tr-pi_220.jpg,1.0000
Training/pituitary_tumor/p (699).jpg,pituitary_tumor,Training/pituitary/Tr-pi_825.jpg,1.0000
Training/pituitary_tumor/p (7).jpg,pituitary_tumor,Training/pituitary/Tr-pi_392.jpg,1.0000
Training/pituitary_tumor/p (70).jpg,pituitary_tumor,Training/pituitary/Tr-pi_167.jpg,1.0000
Training/pituitary_tumor/p (700).jpg,pituitary_tumor,Training/pituitary/Tr-pi_326.jpg,1.0000
Training/pituitary_tumor/p (701).jpg,pituitary_tumor,Testing/pituitary/Te-pi_31.jpg,1.0000
Training/pituitary_tumor/p (702).jpg,pituitary_tumor,Training/pituitary/Tr-pi_383.jpg,1.0000
Training/pituitary_tumor/p (703).jpg,pituitary_tumor,Training/pituitary/Tr-pi_336.jpg,1.0000
Training/pituitary_tumor/p (704).jpg,pituitary_tumor,Training/pituitary/Tr-pi_467.jpg,1.0000
Training/pituitary_tumor/p (705).jpg,pituitary_tumor,Testing/pituitary/Te-pi_115.jpg,1.0000
Training/pituitary_tumor/p (706).jpg,pituitary_tumor,Training/pituitary/Tr-pi_831.jpg,1.0000
Training/pituitary_tumor/p (707).jpg,pituitary_tumor,Training/pituitary/Tr-pi_801.jpg,1.0000
Training/pituitary_tumor/p (708).jpg,pituitary_tumor,Training/pituitary/Tr-pi_125.jpg,1.0000
Training/pituitary_tumor/p (709).jpg,pituitary_tumor,Testing/pituitary/Te-pi_3.jpg,1.0000
Training/pituitary_tumor/p (71).jpg,pituitary_tumor,Training/pituitary/Tr-pi_288.jpg,1.0000
Training/pituitary_tumor/p (710).jpg,pituitary_tumor,Training/pituitary/Tr-pi_1173.jpg,1.0000
Training/pituitary_tumor/p (711).jpg,pituitary_tumor,Training/pituitary/Tr-pi_942.jpg,1.0000
Training/pituitary_tumor/p (712).jpg,pituitary_tumor,Training/pituitary/Tr-pi_734.jpg,1.0000
Training/pituitary_tumor/p (713).jpg,pituitary_tumor,Testing/pituitary/Te-pi_88.jpg,1.0000
Training/pituitary_tumor/p (714).jpg,pituitary_tumor,Training/pituitary/Tr-pi_677.jpg,1.0000
Training/pituitary_tumor/p (715).jpg,pituitary_tumor,Training/pituitary/Tr-pi_259.jpg,1.0000
Training/pituitary_tumor/p (716).jpg,pituitary_tumor,Training/pituitary/Tr-pi_242.jpg,1.0000
Training/pituitary_tumor/p (717).jpg,pituitary_tumor,Testing/pituitary/Te-pi_315.jpg,1.0000
Training/pituitary_tumor/p (718).jpg,pituitary_tumor,Training/pituitary/Tr-pi_1329.jpg,1.0000
Training/pituitary_tumor/p (719).jpg,pituitary_tumor,Training/pituitary/Tr-pi_536.jpg,1.0000
Training/pituitary_tumor/p (72).jpg,pituitary_tumor,Training/pituitary/Tr-pi_486.jpg,1.0000
Training/pituitary_tumor/p (720).jpg,pituitary_tumor,Training/pituitary/Tr-pi_439.jpg,1.0000
Training/pituitary_tumor/p (721).jpg,pituitary_tumor,Testing/pituitary/Te-pi_178.jpg,1.0000
Training/pituitary_tumor/p (722).jpg,pituitary_tumor,Training/pituitary/Tr-pi_1148.jpg,1.0000
Training/pituitary_tumor/p (723).jpg,pituitary_tumor,Training/pituitary/Tr-pi_1228.jpg,1.0000
Training/pituitary_tumor/p (724).jpg,pituitary_tumor,Training/pituitary/Tr-pi_1189.jpg,1.0000
Training/pituitary_tumor/p (725).jpg,pituitary_tumor,Testing/pituitary/Te-pi_286.jpg,1.0000
Training/pituitary_tumor/p (726).jpg,pituitary_tumor,Training/pituitary/Tr-pi_669.jpg,1.0000
Training/pituitary_tumor/p (727).jpg,pituitary_tumor,Training/pituitary/Tr-pi_730.jpg,1.0000
Training/pituitary_tumor/p (728).jpg,pituitary_tumor,Training/pituitary/Tr-pi_823.jpg,1.0000
Training/pituitary_tumor/p (729).jpg,pituitary_tumor,Testing/pituitary/Te-pi_139.jpg,1.0000
Training/pituitary_tumor/p (73).jpg,pituitary_tumor,Training/pituitary/Tr-pi_1001.jpg,1.0000
Training/pituitary_tumor/p (730).jpg,pituitary_tumor,Training/pituitary/Tr-pi_113.jpg,1.0000
Training/pituitary_tumor/p (731).jpg,pituitary_tumor,Training/pituitary/Tr-pi_1104.jpg,1.0000
Training/pituitary_tumor/p (732).jpg,pituitary_tumor,Training/pituitary/Tr-pi_870.jpg,1.0000
Training/pituitary_tumor/p (733).jpg,pituitary_tumor,Testing/pituitary/Te-pi_30.jpg,1.0000
Training/pituitary_tumor/p (734).jpg,pituitary_tumor,Training/pituitary/Tr-pi_1322.jpg,1.0000
Training/pituitary_tumor/p (735).jpg,pituitary_tumor,Training/pituitary/Tr-pi_298.jpg,1.0000
Training/pituitary_tumor/p (736).jpg,pituitary_tumor,Training/pituitary/Tr-pi_186.jpg,1.0000
Training/pituitary_tumor/p (737).jpg,pituitary_tumor,Testing/pituitary/Te-pi_356.jpg,1.0000
Training/pituitary_tumor/p (738).jpg,pituitary_tumor,Testing/pituitary/Te-pi_356.jpg,1.0000
Training/pituitary_tumor/p (739).jpg,pituitary_tumor,Training/pituitary/Tr-pi_76.jpg,1.0000
Training/pituitary_tumor/p (74).jpg,pituitary_tumor,Training/pituitary/Tr-pi_562.jpg,1.0000
Training/pituitary_tumor/p (740).jpg,pituitary_tumor,Training/pituitary/Tr-pi_395.jpg,1.0000
Training/pituitary_tumor/p (741).jpg,pituitary_tumor,Testing/pituitary/Te-pi_168.jpg,1.0000
Training/pituitary_tumor/p (742).jpg,pituitary_tumor,Testing/pituitary/Te-pi_168.jpg,1.0000
Training/pituitary_tumor/p (743).jpg,pituitary_tumor,Training/pituitary/Tr-pi_231.jpg,1.0000
Training/pituitary_tumor/p (744).jpg,pituitary_tumor,Training/pituitary/Tr-pi_178.jpg,1.0000
Training/pituitary_tumor/p (745).jpg,pituitary_tumor,Testing/pituitary/Te-pi_28.jpg,1.0000
Training/pituitary_tumor/p (746).jpg,pituitary_tumor,Training/pituitary/Tr-pi_1086.jpg,1.0000
Training/pituitary_tumor/p (747).jpg,pituitary_tumor,Training/pituitary/Tr-pi_904.jpg,1.0000
Training/pituitary_tumor/p (748).jpg,pituitary_tumor,Training/pituitary/Tr-pi_1139.jpg,1.0000
Training/pituitary_tumor/p (749).jpg,pituitary_tumor,Testing/pituitary/Te-pi_235.jpg,1.0000
Training/pituitary_tumor/p (75).jpg,pituitary_tumor,Training/pituitary/Tr-pi_70.jpg,1.0000
Training/pituitary_tumor/p (750).jpg,pituitary_tumor,Training/pituitary/Tr-pi_480.jpg,1.0000
Training/pituitary_tumor/p (751).jpg,pituitary_tumor,Training/pituitary/Tr-pi_163.jpg,1.0000
Training/pituitary_tumor/p (752).jpg,pituitary_tumor,Training/pituitary/Tr-pi_163.jpg,1.0000
Training/pituitary_tumor/p (753).jpg,pituitary_tumor,Testing/pituitary/Te-pi_127.jpg,1.0000
Training/pituitary_tumor/p (754).jpg,pituitary_tumor,Training/pituitary/Tr-pi_539.jpg,1.0000
Training/pituitary_tumor/p (755).jpg,pituitary_tumor,Training/pituitary/Tr-pi_929.jpg,1.0000
Training/pituitary_tumor/p (756).jpg,pituitary_tumor,Training/pituitary/Tr-pi_617.jpg,1.0000
Training/pituitary_tumor/p (757).jpg,pituitary_tumor,Testing/pituitary/Te-pi_379.jpg,1.0000
Training/pituitary_tumor/p (758).jpg,pituitary_tumor,Training/pituitary/Tr-pi_1287.jpg,1.0000
Training/pituitary_tumor/p (759).jpg,pituitary_tumor,Training/pituitary/Tr-pi_119.jpg,1.0000
Training/pituitary_tumor/p (76).jpg,pituitary_tumor,Training/pituitary/Tr-pi_260.jpg,1.0000
Training/pituitary_tumor/p (760).jpg,pituitary_tumor,Training/pituitary/Tr-pi_938.jpg,1.0000
Training/pituitary_tumor/p (761).jpg,pituitary_tumor,Testing/pituitary/Te-pi_203.jpg,1.0000
Training/pituitary_tumor/p (762).jpg,pituitary_tumor,Training/pituitary/Tr-pi_1061.jpg,1.0000
Training/pituitary_tumor/p (763).jpg,pituitary_tumor,Training/pituitary/Tr-pi_245.jpg,1.0000
Training/pituitary_tumor/p (764).jpg,pituitary_tumor,Training/pituitary/Tr-pi_788.jpg,1.0000
Training/pituitary_tumor/p (765).jpg,pituitary_tumor,Testing/pituitary/Te-pi_117.jpg,1.0000
Training/pituitary_tumor/p (766).jpg,pituitary_tumor,Training/pituitary/Tr-pi_1102.jpg,1.0000
Training/pituitary_tumor/p (767).jpg,pituitary_tumor,Training/pituitary/Tr-pi_1150.jpg,1.0000
Training/pituitary_tumor/p (768).jpg,pituitary_tumor,Training/pituitary/Tr-pi_1215.jpg,1.0000
Training/pituitary_tumor/p (769).jpg,pituitary_tumor,Testing/pituitary/Te-pi_43.jpg,1.0000
Training/pituitary_tumor/p (77).jpg,pituitary_tumor,Training/pituitary/Tr-pi_1132.jpg,1.0000
Training/pituitary_tumor/p (770).jpg,pituitary_tumor,Training/pituitary/Tr-pi_1190.jpg,1.0000
Training/pituitary_tumor/p (771).jpg,pituitary_tumor,Training/pituitary/Tr-pi_254.jpg,1.0000
Training/pituitary_tumor/p (772).jpg,pituitary_tumor,Training/pituitary/Tr-pi_1301.jpg,1.0000
Training/pituitary_tumor/p (773).jpg,pituitary_tumor,Testing/pituitary/Te-pi_336.jpg,1.0000
Training/pituitary_tumor/p (774).jpg,pituitary_tumor,Training/pituitary/Tr-pi_381.jpg,1.0000
Training/pituitary_tumor/p (775).jpg,pituitary_tumor,Training/pituitary/Tr-pi_791.jpg,1.0000
Training/pituitary_tumor/p (776).jpg,pituitary_tumor,Training/pituitary/Tr-pi_1202.jpg,1.0000
Training/pituitary_tumor/p (777).jpg,pituitary_tumor,Testing/pituitary/Te-pi_264.jpg,1.0000
Training/pituitary_tumor/p (778).jpg,pituitary_tumor,Training/pituitary/Tr-pi_1203.jpg,1.0000
Training/pituitary_tumor/p (779).jpg,pituitary_tumor,Training/pituitary/Tr-pi_29.jpg,1.0000
Training/pituitary_tumor/p (78).jpg,pituitary_tumor,Training/pituitary/Tr-pi_386.jpg,1.0000
Training/pituitary_tumor/p (780).jpg,pituitary_tumor,Testing/pituitary/Te-pi_298.jpg,1.0000
Training/pituitary_tumor/p (781).jpg,pituitary_tumor,Testing/pituitary/Te-pi_298.jpg,1.0000
Training/pituitary_tumor/p (782).jpg,pituitary_tumor,Training/pituitary/Tr-pi_678.jpg,1.0000
Training/pituitary_tumor/p (783).jpg,pituitary_tumor,Training/pituitary/Tr-pi_1146.jpg,1.0000
Training/pituitary_tumor/p (784).jpg,pituitary_tumor,Training/pituitary/Tr-pi_426.jpg,1.0000
Training/pituitary_tumor/p (785).jpg,pituitary_tumor,Testing/pituitary/Te-pi_382.jpg,1.0000
Training/pituitary_tumor/p (786).jpg,pituitary_tumor,Training/pituitary/Tr-pi_699.jpg,1.0000
Training/pituitary_tumor/p (787).jpg,pituitary_tumor,Training/pituitary/Tr-pi_605.jpg,1.0000
Training/pituitary_tumor/p (788).jpg,pituitary_tumor,Training/pituitary/Tr-pi_81.jpg,1.0000
Training/pituitary_tumor/p (789).jpg,pituitary_tumor,Testing/pituitary/Te-pi_342.jpg,1.0000
Training/pituitary_tumor/p (79).jpg,pituitary_tumor,Training/pituitary/Tr-pi_398.jpg,1.0000
Training/pituitary_tumor/p (790).jpg,pituitary_tumor,Training/pituitary/Tr-pi_210.jpg,1.0000
Training/pituitary_tumor/p (791).jpg,pituitary_tumor,Training/pituitary/Tr-pi_971.jpg,1.0000
Training/pituitary_tumor/p (792).jpg,pituitary_tumor,Training/pituitary/Tr-pi_1349.jpg,1.0000
Training/pituitary_tumor/p (793).jpg,pituitary_tumor,Testing/pituitary/Te-pi_361.jpg,1.0000
Training/pituitary_tumor/p (794).jpg,pituitary_tumor,Training/pituitary/Tr-pi_232.jpg,1.0000
Training/pituitary_tumor/p (795).jpg,pituitary_tumor,Training/pituitary/Tr-pi_133.jpg,1.0000
Training/pituitary_tumor/p (796).jpg,pituitary_tumor,Training/pituitary/Tr-pi_1247.jpg,1.0000
Training/pituitary_tumor/p (797).jpg,pituitary_tumor,Testing/pituitary/Te-pi_240.jpg,1.0000
Training/pituitary_tumor/p (798).jpg,pituitary_tumor,Training/pituitary/Tr-pi_1088.jpg,1.0000
Training/pituitary_tumor/p (799).jpg,pituitary_tumor,Training/pituitary/Tr-pi_1212.jpg,1.0000
Training/pituitary_tumor/p (8).jpg,pituitary_tumor,Training/pituitary/Tr-pi_855.jpg,1.0000
Training/pituitary_tumor/p (80).jpg,pituitary_tumor,Training/pituitary/Tr-pi_1391.jpg,1.0000
Training/pituitary_tumor/p (800).jpg,pituitary_tumor,Training/pituitary/Tr-pi_925.jpg,1.0000
Training/pituitary_tumor/p (801).jpg,pituitary_tumor,Testing/pituitary/Te-pi_277.jpg,1.0000
Training/pituitary_tumor/p (802).jpg,pituitary_tumor,Training/pituitary/Tr-pi_1295.jpg,1.0000
Training/pituitary_tumor/p (803).jpg,pituitary_tumor,Training/pituitary/Tr-pi_1382.jpg,1.0000
Training/pituitary_tumor/p (804).jpg,pituitary_tumor,Training/pituitary/Tr-pi_269.jpg,1.0000
Training/pituitary_tumor/p (805).jpg,pituitary_tumor,Testing/pituitary/Te-pi_54.jpg,1.0000
Training/pituitary_tumor/p (806).jpg,pituitary_tumor,Training/pituitary/Tr-pi_917.jpg,1.0000
Training/pituitary_tumor/p (807).jpg,pituitary_tumor,Training/pituitary/Tr-pi_1377.jpg,1.0000
Training/pituitary_tumor/p (808).jpg,pituitary_tumor,Training/pituitary/Tr-pi_1356.jpg,1.0000
Training/pituitary_tumor/p (809).jpg,pituitary_tumor,Testing/pituitary/Te-pi_74.jpg,1.0000
Training/pituitary_tumor/p (81).jpg,pituitary_tumor,Training/pituitary/Tr-pi_685.jpg,1.0000
Training/pituitary_tumor/p (810).jpg,pituitary_tumor,Training/pituitary/Tr-pi_601.jpg,1.0000
Training/pituitary_tumor/p (811).jpg,pituitary_tumor,Training/pituitary/Tr-pi_394.jpg,1.0000
Training/pituitary_tumor/p (812).jpg,pituitary_tumor,Training/pituitary/Tr-pi_325.jpg,1.0000
Training/pituitary_tumor/p (813).jpg,pituitary_tumor,Testing/pituitary/Te-pi_321.jpg,1.0000
Training/pituitary_tumor/p (814).jpg,pituitary_tumor,Training/pituitary/Tr-pi_341.jpg,1.0000
Training/pituitary_tumor/p (815).jpg,pituitary_tumor,Training/pituitary/Tr-pi_526.jpg,1.0000
Training/pituitary_tumor/p (816).jpg,pituitary_tumor,Training/pituitary/Tr-pi_154.jpg,1.0000
Training/pituitary_tumor/p (817).jpg,pituitary_tumor,Testing/pituitary/Te-pi_266.jpg,1.0000
Training/pituitary_tumor/p (818).jpg,pituitary_tumor,Training/pituitary/Tr-pi_649.jpg,1.0000
Training/pituitary_tumor/p (819).jpg,pituitary_tumor,Training/pituitary/Tr-pi_1162.jpg,1.0000
Training/pituitary_tumor/p (82).jpg,pituitary_tumor,Training/pituitary/Tr-pi_190.jpg,1.0000
Training/pituitary_tumor/p (820).jpg,pituitary_tumor,Training/pituitary/Tr-pi_294.jpg,1.0000
Training/pituitary_tumor/p (821).jpg,pituitary_tumor,Testing/pituitary/Te-pi_83.jpg,1.0000
Training/pituitary_tumor/p (822).jpg,pituitary_tumor,Training/pituitary/Tr-pi_131.jpg,1.0000
Training/pituitary_tumor/p (823).jpg,pituitary_tumor,Training/pituitary/Tr-pi_816.jpg,1.0000
Training/pituitary_tumor/p (824).jpg,pituitary_tumor,Training/pituitary/Tr-pi_33.jpg,1.0000
Training/pituitary_tumor/p (825).jpg,pituitary_tumor,Testing/pituitary/Te-pi_141.jpg,1.0000
Training/pituitary_tumor/p (826).jpg,pituitary_tumor,Testing/pituitary/Te-pi_141.jpg,1.0000
Training/pituitary_tumor/p (827).jpg,pituitary_tumor,Training/pituitary/Tr-pi_821.jpg,1.0000
Training/pituitary_tumor/p (83).jpg,pituitary_tumor,Training/pituitary/Tr-pi_1089.jpg,1.0000
Training/pituitary_tumor/p (84).jpg,pituitary_tumor,Training/pituitary/Tr-pi_687.jpg,1.0000
Training/pituitary_tumor/p (85).jpg,pituitary_tumor,Training/pituitary/Tr-pi_1343.jpg,1.0000
Training/pituitary_tumor/p (86).jpg,pituitary_tumor,Training/pituitary/Tr-pi_530.jpg,1.0000
Training/pituitary_tumor/p (87).jpg,pituitary_tumor,Training/pituitary/Tr-pi_1361.jpg,1.0000
Training/pituitary_tumor/p (88).jpg,pituitary_tumor,Training/pituitary/Tr-pi_993.jpg,1.0000
Training/pituitary_tumor/p (89).jpg,pituitary_tumor,Training/pituitary/Tr-pi_914.jpg,1.0000
Training/pituitary_tumor/p (9).jpg,pituitary_tumor,Training/pituitary/Tr-pi_767.jpg,1.0000
Training/pituitary_tumor/p (90).jpg,pituitary_tumor,Training/pituitary/Tr-pi_910.jpg,1.0000
Training/pituitary_tumor/p (91).jpg,pituitary_tumor,Training/pituitary/Tr-pi_164.jpg,1.0000
Training/pituitary_tumor/p (92).jpg,pituitary_tumor,Training/pituitary/Tr-pi_88.jpg,1.0000
Training/pituitary_tumor/p (93).jpg,pituitary_tumor,Training/pituitary/Tr-pi_276.jpg,1.0000
Training/pituitary_tumor/p (94).jpg,pituitary_tumor,Training/pituitary/Tr-pi_635.jpg,1.0000
Training/pituitary_tumor/p (95).jpg,pituitary_tumor,Training/pituitary/Tr-pi_1332.jpg,1.0000
Training/pituitary_tumor/p (96).jpg,pituitary_tumor,Training/pituitary/Tr-pi_1118.jpg,1.0000
Training/pituitary_tumor/p (97).jpg,pituitary_tumor,Training/pituitary/Tr-pi_906.jpg,1.0000
Training/pituitary_tumor/p (98).jpg,pituitary_tumor,Training/pituitary/Tr-pi_263.jpg,1.0000
Training/pituitary_tumor/p (99).jpg,pituitary_tumor,Training/pituitary/Tr-pi_248.jpg,1.0000
Testing/glioma_tumor/image(1).jpg,glioma_tumor,Testing/glioma/Te-gl_229.jpg,1.0000
Testing/glioma_tumor/image(10).jpg,glioma_tumor,Testing/glioma/Te-gl_86.jpg,1.0000
Testing/glioma_tumor/image(11).jpg,glioma_tumor,Testing/glioma/Te-gl_212.jpg,1.0000
Testing/glioma_tumor/image(12).jpg,glioma_tumor,Testing/glioma/Te-gl_212.jpg,1.0000
Testing/glioma_tumor/image(13).jpg,glioma_tumor,Testing/glioma/Te-gl_126.jpg,1.0000
Testing/glioma_tumor/image(14).jpg,glioma_tumor,Testing/glioma/Te-gl_27.jpg,1.0000
Testing/glioma_tumor/image(15).jpg,glioma_tumor,Testing/glioma/Te-gl_277.jpg,1.0000
Testing/glioma_tumor/image(16).jpg,glioma_tumor,Testing/glioma/Te-gl_159.jpg,1.0000
Testing/glioma_tumor/image(17).jpg,glioma_tumor,Testing/glioma/Te-gl_189.jpg,1.0000
Testing/glioma_tumor/image(18).jpg,glioma_tumor,Testing/glioma/Te-gl_78.jpg,1.0000
Testing/glioma_tumor/image(19).jpg,glioma_tumor,Testing/glioma/Te-gl_358.jpg,1.0000
Testing/glioma_tumor/image(2).jpg,glioma_tumor,Testing/glioma/Te-gl_160.jpg,1.0000
Testing/glioma_tumor/image(20).jpg,glioma_tumor,Testing/glioma/Te-gl_187.jpg,1.0000
Testing/glioma_tumor/image(21).jpg,glioma_tumor,Testing/glioma/Te-gl_144.jpg,1.0000
Testing/glioma_tumor/image(22).jpg,glioma_tumor,Testing/glioma/Te-gl_391.jpg,1.0000
Testing/glioma_tumor/image(23).jpg,glioma_tumor,Testing/glioma/Te-gl_39.jpg,1.0000
Testing/glioma_tumor/image(24).jpg,glioma_tumor,Testing/glioma/Te-gl_53.jpg,1.0000
Testing/glioma_tumor/image(25).jpg,glioma_tumor,Testing/glioma/Te-gl_103.jpg,1.0000
Testing/glioma_tumor/image(26).jpg,glioma_tumor,Testing/glioma/Te-gl_170.jpg,1.0000
Testing/glioma_tumor/image(28).jpg,glioma_tumor,Testing/glioma/Te-gl_151.jpg,1.0000
Testing/glioma_tumor/image(29).jpg,glioma_tumor,Testing/glioma/Te-gl_151.jpg,1.0000
Testing/glioma_tumor/image(3).jpg,glioma_tumor,Testing/glioma/Te-gl_204.jpg,1.0000
Testing/glioma_tumor/image(30).jpg,glioma_tumor,Testing/glioma/Te-gl_129.jpg,1.0000
Testing/glioma_tumor/image(31).jpg,glioma_tumor,Testing/glioma/Te-gl_166.jpg,1.0000
Testing/glioma_tumor/image(32).jpg,glioma_tumor,Testing/glioma/Te-gl_30.jpg,1.0000
Testing/glioma_tumor/image(33).jpg,glioma_tumor,Testing/glioma/Te-gl_351.jpg,1.0000
Testing/glioma_tumor/image(34).jpg,glioma_tumor,Testing/glioma/Te-gl_115.jpg,1.0000
Testing/glioma_tumor/image(35).jpg,glioma_tumor,Testing/glioma/Te-gl_313.jpg,1.0000
Testing/glioma_tumor/image(36).jpg,glioma_tumor,Testing/glioma/Te-gl_215.jpg,1.0000
Testing/glioma_tumor/image(37).jpg,glioma_tumor,Testing/glioma/Te-gl_74.jpg,1.0000
Testing/glioma_tumor/image(38).jpg,glioma_tumor,Testing/glioma/Te-gl_167.jpg,1.0000
Testing/glioma_tumor/image(39).jpg,glioma_tumor,Testing/glioma/Te-gl_102.jpg,1.0000
Testing/glioma_tumor/image(40).jpg,glioma_tumor,Testing/glioma/Te-gl_66.jpg,1.0000
Testing/glioma_tumor/image(41).jpg,glioma_tumor,Testing/glioma/Te-gl_218.jpg,1.0000
Testing/glioma_tumor/image(42).jpg,glioma_tumor,Testing/glioma/Te-gl_335.jpg,1.0000
Testing/glioma_tumor/image(43).jpg,glioma_tumor,Testing/glioma/Te-gl_349.jpg,1.0000
Testing/glioma_tumor/image(44).jpg,glioma_tumor,Testing/glioma/Te-gl_58.jpg,1.0000
Testing/glioma_tumor/image(45).jpg,glioma_tumor,Testing/glioma/Te-gl_120.jpg,1.0000
Testing/glioma_tumor/image(46).jpg,glioma_tumor,Testing/glioma/Te-gl_166.jpg,1.0000
Testing/glioma_tumor/image(47).jpg,glioma_tumor,Testing/glioma/Te-gl_133.jpg,1.0000
Testing/glioma_tumor/image(48).jpg,glioma_tumor,Testing/glioma/Te-gl_68.jpg,1.0000
Testing/glioma_tumor/image(49).jpg,glioma_tumor,Testing/glioma/Te-gl_106.jpg,1.0000
Testing/glioma_tumor/image(5).jpg,glioma_tumor,Testing/glioma/Te-gl_47.jpg,1.0000
Testing/glioma_tumor/image(50).jpg,glioma_tumor,Testing/glioma/Te-gl_143.jpg,1.0000
Testing/glioma_tumor/image(51).jpg,glioma_tumor,Testing/glioma/Te-gl_372.jpg,1.0000
Testing/glioma_tumor/image(52).jpg,glioma_tumor,Testing/glioma/Te-gl_76.jpg,1.0000
Testing/glioma_tumor/image(53).jpg,glioma_tumor,Testing/glioma/Te-gl_43.jpg,1.0000
Testing/glioma_tumor/image(54).jpg,glioma_tumor,Testing/glioma/Te-gl_109.jpg,1.0000
Testing/glioma_tumor/image(55).jpg,glioma_tumor,Testing/glioma/Te-gl_143.jpg,1.0000
Testing/glioma_tumor/image(56).jpg,glioma_tumor,Testing/glioma/Te-gl_318.jpg,1.0000
Testing/glioma_tumor/image(57).jpg,glioma_tumor,Testing/glioma/Te-gl_275.jpg,1.0000
Testing/glioma_tumor/image(58).jpg,glioma_tumor,Testing/glioma/Te-gl_310.jpg,1.0000
Testing/glioma_tumor/image(59).jpg,glioma_tumor,Testing/glioma/Te-gl_169.jpg,1.0000
Testing/glioma_tumor/image(6).jpg,glioma_tumor,Testing/glioma/Te-gl_204.jpg,1.0000
Testing/glioma_tumor/image(60).jpg,glioma_tumor,Testing/glioma/Te-gl_257.jpg,1.0000
Testing/glioma_tumor/image(61).jpg,glioma_tumor,Testing/glioma/Te-gl_71.jpg,1.0000
Testing/glioma_tumor/image(62).jpg,glioma_tumor,Testing/glioma/Te-gl_14.jpg,1.0000
Testing/glioma_tumor/image(63).jpg,glioma_tumor,Testing/glioma/Te-gl_28.jpg,1.0000
Testing/glioma_tumor/image(64).jpg,glioma_tumor,Testing/glioma/Te-gl_270.jpg,1.0000
Testing/glioma_tumor/image(65).jpg,glioma_tumor,Testing/glioma/Te-gl_270.jpg,1.0000
Testing/glioma_tumor/image(66).jpg,glioma_tumor,Testing/glioma/Te-gl_216.jpg,1.0000
Testing/glioma_tumor/image(67).jpg,glioma_tumor,Testing/glioma/Te-gl_396.jpg,1.0000
Testing/glioma_tumor/image(68).jpg,glioma_tumor,Training/glioma/Tr-gl_1057.jpg,1.0000
Testing/glioma_tumor/image(69).jpg,glioma_tumor,Training/glioma/Tr-gl_420.jpg,1.0000
Testing/glioma_tumor/image(7).jpg,glioma_tumor,Testing/glioma/Te-gl_211.jpg,1.0000
Testing/glioma_tumor/image(70).jpg,glioma_tumor,Training/glioma/Tr-gl_361.jpg,1.0000
Testing/glioma_tumor/image(71).jpg,glioma_tumor,Training/glioma/Tr-gl_361.jpg,1.0000
Testing/glioma_tumor/image(72).jpg,glioma_tumor,Testing/glioma/Te-gl_253.jpg,1.0000
Testing/glioma_tumor/image(73).jpg,glioma_tumor,Testing/glioma/Te-gl_162.jpg,1.0000
Testing/glioma_tumor/image(74).jpg,glioma_tumor,Testing/glioma/Te-gl_371.jpg,1.0000
Testing/glioma_tumor/image(75).jpg,glioma_tumor,Testing/glioma/Te-gl_190.jpg,1.0000
Testing/glioma_tumor/image(76).jpg,glioma_tumor,Testing/glioma/Te-gl_77.jpg,1.0000
Testing/glioma_tumor/image(77).jpg,glioma_tumor,Testing/glioma/Te-gl_171.jpg,1.0000
Testing/glioma_tumor/image(78).jpg,glioma_tumor,Testing/glioma/Te-gl_84.jpg,1.0000
Testing/glioma_tumor/image(79).jpg,glioma_tumor,Testing/glioma/Te-gl_151.jpg,1.0000
Testing/glioma_tumor/image(8).jpg,glioma_tumor,Testing/glioma/Te-gl_196.jpg,1.0000
Testing/glioma_tumor/image(80).jpg,glioma_tumor,Testing/glioma/Te-gl_171.jpg,1.0000
Testing/glioma_tumor/image(81).jpg,glioma_tumor,Testing/glioma/Te-gl_1.jpg,1.0000
Testing/glioma_tumor/image(82).jpg,glioma_tumor,Testing/glioma/Te-gl_97.jpg,1.0000
Testing/glioma_tumor/image(83).jpg,glioma_tumor,Testing/glioma/Te-gl_350.jpg,1.0000
Testing/glioma_tumor/image(84).jpg,glioma_tumor,Testing/glioma/Te-gl_129.jpg,1.0000
Testing/glioma_tumor/image(85).jpg,glioma_tumor,Testing/glioma/Te-gl_295.jpg,1.0000
Testing/glioma_tumor/image(86).jpg,glioma_tumor,Testing/glioma/Te-gl_323.jpg,1.0000
Testing/glioma_tumor/image(87).jpg,glioma_tumor,Testing/glioma/Te-gl_330.jpg,1.0000
Testing/glioma_tumor/image(88).jpg,glioma_tumor,Testing/glioma/Te-gl_341.jpg,1.0000
Testing/glioma_tumor/image(89).jpg,glioma_tumor,Testing/glioma/Te-gl_62.jpg,1.0000
Testing/glioma_tumor/image(9).jpg,glioma_tumor,Testing/glioma/Te-gl_15.jpg,1.0000
Testing/glioma_tumor/image(90).jpg,glioma_tumor,Testing/glioma/Te-gl_212.jpg,1.0000
Testing/glioma_tumor/image(91).jpg,glioma_tumor,Testing/glioma/Te-gl_314.jpg,1.0000
Testing/glioma_tumor/image(92).jpg,glioma_tumor,Testing/glioma/Te-gl_264.jpg,1.0000
Testing/glioma_tumor/image(93).jpg,glioma_tumor,Testing/glioma/Te-gl_32.jpg,1.0000
Testing/glioma_tumor/image(94).jpg,glioma_tumor,Testing/glioma/Te-gl_32.jpg,1.0000
Testing/glioma_tumor/image(95).jpg,glioma_tumor,Testing/glioma/Te-gl_144.jpg,1.0000
Testing/glioma_tumor/image(97).jpg,glioma_tumor,Testing/glioma/Te-gl_170.jpg,1.0000
Testing/glioma_tumor/image(98).jpg,glioma_tumor,Testing/glioma/Te-gl_140.jpg,1.0000
Testing/glioma_tumor/image(99).jpg,glioma_tumor,Testing/glioma/Te-gl_140.jpg,1.0000
Testing/glioma_tumor/image.jpg,glioma_tumor,Testing/glioma/Te-gl_229.jpg,1.0000
Testing/meningioma_tumor/image(1).jpg,meningioma_tumor,Testing/meningioma/Te-me_6.jpg,1.0000
Testing/meningioma_tumor/image(10).jpg,meningioma_tumor,Training/meningioma/Tr-me_962.jpg,1.0000
Testing/meningioma_tumor/image(100).jpg,meningioma_tumor,Testing/meningioma/Te-me_295.jpg,1.0000
Testing/meningioma_tumor/image(102).jpg,meningioma_tumor,Training/meningioma/Tr-me_472.jpg,1.0000
Testing/meningioma_tumor/image(106).jpg,meningioma_tumor,Training/meningioma/Tr-me_639.jpg,1.0000
Testing/meningioma_tumor/image(107).jpg,meningioma_tumor,Training/meningioma/Tr-me_489.jpg,1.0000
Testing/meningioma_tumor/image(109).jpg,meningioma_tumor,Training/meningioma/Tr-me_497.jpg,1.0000
Testing/meningioma_tumor/image(11).jpg,meningioma_tumor,Training/meningioma/Tr-me_920.jpg,1.0000
Testing/meningioma_tumor/image(112).jpg,meningioma_tumor,Training/meningioma/Tr-me_1146.jpg,1.0000
Testing/meningioma_tumor/image(113).jpg,meningioma_tumor,Training/meningioma/Tr-me_479.jpg,1.0000
Testing/meningioma_tumor/image(118).jpg,meningioma_tumor,Training/meningioma/Tr-me_339.jpg,1.0000
Testing/meningioma_tumor/image(12).jpg,meningioma_tumor,Training/meningioma/Tr-me_239.jpg,1.0000
Testing/meningioma_tumor/image(120).jpg,meningioma_tumor,Training/meningioma/Tr-me_50.jpg,1.0000
Testing/meningioma_tumor/image(121).jpg,meningioma_tumor,Training/meningioma/Tr-me_688.jpg,1.0000
Testing/meningioma_tumor/image(123).jpg,meningioma_tumor,Testing/meningioma/Te-me_176.jpg,1.0000
Testing/meningioma_tumor/image(124).jpg,meningioma_tumor,Training/meningioma/Tr-me_99.jpg,1.0000
Testing/meningioma_tumor/image(125).jpg,meningioma_tumor,Training/meningioma/Tr-me_110.jpg,1.0000
Testing/meningioma_tumor/image(126).jpg,meningioma_tumor,Testing/meningioma/Te-me_262.jpg,1.0000
Testing/meningioma_tumor/image(127).jpg,meningioma_tumor,Testing/meningioma/Te-me_272.jpg,1.0000
Testing/meningioma_tumor/image(13).jpg,meningioma_tumor,Training/meningioma/Tr-me_1122.jpg,1.0000
Testing/meningioma_tumor/image(14).jpg,meningioma_tumor,Training/meningioma/Tr-me_453.jpg,1.0000
Testing/meningioma_tumor/image(15).jpg,meningioma_tumor,Training/meningioma/Tr-me_19.jpg,1.0000
Testing/meningioma_tumor/image(16).jpg,meningioma_tumor,Training/meningioma/Tr-me_1286.jpg,1.0000
Testing/meningioma_tumor/image(17).jpg,meningioma_tumor,Training/meningioma/Tr-me_776.jpg,1.0000
Testing/meningioma_tumor/image(18).jpg,meningioma_tumor,Training/meningioma/Tr-me_1290.jpg,1.0000
Testing/meningioma_tumor/image(19).jpg,meningioma_tumor,Training/meningioma/Tr-me_1069.jpg,1.0000
Testing/meningioma_tumor/image(2).jpg,meningioma_tumor,Training/meningioma/Tr-me_714.jpg,1.0000
Testing/meningioma_tumor/image(20).jpg,meningioma_tumor,Training/meningioma/Tr-me_717.jpg,1.0000
Testing/meningioma_tumor/image(21).jpg,meningioma_tumor,Training/meningioma/Tr-me_1225.jpg,1.0000
Testing/meningioma_tumor/image(22).jpg,meningioma_tumor,Training/meningioma/Tr-me_1198.jpg,1.0000
Testing/meningioma_tumor/image(23).jpg,meningioma_tumor,Training/meningioma/Tr-me_753.jpg,1.0000
Testing/meningioma_tumor/image(24).jpg,meningioma_tumor,Training/meningioma/Tr-me_339.jpg,1.0000
Testing/meningioma_tumor/image(25).jpg,meningioma_tumor,Training/meningioma/Tr-me_421.jpg,1.0000
Testing/meningioma_tumor/image(26).jpg,meningioma_tumor,Testing/meningioma/Te-me_129.jpg,1.0000
Testing/meningioma_tumor/image(27).jpg,meningioma_tumor,Training/meningioma/Tr-me_200.jpg,1.0000
Testing/meningioma_tumor/image(28).jpg,meningioma_tumor,Training/meningioma/Tr-me_330.jpg,1.0000
Testing/meningioma_tumor/image(29).jpg,meningioma_tumor,Training/meningioma/Tr-me_450.jpg,1.0000
Testing/meningioma_tumor/image(3).jpg,meningioma_tumor,Training/meningioma/Tr-me_897.jpg,1.0000
Testing/meningioma_tumor/image(30).jpg,meningioma_tumor,Training/meningioma/Tr-me_331.jpg,1.0000
Testing/meningioma_tumor/image(31).jpg,meningioma_tumor,Training/meningioma/Tr-me_877.jpg,1.0000
Testing/meningioma_tumor/image(32).jpg,meningioma_tumor,Training/meningioma/Tr-me_530.jpg,1.0000
Testing/meningioma_tumor/image(33).jpg,meningioma_tumor,Training/meningioma/Tr-me_865.jpg,1.0000
Testing/meningioma_tumor/image(34).jpg,meningioma_tumor,Training/meningioma/Tr-me_1044.jpg,1.0000
Testing/meningioma_tumor/image(35).jpg,meningioma_tumor,Training/meningioma/Tr-me_167.jpg,1.0000
Testing/meningioma_tumor/image(36).jpg,meningioma_tumor,Training/meningioma/Tr-me_1121.jpg,1.0000
Testing/meningioma_tumor/image(37).jpg,meningioma_tumor,Training/meningioma/Tr-me_1112.jpg,1.0000
Testing/meningioma_tumor/image(38).jpg,meningioma_tumor,Training/meningioma/Tr-me_109.jpg,1.0000
Testing/meningioma_tumor/image(39).jpg,meningioma_tumor,Training/meningioma/Tr-me_424.jpg,1.0000
Testing/meningioma_tumor/image(4).jpg,meningioma_tumor,Training/meningioma/Tr-me_905.jpg,1.0000
Testing/meningioma_tumor/image(40).jpg,meningioma_tumor,Training/meningioma/Tr-me_684.jpg,1.0000
Testing/meningioma_tumor/image(41).jpg,meningioma_tumor,Training/meningioma/Tr-me_954.jpg,1.0000
Testing/meningioma_tumor/image(42).jpg,meningioma_tumor,Training/meningioma/Tr-me_715.jpg,1.0000
Testing/meningioma_tumor/image(43).jpg,meningioma_tumor,Training/meningioma/Tr-me_36.jpg,1.0000
Testing/meningioma_tumor/image(44).jpg,meningioma_tumor,Training/meningioma/Tr-me_437.jpg,1.0000
Testing/meningioma_tumor/image(45).jpg,meningioma_tumor,Training/meningioma/Tr-me_238.jpg,1.0000
Testing/meningioma_tumor/image(46).jpg,meningioma_tumor,Testing/meningioma/Te-me_210.jpg,1.0000
Testing/meningioma_tumor/image(47).jpg,meningioma_tumor,Testing/meningioma/Te-me_255.jpg,1.0000
Testing/meningioma_tumor/image(48).jpg,meningioma_tumor,Testing/meningioma/Te-me_3.jpg,1.0000
Testing/meningioma_tumor/image(49).jpg,meningioma_tumor,Training/meningioma/Tr-me_158.jpg,1.0000
Testing/meningioma_tumor/image(5).jpg,meningioma_tumor,Testing/meningioma/Te-me_186.jpg,1.0000
Testing/meningioma_tumor/image(50).jpg,meningioma_tumor,Training/meningioma/Tr-me_553.jpg,1.0000
Testing/meningioma_tumor/image(51).jpg,meningioma_tumor,Testing/meningioma/Te-me_139.jpg,1.0000
Testing/meningioma_tumor/image(52).jpg,meningioma_tumor,Training/meningioma/Tr-me_706.jpg,1.0000
Testing/meningioma_tumor/image(53).jpg,meningioma_tumor,Training/meningioma/Tr-me_1083.jpg,1.0000
Testing/meningioma_tumor/image(54).jpg,meningioma_tumor,Testing/meningioma/Te-me_227.jpg,1.0000
Testing/meningioma_tumor/image(55).jpg,meningioma_tumor,Training/meningioma/Tr-me_678.jpg,1.0000
Testing/meningioma_tumor/image(56).jpg,meningioma_tumor,Training/meningioma/Tr-me_1289.jpg,1.0000
Testing/meningioma_tumor/image(57).jpg,meningioma_tumor,Training/meningioma/Tr-me_965.jpg,1.0000
Testing/meningioma_tumor/image(58).jpg,meningioma_tumor,Training/meningioma/Tr-me_458.jpg,1.0000
Testing/meningioma_tumor/image(59).jpg,meningioma_tumor,Training/meningioma/Tr-me_145.jpg,1.0000
Testing/meningioma_tumor/image(6).jpg,meningioma_tumor,Training/meningioma/Tr-me_154.jpg,1.0000
Testing/meningioma_tumor/image(60).jpg,meningioma_tumor,Training/meningioma/Tr-me_432.jpg,1.0000
Testing/meningioma_tumor/image(61).jpg,meningioma_tumor,Training/meningioma/Tr-me_771.jpg,1.0000
Testing/meningioma_tumor/image(62).jpg,meningioma_tumor,Training/meningioma/Tr-me_432.jpg,1.0000
Testing/meningioma_tumor/image(63).jpg,meningioma_tumor,Training/meningioma/Tr-me_1168.jpg,1.0000
Testing/meningioma_tumor/image(64).jpg,meningioma_tumor,Training/meningioma/Tr-me_980.jpg,1.0000
Testing/meningioma_tumor/image(65).jpg,meningioma_tumor,Training/meningioma/Tr-me_373.jpg,1.0000
Testing/meningioma_tumor/image(66).jpg,meningioma_tumor,Training/meningioma/Tr-me_404.jpg,1.0000
Testing/meningioma_tumor/image(67).jpg,meningioma_tumor,Training/meningioma/Tr-me_52.jpg,1.0000
Testing/meningioma_tumor/image(68).jpg,meningioma_tumor,Training/meningioma/Tr-me_1091.jpg,1.0000
Testing/meningioma_tumor/image(69).jpg,meningioma_tumor,Training/meningioma/Tr-me_740.jpg,1.0000
Testing/meningioma_tumor/image(7).jpg,meningioma_tumor,Training/meningioma/Tr-me_957.jpg,1.0000
Testing/meningioma_tumor/image(70).jpg,meningioma_tumor,Training/meningioma/Tr-me_880.jpg,1.0000
Testing/meningioma_tumor/image(71).jpg,meningioma_tumor,Training/meningioma/Tr-me_557.jpg,1.0000
Testing/meningioma_tumor/image(72).jpg,meningioma_tumor,Training/meningioma/Tr-me_845.jpg,1.0000
Testing/meningioma_tumor/image(73).jpg,meningioma_tumor,Training/meningioma/Tr-me_3.jpg,1.0000
Testing/meningioma_tumor/image(74).jpg,meningioma_tumor,Training/meningioma/Tr-me_661.jpg,1.0000
Testing/meningioma_tumor/image(75).jpg,meningioma_tumor,Training/meningioma/Tr-me_737.jpg,1.0000
Testing/meningioma_tumor/image(76).jpg,meningioma_tumor,Training/meningioma/Tr-me_1194.jpg,1.0000
Testing/meningioma_tumor/image(77).jpg,meningioma_tumor,Training/meningioma/Tr-me_758.jpg,1.0000
Testing/meningioma_tumor/image(78).jpg,meningioma_tumor,Testing/meningioma/Te-me_125.jpg,1.0000
Testing/meningioma_tumor/image(79).jpg,meningioma_tumor,Training/meningioma/Tr-me_666.jpg,1.0000
Testing/meningioma_tumor/image(8).jpg,meningioma_tumor,Training/meningioma/Tr-me_131.jpg,1.0000
Testing/meningioma_tumor/image(80).jpg,meningioma_tumor,Training/meningioma/Tr-me_465.jpg,1.0000
Testing/meningioma_tumor/image(81).jpg,meningioma_tumor,Training/meningioma/Tr-me_126.jpg,1.0000
Testing/meningioma_tumor/image(82).jpg,meningioma_tumor,Training/meningioma/Tr-me_468.jpg,1.0000
Testing/meningioma_tumor/image(83).jpg,meningioma_tumor,Training/meningioma/Tr-me_799.jpg,1.0000
Testing/meningioma_tumor/image(84).jpg,meningioma_tumor,Training/meningioma/Tr-me_1262.jpg,1.0000
Testing/meningioma_tumor/image(85).jpg,meningioma_tumor,Training/meningioma/Tr-me_616.jpg,1.0000
Testing/meningioma_tumor/image(86).jpg,meningioma_tumor,Training/meningioma/Tr-me_846.jpg,1.0000
Testing/meningioma_tumor/image(87).jpg,meningioma_tumor,Training/meningioma/Tr-me_1249.jpg,1.0000
Testing/meningioma_tumor/image(88).jpg,meningioma_tumor,Training/meningioma/Tr-me_946.jpg,1.0000
Testing/meningioma_tumor/image(89).jpg,meningioma_tumor,Training/meningioma/Tr-me_583.jpg,1.0000
Testing/meningioma_tumor/image(9).jpg,meningioma_tumor,Training/meningioma/Tr-me_760.jpg,1.0000
Testing/meningioma_tumor/image(90).jpg,meningioma_tumor,Training/meningioma/Tr-me_543.jpg,1.0000
Testing/meningioma_tumor/image(91).jpg,meningioma_tumor,Training/meningioma/Tr-me_486.jpg,1.0000
Testing/meningioma_tumor/image(92).jpg,meningioma_tumor,Testing/meningioma/Te-me_274.jpg,1.0000
Testing/meningioma_tumor/image(93).jpg,meningioma_tumor,Training/meningioma/Tr-me_1110.jpg,1.0000
Testing/meningioma_tumor/image(94).jpg,meningioma_tumor,Training/meningioma/Tr-me_1057.jpg,1.0000
Testing/meningioma_tumor/image(95).jpg,meningioma_tumor,Training/meningioma/Tr-me_960.jpg,1.0000
Testing/meningioma_tumor/image(96).jpg,meningioma_tumor,Testing/meningioma/Te-me_182.jpg,1.0000
Testing/meningioma_tumor/image(97).jpg,meningioma_tumor,Training/meningioma/Tr-me_1166.jpg,1.0000
Testing/meningioma_tumor/image(98).jpg,meningioma_tumor,Training/meningioma/Tr-me_597.jpg,1.0000
Testing/meningioma_tumor/image(99).jpg,meningioma_tumor,Testing/meningioma/Te-me_144.jpg,1.0000
Testing/meningioma_tumor/image.jpg,meningioma_tumor,Training/meningioma/Tr-me_205.jpg,1.0000
Testing/no_tumor/image(1).jpg,no_tumor,Training/notumor/Tr-no_147.jpg,1.0000
Testing/no_tumor/image(10).jpg,no_tumor,Training/notumor/Tr-no_698.jpg,1.0000
Testing/no_tumor/image(100).jpg,no_tumor,Training/notumor/Tr-no_190.jpg,1.0000
Testing/no_tumor/image(101).jpg,no_tumor,Training/notumor/Tr-no_816.jpg,1.0000
Testing/no_tumor/image(102).jpg,no_tumor,Training/notumor/Tr-no_487.jpg,1.0000
Testing/no_tumor/image(103).jpg,no_tumor,Training/notumor/Tr-no_90.jpg,1.0000
Testing/no_tumor/image(104).jpg,no_tumor,Training/notumor/Tr-no_298.jpg,1.0000
Testing/no_tumor/image(11).jpg,no_tumor,Training/notumor/Tr-no_1205.jpg,1.0000
Testing/no_tumor/image(12).jpg,no_tumor,Training/notumor/Tr-no_1261.jpg,1.0000
Testing/no_tumor/image(13).jpg,no_tumor,Training/notumor/Tr-no_1274.jpg,1.0000
Testing/no_tumor/image(14).jpg,no_tumor,Training/notumor/Tr-no_638.jpg,1.0000
Testing/no_tumor/image(15).jpg,no_tumor,Training/notumor/Tr-no_857.jpg,1.0000
Testing/no_tumor/image(16).jpg,no_tumor,Training/notumor/Tr-no_813.jpg,1.0000
Testing/no_tumor/image(17).jpg,no_tumor,Training/notumor/Tr-no_1319.jpg,1.0000
Testing/no_tumor/image(18).jpg,no_tumor,Training/notumor/Tr-no_292.jpg,1.0000
Testing/no_tumor/image(19).jpg,no_tumor,Training/notumor/Tr-no_832.jpg,1.0000
Testing/no_tumor/image(2).jpg,no_tumor,Training/notumor/Tr-no_1194.jpg,1.0000
Testing/no_tumor/image(20).jpg,no_tumor,Training/notumor/Tr-no_539.jpg,1.0000
Testing/no_tumor/image(21).jpg,no_tumor,Training/notumor/Tr-no_3.jpg,1.0000
Testing/no_tumor/image(22).jpg,no_tumor,Training/notumor/Tr-no_1295.jpg,1.0000
Testing/no_tumor/image(23).jpg,no_tumor,Training/notumor/Tr-no_760.jpg,1.0000
Testing/no_tumor/image(24).jpg,no_tumor,Training/notumor/Tr-no_1148.jpg,1.0000
Testing/no_tumor/image(25).jpg,no_tumor,Training/notumor/Tr-no_1264.jpg,1.0000
Testing/no_tumor/image(26).jpg,no_tumor,Training/notumor/Tr-no_763.jpg,1.0000
Testing/no_tumor/image(27).jpg,no_tumor,Training/notumor/Tr-no_344.jpg,1.0000
Testing/no_tumor/image(28).jpg,no_tumor,Training/notumor/Tr-no_745.jpg,1.0000
Testing/no_tumor/image(29).jpg,no_tumor,Training/notumor/Tr-no_579.jpg,1.0000
Testing/no_tumor/image(3).jpg,no_tumor,Training/notumor/Tr-no_1169.jpg,1.0000
Testing/no_tumor/image(30).jpg,no_tumor,Training/notumor/Tr-no_1317.jpg,1.0000
Testing/no_tumor/image(31).jpg,no_tumor,Training/notumor/Tr-no_522.jpg,1.0000
Testing/no_tumor/image(32).jpg,no_tumor,Training/notumor/Tr-no_783.jpg,1.0000
Testing/no_tumor/image(33).jpg,no_tumor,Training/notumor/Tr-no_698.jpg,1.0000
Testing/no_tumor/image(35).jpg,no_tumor,Training/notumor/Tr-no_978.jpg,1.0000
Testing/no_tumor/image(36).jpg,no_tumor,Training/notumor/Tr-no_520.jpg,1.0000
Testing/no_tumor/image(37).jpg,no_tumor,Training/notumor/Tr-no_1285.jpg,1.0000
Testing/no_tumor/image(39).jpg,no_tumor,Training/notumor/Tr-no_822.jpg,1.0000
Testing/no_tumor/image(4).jpg,no_tumor,Training/notumor/Tr-no_970.jpg,1.0000
Testing/no_tumor/image(40).jpg,no_tumor,Training/notumor/Tr-no_196.jpg,1.0000
Testing/no_tumor/image(41).jpg,no_tumor,Training/notumor/Tr-no_408.jpg,1.0000
Testing/no_tumor/image(42).jpg,no_tumor,Training/notumor/Tr-no_389.jpg,1.0000
Testing/no_tumor/image(43).jpg,no_tumor,Training/notumor/Tr-no_244.jpg,1.0000
Testing/no_tumor/image(44).jpg,no_tumor,Training/notumor/Tr-no_34.jpg,1.0000
Testing/no_tumor/image(45).jpg,no_tumor,Training/notumor/Tr-no_813.jpg,1.0000
Testing/no_tumor/image(46).jpg,no_tumor,Training/notumor/Tr-no_261.jpg,1.0000
Testing/no_tumor/image(47).jpg,no_tumor,Training/notumor/Tr-no_684.jpg,1.0000
Testing/no_tumor/image(48).jpg,no_tumor,Training/notumor/Tr-no_325.jpg,1.0000
Testing/no_tumor/image(49).jpg,no_tumor,Training/notumor/Tr-no_857.jpg,1.0000
Testing/no_tumor/image(5).jpg,no_tumor,Training/notumor/Tr-no_1096.jpg,1.0000
Testing/no_tumor/image(50).jpg,no_tumor,Training/notumor/Tr-no_261.jpg,1.0000
Testing/no_tumor/image(51).jpg,no_tumor,Training/notumor/Tr-no_407.jpg,1.0000
Testing/no_tumor/image(52).jpg,no_tumor,Training/notumor/Tr-no_408.jpg,1.0000
Testing/no_tumor/image(53).jpg,no_tumor,Training/notumor/Tr-no_857.jpg,1.0000
Testing/no_tumor/image(54).jpg,no_tumor,Training/notumor/Tr-no_261.jpg,1.0000
Testing/no_tumor/image(55).jpg,no_tumor,Training/notumor/Tr-no_813.jpg,1.0000
Testing/no_tumor/image(56).jpg,no_tumor,Training/notumor/Tr-no_537.jpg,1.0000
Testing/no_tumor/image(57).jpg,no_tumor,Training/notumor/Tr-no_702.jpg,1.0000
Testing/no_tumor/image(58).jpg,no_tumor,Training/notumor/Tr-no_100.jpg,1.0000
Testing/no_tumor/image(59).jpg,no_tumor,Training/notumor/Tr-no_1307.jpg,1.0000
Testing/no_tumor/image(6).jpg,no_tumor,Training/notumor/Tr-no_1378.jpg,1.0000
Testing/no_tumor/image(60).jpg,no_tumor,Training/notumor/Tr-no_813.jpg,1.0000
Testing/no_tumor/image(61).jpg,no_tumor,Training/notumor/Tr-no_1295.jpg,1.0000
Testing/no_tumor/image(62).jpg,no_tumor,Training/notumor/Tr-no_959.jpg,1.0000
Testing/no_tumor/image(63).jpg,no_tumor,Training/notumor/Tr-no_1149.jpg,1.0000
Testing/no_tumor/image(64).jpg,no_tumor,Training/notumor/Tr-no_783.jpg,1.0000
Testing/no_tumor/image(65).jpg,no_tumor,Training/notumor/Tr-no_786.jpg,1.0000
Testing/no_tumor/image(66).jpg,no_tumor,Training/notumor/Tr-no_698.jpg,1.0000
Testing/no_tumor/image(67).jpg,no_tumor,Training/notumor/Tr-no_857.jpg,1.0000
Testing/no_tumor/image(68).jpg,no_tumor,Training/notumor/Tr-no_522.jpg,1.0000
Testing/no_tumor/image(69).jpg,no_tumor,Training/notumor/Tr-no_3.jpg,1.0000
Testing/no_tumor/image(7).jpg,no_tumor,Training/notumor/Tr-no_362.jpg,1.0000
Testing/no_tumor/image(70).jpg,no_tumor,Training/notumor/Tr-no_1148.jpg,1.0000
Testing/no_tumor/image(71).jpg,no_tumor,Training/notumor/Tr-no_1295.jpg,1.0000
Testing/no_tumor/image(72).jpg,no_tumor,Training/notumor/Tr-no_674.jpg,1.0000
Testing/no_tumor/image(73).jpg,no_tumor,Training/notumor/Tr-no_1264.jpg,1.0000
Testing/no_tumor/image(74).jpg,no_tumor,Training/notumor/Tr-no_416.jpg,1.0000
Testing/no_tumor/image(75).jpg,no_tumor,Training/notumor/Tr-no_325.jpg,1.0000
Testing/no_tumor/image(76).jpg,no_tumor,Training/notumor/Tr-no_519.jpg,1.0000
Testing/no_tumor/image(77).jpg,no_tumor,Training/notumor/Tr-no_173.jpg,1.0000
Testing/no_tumor/image(78).jpg,no_tumor,Training/notumor/Tr-no_559.jpg,1.0000
Testing/no_tumor/image(79).jpg,no_tumor,Training/notumor/Tr-no_1285.jpg,1.0000
Testing/no_tumor/image(8).jpg,no_tumor,Training/notumor/Tr-no_1004.jpg,1.0000
Testing/no_tumor/image(80).jpg,no_tumor,Training/notumor/Tr-no_1180.jpg,1.0000
Testing/no_tumor/image(81).jpg,no_tumor,Training/notumor/Tr-no_698.jpg,1.0000
Testing/no_tumor/image(82).jpg,no_tumor,Training/notumor/Tr-no_1067.jpg,1.0000
Testing/no_tumor/image(83).jpg,no_tumor,Training/notumor/Tr-no_719.jpg,1.0000
Testing/no_tumor/image(84).jpg,no_tumor,Training/notumor/Tr-no_857.jpg,1.0000
Testing/no_tumor/image(85).jpg,no_tumor,Training/notumor/Tr-no_1205.jpg,1.0000
Testing/no_tumor/image(86).jpg,no_tumor,Training/notumor/Tr-no_1065.jpg,1.0000
Testing/no_tumor/image(87).jpg,no_tumor,Training/notumor/Tr-no_383.jpg,1.0000
Testing/no_tumor/image(88).jpg,no_tumor,Training/notumor/Tr-no_300.jpg,1.0000
Testing/no_tumor/image(89).jpg,no_tumor,Training/notumor/Tr-no_1242.jpg,1.0000
Testing/no_tumor/image(9).jpg,no_tumor,Training/notumor/Tr-no_1180.jpg,1.0000
Testing/no_tumor/image(90).jpg,no_tumor,Training/notumor/Tr-no_174.jpg,1.0000
Testing/no_tumor/image(91).jpg,no_tumor,Training/notumor/Tr-no_1003.jpg,1.0000
Testing/no_tumor/image(92).jpg,no_tumor,Training/notumor/Tr-no_700.jpg,1.0000
Testing/no_tumor/image(93).jpg,no_tumor,Training/notumor/Tr-no_123.jpg,1.0000
Testing/no_tumor/image(94).jpg,no_tumor,Training/notumor/Tr-no_28.jpg,1.0000
Testing/no_tumor/image(95).jpg,no_tumor,Training/notumor/Tr-no_977.jpg,1.0000
Testing/no_tumor/image(96).jpg,no_tumor,Training/notumor/Tr-no_872.jpg,1.0000
Testing/no_tumor/image(97).jpg,no_tumor,Training/notumor/Tr-no_376.jpg,1.0000
Testing/no_tumor/image(98).jpg,no_tumor,Training/notumor/Tr-no_533.jpg,1.0000
Testing/no_tumor/image(99).jpg,no_tumor,Training/notumor/Tr-no_240.jpg,1.0000
Testing/no_tumor/image.jpg,no_tumor,Training/notumor/Tr-no_247.jpg,1.0000
Testing/pituitary_tumor/image(10).jpg,pituitary_tumor,Training/pituitary/Tr-pi_382.jpg,0.9996
Testing/pituitary_tumor/image(11).jpg,pituitary_tumor,Training/pituitary/Tr-pi_139.jpg,1.0000
Testing/pituitary_tumor/image(13).jpg,pituitary_tumor,Training/pituitary/Tr-pi_535.jpg,1.0000
Testing/pituitary_tumor/image(15).jpg,pituitary_tumor,Training/pituitary/Tr-pi_39.jpg,1.0000
Testing/pituitary_tumor/image(19).jpg,pituitary_tumor,Training/pituitary/Tr-pi_541.jpg,1.0000
Testing/pituitary_tumor/image(20).jpg,pituitary_tumor,Training/pituitary/Tr-pi_541.jpg,1.0000
Testing/pituitary_tumor/image(21).jpg,pituitary_tumor,Training/pituitary/Tr-pi_541.jpg,1.0000
Testing/pituitary_tumor/image(22).jpg,pituitary_tumor,Training/pituitary/Tr-pi_853.jpg,1.0000
Testing/pituitary_tumor/image(23).jpg,pituitary_tumor,Training/pituitary/Tr-pi_853.jpg,1.0000
Testing/pituitary_tumor/image(30).jpg,pituitary_tumor,Training/pituitary/Tr-pi_960.jpg,1.0000
Testing/pituitary_tumor/image(31).jpg,pituitary_tumor,Training/pituitary/Tr-pi_1063.jpg,1.0000
Testing/pituitary_tumor/image(35).jpg,pituitary_tumor,Training/pituitary/Tr-pi_206.jpg,1.0000
Testing/pituitary_tumor/image(36).jpg,pituitary_tumor,Training/pituitary/Tr-pi_206.jpg,1.0000
Testing/pituitary_tumor/image(37).jpg,pituitary_tumor,Training/pituitary/Tr-pi_206.jpg,1.0000
Testing/pituitary_tumor/image(38).jpg,pituitary_tumor,Training/pituitary/Tr-pi_805.jpg,1.0000
Testing/pituitary_tumor/image(41).jpg,pituitary_tumor,Training/pituitary/Tr-pi_1252.jpg,1.0000
Testing/pituitary_tumor/image(42).jpg,pituitary_tumor,Training/pituitary/Tr-pi_1252.jpg,1.0000
Testing/pituitary_tumor/image(43).jpg,pituitary_tumor,Training/pituitary/Tr-pi_1252.jpg,1.0000
Testing/pituitary_tumor/image(44).jpg,pituitary_tumor,Training/pituitary/Tr-pi_1187.jpg,1.0000
Testing/pituitary_tumor/image(45).jpg,pituitary_tumor,Training/pituitary/Tr-pi_1187.jpg,1.0000
Testing/pituitary_tumor/image(46).jpg,pituitary_tumor,Training/pituitary/Tr-pi_1187.jpg,1.0000
Testing/pituitary_tumor/image(47).jpg,pituitary_tumor,Training/pituitary/Tr-pi_246.jpg,1.0000
Testing/pituitary_tumor/image(48).jpg,pituitary_tumor,Training/pituitary/Tr-pi_246.jpg,1.0000
Testing/pituitary_tumor/image(49).jpg,pituitary_tumor,Training/pituitary/Tr-pi_246.jpg,1.0000
Testing/pituitary_tumor/image(5).jpg,pituitary_tumor,Training/pituitary/Tr-pi_506.jpg,1.0000
Testing/pituitary_tumor/image(51).jpg,pituitary_tumor,Training/pituitary/Tr-pi_805.jpg,1.0000
Testing/pituitary_tumor/image(52).jpg,pituitary_tumor,Training/pituitary/Tr-pi_805.jpg,1.0000
Testing/pituitary_tumor/image(53).jpg,pituitary_tumor,Training/pituitary/Tr-pi_1122.jpg,1.0000
Testing/pituitary_tumor/image(54).jpg,pituitary_tumor,Training/pituitary/Tr-pi_1122.jpg,1.0000
Testing/pituitary_tumor/image(55).jpg,pituitary_tumor,Training/pituitary/Tr-pi_1122.jpg,1.0000
Testing/pituitary_tumor/image(56).jpg,pituitary_tumor,Training/pituitary/Tr-pi_542.jpg,1.0000
Testing/pituitary_tumor/image(57).jpg,pituitary_tumor,Training/pituitary/Tr-pi_542.jpg,1.0000
Testing/pituitary_tumor/image(6).jpg,pituitary_tumor,Training/pituitary/Tr-pi_506.jpg,1.0000
Testing/pituitary_tumor/image(60).jpg,pituitary_tumor,Training/pituitary/Tr-pi_396.jpg,1.0000
Testing/pituitary_tumor/image(61).jpg,pituitary_tumor,Training/pituitary/Tr-pi_396.jpg,1.0000
Testing/pituitary_tumor/image(63).jpg,pituitary_tumor,Training/pituitary/Tr-pi_1209.jpg,1.0000
Testing/pituitary_tumor/image(64).jpg,pituitary_tumor,Training/pituitary/Tr-pi_1209.jpg,1.0000
Testing/pituitary_tumor/image(65).jpg,pituitary_tumor,Training/pituitary/Tr-pi_286.jpg,1.0000
Testing/pituitary_tumor/image(66).jpg,pituitary_tumor,Training/pituitary/Tr-pi_286.jpg,1.0000
Testing/pituitary_tumor/image(67).jpg,pituitary_tumor,Training/pituitary/Tr-pi_1181.jpg,1.0000
Testing/pituitary_tumor/image(68).jpg,pituitary_tumor,Training/pituitary/Tr-pi_1181.jpg,1.0000
Testing/pituitary_tumor/image(69).jpg,pituitary_tumor,Training/pituitary/Tr-pi_1399.jpg,1.0000
Testing/pituitary_tumor/image(70).jpg,pituitary_tumor,Training/pituitary/Tr-pi_1399.jpg,1.0000
Testing/pituitary_tumor/image(73).jpg,pituitary_tumor,Training/pituitary/Tr-pi_1133.jpg,1.0000
Testing/pituitary_tumor/image(76).jpg,pituitary_tumor,Training/pituitary/Tr-pi_1023.jpg,1.0000
Testing/pituitary_tumor/image(77).jpg,pituitary_tumor,Training/pituitary/Tr-pi_1023.jpg,1.0000
Testing/pituitary_tumor/image(78).jpg,pituitary_tumor,Training/pituitary/Tr-pi_1023.jpg,1.0000
Testing/pituitary_tumor/image(79).jpg,pituitary_tumor,Training/pituitary/Tr-pi_91.jpg,1.0000
Testing/pituitary_tumor/image(81).jpg,pituitary_tumor,Training/pituitary/Tr-pi_1309.jpg,1.0000
Testing/pituitary_tumor/image(82).jpg,pituitary_tumor,Training/pituitary/Tr-pi_1309.jpg,1.0000
Testing/pituitary_tumor/image(85).jpg,pituitary_tumor,Training/pituitary/Tr-pi_1098.jpg,1.0000
Testing/pituitary_tumor/image(86).jpg,pituitary_tumor,Training/pituitary/Tr-pi_1098.jpg,1.0000
Testing/pituitary_tumor/image(87).jpg,pituitary_tumor,Training/pituitary/Tr-pi_17.jpg,1.0000
Testing/pituitary_tumor/image(88).jpg,pituitary_tumor,Training/pituitary/Tr-pi_17.jpg,1.0000
Testing/pituitary_tumor/image(89).jpg,pituitary_tumor,Training/pituitary/Tr-pi_356.jpg,1.0000
Testing/pituitary_tumor/image(90).jpg,pituitary_tumor,Training/pituitary/Tr-pi_356.jpg,1.0000
Testing/pituitary_tumor/image(91).jpg,pituitary_tumor,Training/pituitary/Tr-pi_356.jpg,1.0000
Testing/pituitary_tumor/image(92).jpg,pituitary_tumor,Training/pituitary/Tr-pi_1154.jpg,1.0000
Testing/pituitary_tumor/image(93).jpg,pituitary_tumor,Training/pituitary/Tr-pi_1154.jpg,1.0000
Testing/pituitary_tumor/image(94).jpg,pituitary_tumor,Training/pituitary/Tr-pi_120.jpg,1.0000
Testing/pituitary_tumor/image(95).jpg,pituitary_tumor,Training/pituitary/Tr-pi_120.jpg,1.0000
Testing/pituitary_tumor/image(96).jpg,pituitary_tumor,Training/pituitary/Tr-pi_1154.jpg,1.0000
Testing/pituitary_tumor/image(97).jpg,pituitary_tumor,Training/pituitary/Tr-pi_1154.jpg,1.0000
Testing/pituitary_tumor/image(98).jpg,pituitary_tumor,Training/pituitary/Tr-pi_1049.jpg,1.0000
Testing/pituitary_tumor/image.jpg,pituitary_tumor,Training/pituitary/Tr-pi_1098.jpg,1.0000
