split,path,figshare_pid,ncc
train,Training/glioma_tumor/gg (1).jpg,MR040240,
train,Training/glioma_tumor/gg (10).jpg,101020,
train,Training/glioma_tumor/gg (100).jpg,MR050687C,
train,Training/glioma_tumor/gg (101).jpg,MR050687C,
train,Training/glioma_tumor/gg (102).jpg,MR050687C,
train,Training/glioma_tumor/gg (103).jpg,MR034997,
train,Training/glioma_tumor/gg (104).jpg,MR034997,
train,Training/glioma_tumor/gg (105).jpg,MR034997,
train,Training/glioma_tumor/gg (106).jpg,MR034997,
train,Training/glioma_tumor/gg (107).jpg,MR034997,
train,Training/glioma_tumor/gg (108).jpg,MR033389B,
train,Training/glioma_tumor/gg (109).jpg,MR033389B,
train,Training/glioma_tumor/gg (11).jpg,102075,
train,Training/glioma_tumor/gg (110).jpg,MR033389B,
train,Training/glioma_tumor/gg (111).jpg,MR033389B,
train,Training/glioma_tumor/gg (112).jpg,MR033389B,
train,Training/glioma_tumor/gg (113).jpg,MR033389B,
train,Training/glioma_tumor/gg (114).jpg,MR033389B,
train,Training/glioma_tumor/gg (115).jpg,MR033389B,
train,Training/glioma_tumor/gg (116).jpg,MR024780E,
train,Training/glioma_tumor/gg (117).jpg,MR024780E,
train,Training/glioma_tumor/gg (118).jpg,MR040240C,
train,Training/glioma_tumor/gg (119).jpg,MR040240C,
train,Training/glioma_tumor/gg (12).jpg,102075,
train,Training/glioma_tumor/gg (120).jpg,MR017260F,
train,Training/glioma_tumor/gg (121).jpg,MR017260F,
train,Training/glioma_tumor/gg (122).jpg,MR017260F,
train,Training/glioma_tumor/gg (123).jpg,MR017260F,
train,Training/glioma_tumor/gg (124).jpg,MR017260F,
train,Training/glioma_tumor/gg (125).jpg,MR017260F,
train,Training/glioma_tumor/gg (126).jpg,MR029209I,
train,Training/glioma_tumor/gg (127).jpg,MR050135B,
train,Training/glioma_tumor/gg (128).jpg,112105,
train,Training/glioma_tumor/gg (129).jpg,90284,
train,Training/glioma_tumor/gg (13).jpg,102075,
train,Training/glioma_tumor/gg (130).jpg,90284,
train,Training/glioma_tumor/gg (131).jpg,90284,
train,Training/glioma_tumor/gg (132).jpg,90284,
train,Training/glioma_tumor/gg (133).jpg,90284,
train,Training/glioma_tumor/gg (134).jpg,90284,
train,Training/glioma_tumor/gg (135).jpg,90284,
train,Training/glioma_tumor/gg (136).jpg,90284,
train,Training/glioma_tumor/gg (137).jpg,92897,
train,Training/glioma_tumor/gg (138).jpg,92897,
train,Training/glioma_tumor/gg (139).jpg,93825,
train,Training/glioma_tumor/gg (14).jpg,103148,
train,Training/glioma_tumor/gg (140).jpg,93825,
train,Training/glioma_tumor/gg (141).jpg,97609,
train,Training/glioma_tumor/gg (142).jpg,MR049019G,
train,Training/glioma_tumor/gg (143).jpg,MR038469,
train,Training/glioma_tumor/gg (144).jpg,MR038469,
train,Training/glioma_tumor/gg (145).jpg,MR038469,
train,Training/glioma_tumor/gg (146).jpg,MR032322C,
train,Training/glioma_tumor/gg (147).jpg,MR032322C,
train,Training/glioma_tumor/gg (148).jpg,MR032322C,
train,Training/glioma_tumor/gg (149).jpg,MR032322C,
train,Training/glioma_tumor/gg (15).jpg,103148,
train,Training/glioma_tumor/gg (150).jpg,MR032322C,
train,Training/glioma_tumor/gg (151).jpg,MR032322C,
train,Training/glioma_tumor/gg (152).jpg,MR032322C,
train,Training/glioma_tumor/gg (153).jpg,MR032322C,
train,Training/glioma_tumor/gg (154).jpg,MR032322C,
train,Training/glioma_tumor/gg (155).jpg,MR037458B,
train,Training/glioma_tumor/gg (156).jpg,MR037458B,
train,Training/glioma_tumor/gg (157).jpg,MR037458B,
train,Training/glioma_tumor/gg (158).jpg,MR039473,
train,Training/glioma_tumor/gg (159).jpg,MR039473,
train,Training/glioma_tumor/gg (16).jpg,106494,
train,Training/glioma_tumor/gg (160).jpg,MR039473,
train,Training/glioma_tumor/gg (161).jpg,MR039473,
train,Training/glioma_tumor/gg (162).jpg,MR036496B,
train,Training/glioma_tumor/gg (163).jpg,MR039473,
train,Training/glioma_tumor/gg (164).jpg,MR039473B,
train,Training/glioma_tumor/gg (165).jpg,MR039473B,
train,Training/glioma_tumor/gg (166).jpg,MR039473B,
train,Training/glioma_tumor/gg (167).jpg,MR039473B,
train,Training/glioma_tumor/gg (168).jpg,MR039473B,
train,Training/glioma_tumor/gg (169).jpg,MR040240,
train,Training/glioma_tumor/gg (17).jpg,106494,
train,Training/glioma_tumor/gg (170).jpg,MR040240,
train,Training/glioma_tumor/gg (171).jpg,MR040240,
train,Training/glioma_tumor/gg (172).jpg,MR040240,
train,Training/glioma_tumor/gg (173).jpg,MR040240,
train,Training/glioma_tumor/gg (174).jpg,MR040240,
train,Training/glioma_tumor/gg (175).jpg,MR040240,
train,Training/glioma_tumor/gg (176).jpg,MR040240B,
train,Training/glioma_tumor/gg (177).jpg,MR040240B,
train,Training/glioma_tumor/gg (178).jpg,MR040240B,
train,Training/glioma_tumor/gg (179).jpg,MR040240B,
train,Training/glioma_tumor/gg (18).jpg,106494,
train,Training/glioma_tumor/gg (180).jpg,MR029209G,
train,Training/glioma_tumor/gg (181).jpg,MR029209G,
train,Training/glioma_tumor/gg (182).jpg,MR029209G,
train,Training/glioma_tumor/gg (183).jpg,MR036496B,
train,Training/glioma_tumor/gg (184).jpg,MR036496B,
train,Training/glioma_tumor/gg (185).jpg,MR036496B,
train,Training/glioma_tumor/gg (186).jpg,MR033420,
train,Training/glioma_tumor/gg (187).jpg,MR033420,
train,Training/glioma_tumor/gg (188).jpg,MR033420,
train,Training/glioma_tumor/gg (189).jpg,MR033420,
train,Training/glioma_tumor/gg (19).jpg,106494,
train,Training/glioma_tumor/gg (190).jpg,MR033420,
train,Training/glioma_tumor/gg (191).jpg,MR033420,
train,Training/glioma_tumor/gg (192).jpg,MR033420,
train,Training/glioma_tumor/gg (193).jpg,MR033420,
train,Training/glioma_tumor/gg (194).jpg,MR024780B,
train,Training/glioma_tumor/gg (195).jpg,MR024780B,
train,Training/glioma_tumor/gg (196).jpg,MR024780B,
train,Training/glioma_tumor/gg (197).jpg,MR048294,
train,Training/glioma_tumor/gg (198).jpg,MR048297,
train,Training/glioma_tumor/gg (199).jpg,MR048297,
train,Training/glioma_tumor/gg (2).jpg,MR029209I,
train,Training/glioma_tumor/gg (20).jpg,106494,
train,Training/glioma_tumor/gg (200).jpg,MR048297,
train,Training/glioma_tumor/gg (201).jpg,MR048297,
train,Training/glioma_tumor/gg (202).jpg,MR048297,
train,Training/glioma_tumor/gg (203).jpg,MR048297,
train,Training/glioma_tumor/gg (204).jpg,MR048294B,
train,Training/glioma_tumor/gg (205).jpg,MR048294B,
train,Training/glioma_tumor/gg (206).jpg,MR048944,
train,Training/glioma_tumor/gg (207).jpg,MR048944,
train,Training/glioma_tumor/gg (208).jpg,MR048944,
train,Training/glioma_tumor/gg (209).jpg,MR048944,
train,Training/glioma_tumor/gg (21).jpg,106494,
train,Training/glioma_tumor/gg (210).jpg,MR048944,
train,Training/glioma_tumor/gg (211).jpg,MR048944,
train,Training/glioma_tumor/gg (212).jpg,MR048994,
train,Training/glioma_tumor/gg (213).jpg,MR048994,
train,Training/glioma_tumor/gg (214).jpg,MR048994,
train,Training/glioma_tumor/gg (215).jpg,MR048994,
train,Training/glioma_tumor/gg (216).jpg,MR048994,
train,Training/glioma_tumor/gg (217).jpg,MR048994,
train,Training/glioma_tumor/gg (218).jpg,MR048994,
train,Training/glioma_tumor/gg (219).jpg,MR048994,
train,Training/glioma_tumor/gg (22).jpg,107747,
train,Training/glioma_tumor/gg (220).jpg,MR049104,
train,Training/glioma_tumor/gg (221).jpg,MR049104,
train,Training/glioma_tumor/gg (222).jpg,MR049104,
train,Training/glioma_tumor/gg (223).jpg,MR049142,
train,Training/glioma_tumor/gg (224).jpg,MR049358,
train,Training/glioma_tumor/gg (225).jpg,MR049358,
train,Training/glioma_tumor/gg (226).jpg,MR049358,
train,Training/glioma_tumor/gg (227).jpg,MR049358,
train,Training/glioma_tumor/gg (228).jpg,MR049358,
train,Training/glioma_tumor/gg (229).jpg,MR049358,
train,Training/glioma_tumor/gg (23).jpg,107747,
train,Training/glioma_tumor/gg (230).jpg,MR049104B,
train,Training/glioma_tumor/gg (231).jpg,MR049104B,
train,Training/glioma_tumor/gg (232).jpg,MR049104B,
train,Training/glioma_tumor/gg (233).jpg,MR049453,
train,Training/glioma_tumor/gg (234).jpg,MR049453,
train,Training/glioma_tumor/gg (235).jpg,MR049453,
train,Training/glioma_tumor/gg (236).jpg,MR049453,
train,Training/glioma_tumor/gg (237).jpg,MR049453,
train,Training/glioma_tumor/gg (238).jpg,MR024780G,
train,Training/glioma_tumor/gg (239).jpg,MR050135B,
train,Training/glioma_tumor/gg (24).jpg,107747,
train,Training/glioma_tumor/gg (240).jpg,MR050135B,
train,Training/glioma_tumor/gg (241).jpg,MR024780D,
train,Training/glioma_tumor/gg (242).jpg,97609,
train,Training/glioma_tumor/gg (243).jpg,97609,
train,Training/glioma_tumor/gg (244).jpg,100416,
train,Training/glioma_tumor/gg (245).jpg,100416,
train,Training/glioma_tumor/gg (246).jpg,100416,
train,Training/glioma_tumor/gg (247).jpg,100416,
train,Training/glioma_tumor/gg (248).jpg,100820,
train,Training/glioma_tumor/gg (249).jpg,100820,
train,Training/glioma_tumor/gg (25).jpg,107747,
train,Training/glioma_tumor/gg (250).jpg,100820,
train,Training/glioma_tumor/gg (251).jpg,100820,
train,Training/glioma_tumor/gg (252).jpg,100820,
train,Training/glioma_tumor/gg (253).jpg,100820,
train,Training/glioma_tumor/gg (254).jpg,101020,
train,Training/glioma_tumor/gg (255).jpg,101020,
train,Training/glioma_tumor/gg (256).jpg,101020,
train,Training/glioma_tumor/gg (257).jpg,101020,
train,Training/glioma_tumor/gg (258).jpg,101020,
train,Training/glioma_tumor/gg (259).jpg,101020,
train,Training/glioma_tumor/gg (26).jpg,112105,
train,Training/glioma_tumor/gg (260).jpg,102075,
train,Training/glioma_tumor/gg (261).jpg,102075,
train,Training/glioma_tumor/gg (262).jpg,103148,
train,Training/glioma_tumor/gg (263).jpg,103148,
train,Training/glioma_tumor/gg (264).jpg,103148,
train,Training/glioma_tumor/gg (265).jpg,MR029209I,
train,Training/glioma_tumor/gg (266).jpg,MR048294,
train,Training/glioma_tumor/gg (267).jpg,MR048294,
train,Training/glioma_tumor/gg (268).jpg,MR048294,
train,Training/glioma_tumor/gg (269).jpg,MR048294,
train,Training/glioma_tumor/gg (27).jpg,MR050135B,
train,Training/glioma_tumor/gg (270).jpg,MR048294,
train,Training/glioma_tumor/gg (271).jpg,MR051586,
train,Training/glioma_tumor/gg (272).jpg,MR051586,
train,Training/glioma_tumor/gg (273).jpg,MR051644,
train,Training/glioma_tumor/gg (274).jpg,MR051644,
train,Training/glioma_tumor/gg (275).jpg,MR051644,
train,Training/glioma_tumor/gg (276).jpg,MR051644,
train,Training/glioma_tumor/gg (277).jpg,MR051644,
train,Training/glioma_tumor/gg (278).jpg,MR051644,
train,Training/glioma_tumor/gg (279).jpg,MR051644,
train,Training/glioma_tumor/gg (28).jpg,MR050135B,
train,Training/glioma_tumor/gg (280).jpg,MR051644,
train,Training/glioma_tumor/gg (281).jpg,MR052550,
train,Training/glioma_tumor/gg (282).jpg,MR052550,
train,Training/glioma_tumor/gg (283).jpg,MR052550,
train,Training/glioma_tumor/gg (284).jpg,MR052550,
train,Training/glioma_tumor/gg (285).jpg,MR052550,
train,Training/glioma_tumor/gg (286).jpg,MR051644C,
train,Training/glioma_tumor/gg (287).jpg,MR051644C,
train,Training/glioma_tumor/gg (288).jpg,MR051644C,
train,Training/glioma_tumor/gg (289).jpg,MR051644C,
train,Training/glioma_tumor/gg (29).jpg,MR050135B,
train,Training/glioma_tumor/gg (290).jpg,MR051644C,
train,Training/glioma_tumor/gg (291).jpg,MR051644C,
train,Training/glioma_tumor/gg (292).jpg,MR051644C,
train,Training/glioma_tumor/gg (293).jpg,MR051644C,
train,Training/glioma_tumor/gg (294).jpg,MR051644C,
train,Training/glioma_tumor/gg (295).jpg,MR051644C,
train,Training/glioma_tumor/gg (296).jpg,MR049942B,
train,Training/glioma_tumor/gg (297).jpg,MR053110B,
train,Training/glioma_tumor/gg (298).jpg,MR053110B,
train,Training/glioma_tumor/gg (299).jpg,MR053110B,
train,Training/glioma_tumor/gg (3).jpg,100820,
train,Training/glioma_tumor/gg (30).jpg,MR050135B,
train,Training/glioma_tumor/gg (300).jpg,MR034694,
train,Training/glioma_tumor/gg (301).jpg,MR034694,
train,Training/glioma_tumor/gg (302).jpg,MR034694,
train,Training/glioma_tumor/gg (303).jpg,MR050687C,
train,Training/glioma_tumor/gg (304).jpg,MR050687C,
train,Training/glioma_tumor/gg (305).jpg,MR050687C,
train,Training/glioma_tumor/gg (306).jpg,MR034997,
train,Training/glioma_tumor/gg (307).jpg,MR034997,
train,Training/glioma_tumor/gg (308).jpg,MR034997,
train,Training/glioma_tumor/gg (309).jpg,MR034997,
train,Training/glioma_tumor/gg (31).jpg,MR050135B,
train,Training/glioma_tumor/gg (310).jpg,MR034997,
train,Training/glioma_tumor/gg (311).jpg,MR034997,
train,Training/glioma_tumor/gg (312).jpg,MR029209E,
train,Training/glioma_tumor/gg (313).jpg,MR029209E,
train,Training/glioma_tumor/gg (314).jpg,MR029209E,
train,Training/glioma_tumor/gg (315).jpg,MR053110E,
train,Training/glioma_tumor/gg (316).jpg,MR053110E,
train,Training/glioma_tumor/gg (317).jpg,MR053110E,
train,Training/glioma_tumor/gg (318).jpg,MR053110E,
train,Training/glioma_tumor/gg (319).jpg,MR053110E,
train,Training/glioma_tumor/gg (32).jpg,MR050687,
train,Training/glioma_tumor/gg (320).jpg,MR053110E,
train,Training/glioma_tumor/gg (321).jpg,MR053110E,
train,Training/glioma_tumor/gg (322).jpg,MR053110E,
train,Training/glioma_tumor/gg (323).jpg,MR053110E,
train,Training/glioma_tumor/gg (324).jpg,MR049019G,
train,Training/glioma_tumor/gg (325).jpg,MR049019G,
train,Training/glioma_tumor/gg (326).jpg,MR038469,
train,Training/glioma_tumor/gg (327).jpg,MR038469,
train,Training/glioma_tumor/gg (328).jpg,MR038469,
train,Training/glioma_tumor/gg (329).jpg,MR032322C,
train,Training/glioma_tumor/gg (33).jpg,MR050687,
train,Training/glioma_tumor/gg (330).jpg,MR032322C,
train,Training/glioma_tumor/gg (331).jpg,MR032322C,
train,Training/glioma_tumor/gg (332).jpg,MR032322C,
train,Training/glioma_tumor/gg (333).jpg,MR032322C,
train,Training/glioma_tumor/gg (334).jpg,MR032322C,
train,Training/glioma_tumor/gg (335).jpg,MR037458B,
train,Training/glioma_tumor/gg (336).jpg,MR037458B,
train,Training/glioma_tumor/gg (337).jpg,MR037458B,
train,Training/glioma_tumor/gg (338).jpg,MR037458B,
train,Training/glioma_tumor/gg (339).jpg,MR037458B,
train,Training/glioma_tumor/gg (34).jpg,MR050687,
train,Training/glioma_tumor/gg (340).jpg,MR039473,
train,Training/glioma_tumor/gg (341).jpg,MR039473,
train,Training/glioma_tumor/gg (342).jpg,MR039473,
train,Training/glioma_tumor/gg (343).jpg,MR039473B,
train,Training/glioma_tumor/gg (344).jpg,MR039473B,
train,Training/glioma_tumor/gg (345).jpg,MR039473B,
train,Training/glioma_tumor/gg (346).jpg,MR039473B,
train,Training/glioma_tumor/gg (347).jpg,MR039473B,
train,Training/glioma_tumor/gg (348).jpg,MR039473B,
train,Training/glioma_tumor/gg (349).jpg,MR039473B,
train,Training/glioma_tumor/gg (35).jpg,MR050687,
train,Training/glioma_tumor/gg (350).jpg,MR037458C,
train,Training/glioma_tumor/gg (351).jpg,MR037458C,
train,Training/glioma_tumor/gg (352).jpg,MR037458C,
train,Training/glioma_tumor/gg (353).jpg,MR037458C,
train,Training/glioma_tumor/gg (354).jpg,MR037458C,
train,Training/glioma_tumor/gg (355).jpg,MR037458C,
train,Training/glioma_tumor/gg (356).jpg,MR037458C,
train,Training/glioma_tumor/gg (357).jpg,MR029209E,
train,Training/glioma_tumor/gg (358).jpg,MR029209E,
train,Training/glioma_tumor/gg (359).jpg,MR029209E,
train,Training/glioma_tumor/gg (36).jpg,MR050687,
train,Training/glioma_tumor/gg (360).jpg,MR029209E,
train,Training/glioma_tumor/gg (361).jpg,MR029209E,
train,Training/glioma_tumor/gg (362).jpg,MR053110E,
train,Training/glioma_tumor/gg (363).jpg,MR053110E,
train,Training/glioma_tumor/gg (364).jpg,MR029209I,
train,Training/glioma_tumor/gg (365).jpg,105653,
train,Training/glioma_tumor/gg (366).jpg,105653,
train,Training/glioma_tumor/gg (367).jpg,106494,
train,Training/glioma_tumor/gg (368).jpg,106494,
train,Training/glioma_tumor/gg (369).jpg,106494,
train,Training/glioma_tumor/gg (37).jpg,MR050687,
train,Training/glioma_tumor/gg (370).jpg,106494,
train,Training/glioma_tumor/gg (371).jpg,106494,
train,Training/glioma_tumor/gg (372).jpg,106494,
train,Training/glioma_tumor/gg (373).jpg,MR040240,
train,Training/glioma_tumor/gg (374).jpg,MR040240,
train,Training/glioma_tumor/gg (375).jpg,MR040240,
train,Training/glioma_tumor/gg (376).jpg,MR040240,
train,Training/glioma_tumor/gg (377).jpg,MR040240,
train,Training/glioma_tumor/gg (378).jpg,MR040240,
train,Training/glioma_tumor/gg (379).jpg,MR040240B,
train,Training/glioma_tumor/gg (38).jpg,MR050791B,
train,Training/glioma_tumor/gg (380).jpg,MR040240B,
train,Training/glioma_tumor/gg (381).jpg,MR040240B,
train,Training/glioma_tumor/gg (382).jpg,MR040240B,
train,Training/glioma_tumor/gg (383).jpg,MR040240B,
train,Training/glioma_tumor/gg (384).jpg,MR040240B,
train,Training/glioma_tumor/gg (385).jpg,MR029209G,
train,Training/glioma_tumor/gg (386).jpg,MR029209G,
train,Training/glioma_tumor/gg (387).jpg,MR029209G,
train,Training/glioma_tumor/gg (388).jpg,MR029209G,
train,Training/glioma_tumor/gg (389).jpg,MR036496B,
train,Training/glioma_tumor/gg (39).jpg,MR050791B,
train,Training/glioma_tumor/gg (390).jpg,MR036496B,
train,Training/glioma_tumor/gg (391).jpg,MR033420,
train,Training/glioma_tumor/gg (392).jpg,MR033420,
train,Training/glioma_tumor/gg (393).jpg,MR033420,
train,Training/glioma_tumor/gg (394).jpg,MR033420,
train,Training/glioma_tumor/gg (395).jpg,MR033420,
train,Training/glioma_tumor/gg (396).jpg,MR033389B,
train,Training/glioma_tumor/gg (397).jpg,MR033389B,
train,Training/glioma_tumor/gg (398).jpg,MR033389B,
train,Training/glioma_tumor/gg (399).jpg,MR033389B,
train,Training/glioma_tumor/gg (4).jpg,100820,
train,Training/glioma_tumor/gg (40).jpg,MR050791B,
train,Training/glioma_tumor/gg (400).jpg,MR033389B,
train,Training/glioma_tumor/gg (401).jpg,MR033389B,
train,Training/glioma_tumor/gg (402).jpg,MR033389B,
train,Training/glioma_tumor/gg (403).jpg,MR033389B,
train,Training/glioma_tumor/gg (404).jpg,MR026175E,
train,Training/glioma_tumor/gg (405).jpg,MR026175E,
train,Training/glioma_tumor/gg (406).jpg,MR026175E,
train,Training/glioma_tumor/gg (407).jpg,MR040240C,
train,Training/glioma_tumor/gg (408).jpg,MR040240C,
train,Training/glioma_tumor/gg (409).jpg,MR040240C,
train,Training/glioma_tumor/gg (41).jpg,MR050791B,
train,Training/glioma_tumor/gg (410).jpg,MR040240C,
train,Training/glioma_tumor/gg (411).jpg,MR040240C,
train,Training/glioma_tumor/gg (412).jpg,MR040240C,
train,Training/glioma_tumor/gg (413).jpg,MR040240C,
train,Training/glioma_tumor/gg (414).jpg,MR040240C,
train,Training/glioma_tumor/gg (415).jpg,MR017260F,
train,Training/glioma_tumor/gg (416).jpg,MR017260F,
train,Training/glioma_tumor/gg (417).jpg,MR029209I,
train,Training/glioma_tumor/gg (418).jpg,MR029209I,
train,Training/glioma_tumor/gg (419).jpg,MR029209I,
train,Training/glioma_tumor/gg (42).jpg,MR050791B,
train,Training/glioma_tumor/gg (420).jpg,MR029209I,
train,Training/glioma_tumor/gg (421).jpg,MR040240,
train,Training/glioma_tumor/gg (422).jpg,107747,
train,Training/glioma_tumor/gg (423).jpg,107747,
train,Training/glioma_tumor/gg (424).jpg,107747,
train,Training/glioma_tumor/gg (425).jpg,112105,
train,Training/glioma_tumor/gg (426).jpg,112105,
train,Training/glioma_tumor/gg (427).jpg,112105,
train,Training/glioma_tumor/gg (428).jpg,88670,
train,Training/glioma_tumor/gg (429).jpg,88670,
train,Training/glioma_tumor/gg (43).jpg,MR049019C,
train,Training/glioma_tumor/gg (430).jpg,90284,
train,Training/glioma_tumor/gg (431).jpg,90284,
train,Training/glioma_tumor/gg (432).jpg,90284,
train,Training/glioma_tumor/gg (433).jpg,90284,
train,Training/glioma_tumor/gg (434).jpg,90284,
train,Training/glioma_tumor/gg (435).jpg,93825,
train,Training/glioma_tumor/gg (436).jpg,112105,
train,Training/glioma_tumor/gg (437).jpg,112105,
train,Training/glioma_tumor/gg (438).jpg,112105,
train,Training/glioma_tumor/gg (439).jpg,112105,
train,Training/glioma_tumor/gg (44).jpg,MR051461,
train,Training/glioma_tumor/gg (440).jpg,112105,
train,Training/glioma_tumor/gg (441).jpg,100820,
train,Training/glioma_tumor/gg (442).jpg,100820,
train,Training/glioma_tumor/gg (443).jpg,100820,
train,Training/glioma_tumor/gg (444).jpg,100820,
train,Training/glioma_tumor/gg (445).jpg,100820,
train,Training/glioma_tumor/gg (446).jpg,100820,
train,Training/glioma_tumor/gg (447).jpg,101020,
train,Training/glioma_tumor/gg (448).jpg,101020,
train,Training/glioma_tumor/gg (449).jpg,101020,
train,Training/glioma_tumor/gg (45).jpg,MR051461,
train,Training/glioma_tumor/gg (450).jpg,93825,
train,Training/glioma_tumor/gg (451).jpg,93825,
train,Training/glioma_tumor/gg (452).jpg,94731,
train,Training/glioma_tumor/gg (453).jpg,94731,
train,Training/glioma_tumor/gg (454).jpg,95142,
train,Training/glioma_tumor/gg (455).jpg,95142,
train,Training/glioma_tumor/gg (456).jpg,95142,
train,Training/glioma_tumor/gg (457).jpg,95142,
train,Training/glioma_tumor/gg (458).jpg,95142,
train,Training/glioma_tumor/gg (459).jpg,95142,
train,Training/glioma_tumor/gg (46).jpg,MR051461,
train,Training/glioma_tumor/gg (460).jpg,95142,
train,Training/glioma_tumor/gg (461).jpg,95142,
train,Training/glioma_tumor/gg (462).jpg,95142,
train,Training/glioma_tumor/gg (463).jpg,96587,
train,Training/glioma_tumor/gg (464).jpg,96587,
train,Training/glioma_tumor/gg (465).jpg,96587,
train,Training/glioma_tumor/gg (466).jpg,96587,
train,Training/glioma_tumor/gg (467).jpg,98889,
train,Training/glioma_tumor/gg (468).jpg,98889,
train,Training/glioma_tumor/gg (469).jpg,98889,
train,Training/glioma_tumor/gg (47).jpg,MR051461,
train,Training/glioma_tumor/gg (470).jpg,98889,
train,Training/glioma_tumor/gg (471).jpg,98889,
train,Training/glioma_tumor/gg (472).jpg,98889,
train,Training/glioma_tumor/gg (473).jpg,MR048294,
train,Training/glioma_tumor/gg (474).jpg,MR048294,
train,Training/glioma_tumor/gg (475).jpg,MR048294,
train,Training/glioma_tumor/gg (476).jpg,MR048294,
train,Training/glioma_tumor/gg (477).jpg,MR048294,
train,Training/glioma_tumor/gg (478).jpg,MR048294,
train,Training/glioma_tumor/gg (479).jpg,MR048297,
train,Training/glioma_tumor/gg (48).jpg,MR051586,
train,Training/glioma_tumor/gg (480).jpg,MR048297,
train,Training/glioma_tumor/gg (481).jpg,MR048297,
train,Training/glioma_tumor/gg (482).jpg,MR048621B,
train,Training/glioma_tumor/gg (483).jpg,MR048944,
train,Training/glioma_tumor/gg (484).jpg,MR048944,
train,Training/glioma_tumor/gg (485).jpg,MR048944,
train,Training/glioma_tumor/gg (486).jpg,MR048944,
train,Training/glioma_tumor/gg (487).jpg,MR048944,
train,Training/glioma_tumor/gg (488).jpg,MR048944,
train,Training/glioma_tumor/gg (489).jpg,MR048944,
train,Training/glioma_tumor/gg (49).jpg,MR051586,
train,Training/glioma_tumor/gg (490).jpg,MR048994,
train,Training/glioma_tumor/gg (491).jpg,MR048994,
train,Training/glioma_tumor/gg (492).jpg,MR048994,
train,Training/glioma_tumor/gg (493).jpg,MR048994,
train,Training/glioma_tumor/gg (494).jpg,MR048994,
train,Training/glioma_tumor/gg (495).jpg,MR048994,
train,Training/glioma_tumor/gg (496).jpg,MR048994,
train,Training/glioma_tumor/gg (497).jpg,MR048994,
train,Training/glioma_tumor/gg (498).jpg,MR049104,
train,Training/glioma_tumor/gg (499).jpg,MR049104,
train,Training/glioma_tumor/gg (5).jpg,100820,
train,Training/glioma_tumor/gg (50).jpg,MR051586,
train,Training/glioma_tumor/gg (500).jpg,MR049142,
train,Training/glioma_tumor/gg (501).jpg,MR049142,
train,Training/glioma_tumor/gg (502).jpg,MR048994B,
train,Training/glioma_tumor/gg (503).jpg,MR048994B,
train,Training/glioma_tumor/gg (504).jpg,MR048944B,
train,Training/glioma_tumor/gg (505).jpg,MR048944B,
train,Training/glioma_tumor/gg (506).jpg,MR048944B,
train,Training/glioma_tumor/gg (507).jpg,MR048944B,
train,Training/glioma_tumor/gg (508).jpg,MR049358,
train,Training/glioma_tumor/gg (509).jpg,MR049358,
train,Training/glioma_tumor/gg (51).jpg,MR051586,
train,Training/glioma_tumor/gg (510).jpg,MR049358,
train,Training/glioma_tumor/gg (511).jpg,MR049358,
train,Training/glioma_tumor/gg (512).jpg,MR049358,
train,Training/glioma_tumor/gg (513).jpg,MR049358,
train,Training/glioma_tumor/gg (514).jpg,MR049358,
train,Training/glioma_tumor/gg (515).jpg,MR049358,
train,Training/glioma_tumor/gg (516).jpg,MR049358,
train,Training/glioma_tumor/gg (517).jpg,MR049104B,
train,Training/glioma_tumor/gg (518).jpg,MR049104B,
train,Training/glioma_tumor/gg (519).jpg,MR049104B,
train,Training/glioma_tumor/gg (52).jpg,MR051586,
train,Training/glioma_tumor/gg (520).jpg,MR049453,
train,Training/glioma_tumor/gg (521).jpg,MR024780G,
train,Training/glioma_tumor/gg (522).jpg,MR024780G,
train,Training/glioma_tumor/gg (523).jpg,MR024780G,
train,Training/glioma_tumor/gg (524).jpg,MR049453B,
train,Training/glioma_tumor/gg (525).jpg,MR049453B,
train,Training/glioma_tumor/gg (526).jpg,MR049453B,
train,Training/glioma_tumor/gg (527).jpg,MR049453B,
train,Training/glioma_tumor/gg (528).jpg,MR048294B,
train,Training/glioma_tumor/gg (529).jpg,MR048621B,
train,Training/glioma_tumor/gg (53).jpg,MR051586,
train,Training/glioma_tumor/gg (530).jpg,MR050791B,
train,Training/glioma_tumor/gg (531).jpg,MR050791B,
train,Training/glioma_tumor/gg (532).jpg,MR050791B,
train,Training/glioma_tumor/gg (533).jpg,MR050791B,
train,Training/glioma_tumor/gg (534).jpg,MR050791B,
train,Training/glioma_tumor/gg (535).jpg,MR049019C,
train,Training/glioma_tumor/gg (536).jpg,MR049019C,
train,Training/glioma_tumor/gg (537).jpg,MR026175C,
train,Training/glioma_tumor/gg (538).jpg,MR051586,
train,Training/glioma_tumor/gg (539).jpg,MR051586,
train,Training/glioma_tumor/gg (54).jpg,MR051586,
train,Training/glioma_tumor/gg (540).jpg,MR051586,
train,Training/glioma_tumor/gg (541).jpg,MR051586,
train,Training/glioma_tumor/gg (542).jpg,MR051461B,
train,Training/glioma_tumor/gg (543).jpg,MR051461B,
train,Training/glioma_tumor/gg (544).jpg,MR051644,
train,Training/glioma_tumor/gg (545).jpg,MR051644,
train,Training/glioma_tumor/gg (546).jpg,MR051644,
train,Training/glioma_tumor/gg (547).jpg,MR051644,
train,Training/glioma_tumor/gg (548).jpg,MR051644,
train,Training/glioma_tumor/gg (549).jpg,MR051644,
train,Training/glioma_tumor/gg (55).jpg,MR051644,
train,Training/glioma_tumor/gg (550).jpg,MR051644,
train,Training/glioma_tumor/gg (551).jpg,MR051644,
train,Training/glioma_tumor/gg (552).jpg,MR051651,
train,Training/glioma_tumor/gg (553).jpg,MR051651,
train,Training/glioma_tumor/gg (554).jpg,MR051651,
train,Training/glioma_tumor/gg (555).jpg,MR051651B,
train,Training/glioma_tumor/gg (556).jpg,MR051796B,
train,Training/glioma_tumor/gg (557).jpg,MR051796B,
train,Training/glioma_tumor/gg (558).jpg,MR052550,
train,Training/glioma_tumor/gg (559).jpg,MR052550,
train,Training/glioma_tumor/gg (56).jpg,MR051644,
train,Training/glioma_tumor/gg (560).jpg,MR052550,
train,Training/glioma_tumor/gg (561).jpg,MR052550,
train,Training/glioma_tumor/gg (562).jpg,MR051644C,
train,Training/glioma_tumor/gg (563).jpg,MR051644C,
train,Training/glioma_tumor/gg (564).jpg,MR051644C,
train,Training/glioma_tumor/gg (565).jpg,MR051644C,
train,Training/glioma_tumor/gg (566).jpg,MR051644C,
train,Training/glioma_tumor/gg (567).jpg,MR051644C,
train,Training/glioma_tumor/gg (568).jpg,MR051644C,
train,Training/glioma_tumor/gg (569).jpg,MR051644C,
train,Training/glioma_tumor/gg (57).jpg,MR051644,
train,Training/glioma_tumor/gg (570).jpg,MR051644C,
train,Training/glioma_tumor/gg (571).jpg,MR051644C,
train,Training/glioma_tumor/gg (572).jpg,MR051644C,
train,Training/glioma_tumor/gg (573).jpg,MR049942B,
train,Training/glioma_tumor/gg (574).jpg,MR049942B,
train,Training/glioma_tumor/gg (575).jpg,MR052585B,
train,Training/glioma_tumor/gg (576).jpg,MR047953C,
train,Training/glioma_tumor/gg (577).jpg,MR053110B,
train,Training/glioma_tumor/gg (578).jpg,MR053110B,
train,Training/glioma_tumor/gg (579).jpg,MR034694,
train,Training/glioma_tumor/gg (58).jpg,MR051644,
train,Training/glioma_tumor/gg (580).jpg,MR034694,
train,Training/glioma_tumor/gg (581).jpg,MR054683,
train,Training/glioma_tumor/gg (582).jpg,MR054875,
train,Training/glioma_tumor/gg (583).jpg,MR054875,
train,Training/glioma_tumor/gg (584).jpg,MR054875,
train,Training/glioma_tumor/gg (585).jpg,MR034997,
train,Training/glioma_tumor/gg (586).jpg,MR034997,
train,Training/glioma_tumor/gg (587).jpg,MR034997,
train,Training/glioma_tumor/gg (588).jpg,MR034997,
train,Training/glioma_tumor/gg (589).jpg,MR034997,
train,Training/glioma_tumor/gg (59).jpg,MR051644,
train,Training/glioma_tumor/gg (590).jpg,MR034997,
train,Training/glioma_tumor/gg (591).jpg,MR034997,
train,Training/glioma_tumor/gg (592).jpg,MR053110E,
train,Training/glioma_tumor/gg (593).jpg,MR053110E,
train,Training/glioma_tumor/gg (594).jpg,MR053110E,
train,Training/glioma_tumor/gg (595).jpg,MR053110E,
train,Training/glioma_tumor/gg (596).jpg,MR053110E,
train,Training/glioma_tumor/gg (597).jpg,MR049019G,
train,Training/glioma_tumor/gg (598).jpg,MR049019G,
train,Training/glioma_tumor/gg (599).jpg,MR049019G,
train,Training/glioma_tumor/gg (6).jpg,100820,
train,Training/glioma_tumor/gg (60).jpg,MR051644,
train,Training/glioma_tumor/gg (600).jpg,MR049019G,
train,Training/glioma_tumor/gg (601).jpg,MR049019G,
train,Training/glioma_tumor/gg (602).jpg,MR038469,
train,Training/glioma_tumor/gg (603).jpg,MR038469,
train,Training/glioma_tumor/gg (604).jpg,MR032322C,
train,Training/glioma_tumor/gg (605).jpg,MR032322C,
train,Training/glioma_tumor/gg (606).jpg,MR032322C,
train,Training/glioma_tumor/gg (607).jpg,MR032322C,
train,Training/glioma_tumor/gg (608).jpg,MR037458B,
train,Training/glioma_tumor/gg (609).jpg,MR037458B,
train,Training/glioma_tumor/gg (61).jpg,MR051644,
train,Training/glioma_tumor/gg (610).jpg,MR037458B,
train,Training/glioma_tumor/gg (611).jpg,MR037458B,
train,Training/glioma_tumor/gg (612).jpg,MR037458B,
train,Training/glioma_tumor/gg (613).jpg,MR039473B,
train,Training/glioma_tumor/gg (614).jpg,MR039473B,
train,Training/glioma_tumor/gg (615).jpg,MR039473B,
train,Training/glioma_tumor/gg (616).jpg,MR039473B,
train,Training/glioma_tumor/gg (617).jpg,MR039473B,
train,Training/glioma_tumor/gg (618).jpg,MR037458C,
train,Training/glioma_tumor/gg (619).jpg,MR037458C,
train,Training/glioma_tumor/gg (62).jpg,MR051644B,
train,Training/glioma_tumor/gg (620).jpg,MR037458C,
train,Training/glioma_tumor/gg (621).jpg,MR037458C,
train,Training/glioma_tumor/gg (622).jpg,MR037458C,
train,Training/glioma_tumor/gg (623).jpg,MR037458C,
train,Training/glioma_tumor/gg (624).jpg,MR037458C,
train,Training/glioma_tumor/gg (625).jpg,MR037458C,
train,Training/glioma_tumor/gg (626).jpg,MR040240,
train,Training/glioma_tumor/gg (627).jpg,MR040240,
train,Training/glioma_tumor/gg (628).jpg,MR040240,
train,Training/glioma_tumor/gg (629).jpg,MR050791B,
train,Training/glioma_tumor/gg (63).jpg,MR051644B,
train,Training/glioma_tumor/gg (630).jpg,MR048621B,
train,Training/glioma_tumor/gg (631).jpg,MR050135B,
train,Training/glioma_tumor/gg (632).jpg,MR050135B,
train,Training/glioma_tumor/gg (633).jpg,MR050135B,
train,Training/glioma_tumor/gg (634).jpg,MR050135B,
train,Training/glioma_tumor/gg (635).jpg,MR050135B,
train,Training/glioma_tumor/gg (636).jpg,MR050135B,
train,Training/glioma_tumor/gg (637).jpg,MR050135B,
train,Training/glioma_tumor/gg (638).jpg,MR050135B,
train,Training/glioma_tumor/gg (639).jpg,MR050135B,
train,Training/glioma_tumor/gg (64).jpg,MR051644B,
train,Training/glioma_tumor/gg (640).jpg,MR050135B,
train,Training/glioma_tumor/gg (641).jpg,MR050135B,
train,Training/glioma_tumor/gg (642).jpg,MR050687,
train,Training/glioma_tumor/gg (643).jpg,MR050687,
train,Training/glioma_tumor/gg (644).jpg,MR050687,
train,Training/glioma_tumor/gg (645).jpg,MR050687,
train,Training/glioma_tumor/gg (646).jpg,MR050687,
train,Training/glioma_tumor/gg (647).jpg,MR050687,
train,Training/glioma_tumor/gg (648).jpg,MR050791B,
train,Training/glioma_tumor/gg (649).jpg,MR050791B,
train,Training/glioma_tumor/gg (65).jpg,MR051644B,
train,Training/glioma_tumor/gg (650).jpg,93825,
train,Training/glioma_tumor/gg (651).jpg,101020,
train,Training/glioma_tumor/gg (652).jpg,101020,
train,Training/glioma_tumor/gg (653).jpg,101020,
train,Training/glioma_tumor/gg (654).jpg,MR026175E,
train,Training/glioma_tumor/gg (655).jpg,MR040240C,
train,Training/glioma_tumor/gg (656).jpg,MR040240C,
train,Training/glioma_tumor/gg (657).jpg,MR040240D,
train,Training/glioma_tumor/gg (658).jpg,MR040240D,
train,Training/glioma_tumor/gg (659).jpg,MR040240D,
train,Training/glioma_tumor/gg (66).jpg,MR051644B,
train,Training/glioma_tumor/gg (660).jpg,MR040240D,
train,Training/glioma_tumor/gg (661).jpg,MR040240D,
train,Training/glioma_tumor/gg (662).jpg,MR040240D,
train,Training/glioma_tumor/gg (663).jpg,MR040240D,
train,Training/glioma_tumor/gg (664).jpg,MR017260F,
train,Training/glioma_tumor/gg (665).jpg,MR017260F,
train,Training/glioma_tumor/gg (666).jpg,MR017260F,
train,Training/glioma_tumor/gg (667).jpg,MR017260F,
train,Training/glioma_tumor/gg (668).jpg,MR017260F,
train,Training/glioma_tumor/gg (669).jpg,MR017260F,
train,Training/glioma_tumor/gg (67).jpg,MR051644B,
train,Training/glioma_tumor/gg (670).jpg,MR017260F,
train,Training/glioma_tumor/gg (671).jpg,MR017260F,
train,Training/glioma_tumor/gg (672).jpg,MR029209I,
train,Training/glioma_tumor/gg (673).jpg,MR029209I,
train,Training/glioma_tumor/gg (674).jpg,MR048294,
train,Training/glioma_tumor/gg (675).jpg,MR048294,
train,Training/glioma_tumor/gg (676).jpg,MR048294,
train,Training/glioma_tumor/gg (677).jpg,MR048294,
train,Training/glioma_tumor/gg (678).jpg,MR048294,
train,Training/glioma_tumor/gg (679).jpg,MR048294,
train,Training/glioma_tumor/gg (68).jpg,MR051796B,
train,Training/glioma_tumor/gg (680).jpg,MR048297,
train,Training/glioma_tumor/gg (681).jpg,MR048297,
train,Training/glioma_tumor/gg (682).jpg,MR048297,
train,Training/glioma_tumor/gg (683).jpg,MR048297,
train,Training/glioma_tumor/gg (684).jpg,MR048297,
train,Training/glioma_tumor/gg (685).jpg,MR048294B,
train,Training/glioma_tumor/gg (686).jpg,MR048294B,
train,Training/glioma_tumor/gg (687).jpg,MR048294B,
train,Training/glioma_tumor/gg (688).jpg,MR048621B,
train,Training/glioma_tumor/gg (689).jpg,MR048621B,
train,Training/glioma_tumor/gg (69).jpg,MR051796B,
train,Training/glioma_tumor/gg (690).jpg,MR048944,
train,Training/glioma_tumor/gg (691).jpg,MR048944,
train,Training/glioma_tumor/gg (692).jpg,MR048944,
train,Training/glioma_tumor/gg (693).jpg,MR048944,
train,Training/glioma_tumor/gg (694).jpg,MR048944,
train,Training/glioma_tumor/gg (695).jpg,MR048944,
train,Training/glioma_tumor/gg (696).jpg,MR048944,
train,Training/glioma_tumor/gg (697).jpg,MR048944,
train,Training/glioma_tumor/gg (698).jpg,MR048994,
train,Training/glioma_tumor/gg (699).jpg,MR048994,
train,Training/glioma_tumor/gg (7).jpg,101020,
train,Training/glioma_tumor/gg (70).jpg,MR051796B,
train,Training/glioma_tumor/gg (700).jpg,MR048994,
train,Training/glioma_tumor/gg (701).jpg,MR048994,
train,Training/glioma_tumor/gg (702).jpg,MR037458C,
train,Training/glioma_tumor/gg (703).jpg,MR026175E,
train,Training/glioma_tumor/gg (704).jpg,101020,
train,Training/glioma_tumor/gg (705).jpg,101020,
train,Training/glioma_tumor/gg (706).jpg,102075,
train,Training/glioma_tumor/gg (707).jpg,102075,
train,Training/glioma_tumor/gg (708).jpg,102075,
train,Training/glioma_tumor/gg (709).jpg,103148,
train,Training/glioma_tumor/gg (71).jpg,MR051796B,
train,Training/glioma_tumor/gg (710).jpg,103148,
train,Training/glioma_tumor/gg (711).jpg,103148,
train,Training/glioma_tumor/gg (712).jpg,103148,
train,Training/glioma_tumor/gg (713).jpg,106494,
train,Training/glioma_tumor/gg (714).jpg,106494,
train,Training/glioma_tumor/gg (715).jpg,106494,
train,Training/glioma_tumor/gg (716).jpg,106494,
train,Training/glioma_tumor/gg (717).jpg,106494,
train,Training/glioma_tumor/gg (718).jpg,107747,
train,Training/glioma_tumor/gg (719).jpg,107747,
train,Training/glioma_tumor/gg (72).jpg,MR052550,
train,Training/glioma_tumor/gg (720).jpg,107747,
train,Training/glioma_tumor/gg (721).jpg,107747,
train,Training/glioma_tumor/gg (722).jpg,112027,
train,Training/glioma_tumor/gg (723).jpg,112027,
train,Training/glioma_tumor/gg (724).jpg,112105,
train,Training/glioma_tumor/gg (725).jpg,112105,
train,Training/glioma_tumor/gg (726).jpg,112105,
train,Training/glioma_tumor/gg (727).jpg,112105,
train,Training/glioma_tumor/gg (728).jpg,MR040240,
train,Training/glioma_tumor/gg (729).jpg,MR040240,
train,Training/glioma_tumor/gg (73).jpg,MR052550,
train,Training/glioma_tumor/gg (730).jpg,MR040240,
train,Training/glioma_tumor/gg (731).jpg,MR040240,
train,Training/glioma_tumor/gg (732).jpg,MR040240,
train,Training/glioma_tumor/gg (733).jpg,MR040240B,
train,Training/glioma_tumor/gg (734).jpg,MR040240B,
train,Training/glioma_tumor/gg (735).jpg,MR040240B,
train,Training/glioma_tumor/gg (736).jpg,MR040240B,
train,Training/glioma_tumor/gg (737).jpg,MR040240B,
train,Training/glioma_tumor/gg (738).jpg,MR040240B,
train,Training/glioma_tumor/gg (739).jpg,MR040240B,
train,Training/glioma_tumor/gg (74).jpg,MR052550,
train,Training/glioma_tumor/gg (740).jpg,MR040240B,
train,Training/glioma_tumor/gg (741).jpg,MR036496B,
train,Training/glioma_tumor/gg (742).jpg,MR036496B,
train,Training/glioma_tumor/gg (743).jpg,MR036496B,
train,Training/glioma_tumor/gg (744).jpg,MR036496B,
train,Training/glioma_tumor/gg (745).jpg,MR033420,
train,Training/glioma_tumor/gg (746).jpg,MR033420,
train,Training/glioma_tumor/gg (747).jpg,MR033420,
train,Training/glioma_tumor/gg (748).jpg,MR033420,
train,Training/glioma_tumor/gg (749).jpg,MR033420,
train,Training/glioma_tumor/gg (75).jpg,MR052550,
train,Training/glioma_tumor/gg (750).jpg,MR033420,
train,Training/glioma_tumor/gg (751).jpg,MR024780B,
train,Training/glioma_tumor/gg (752).jpg,MR024780B,
train,Training/glioma_tumor/gg (753).jpg,MR024780B,
train,Training/glioma_tumor/gg (754).jpg,MR033389B,
train,Training/glioma_tumor/gg (755).jpg,MR048994,
train,Training/glioma_tumor/gg (756).jpg,MR048994,
train,Training/glioma_tumor/gg (757).jpg,MR049104,
train,Training/glioma_tumor/gg (758).jpg,MR049104,
train,Training/glioma_tumor/gg (759).jpg,MR049142,
train,Training/glioma_tumor/gg (76).jpg,MR052550,
train,Training/glioma_tumor/gg (760).jpg,MR049142,
train,Training/glioma_tumor/gg (761).jpg,MR049142,
train,Training/glioma_tumor/gg (762).jpg,MR048994B,
train,Training/glioma_tumor/gg (763).jpg,MR048994B,
train,Training/glioma_tumor/gg (764).jpg,MR048994B,
train,Training/glioma_tumor/gg (765).jpg,MR048944B,
train,Training/glioma_tumor/gg (766).jpg,MR048944B,
train,Training/glioma_tumor/gg (767).jpg,MR048944B,
train,Training/glioma_tumor/gg (768).jpg,MR048944B,
train,Training/glioma_tumor/gg (769).jpg,MR048944B,
train,Training/glioma_tumor/gg (77).jpg,MR052550,
train,Training/glioma_tumor/gg (770).jpg,MR048944B,
train,Training/glioma_tumor/gg (771).jpg,MR048944B,
train,Training/glioma_tumor/gg (772).jpg,MR049358,
train,Training/glioma_tumor/gg (773).jpg,MR049358,
train,Training/glioma_tumor/gg (774).jpg,MR049358,
train,Training/glioma_tumor/gg (775).jpg,MR049358,
train,Training/glioma_tumor/gg (776).jpg,MR049358,
train,Training/glioma_tumor/gg (777).jpg,MR049358,
train,Training/glioma_tumor/gg (778).jpg,MR049358,
train,Training/glioma_tumor/gg (779).jpg,MR049358,
train,Training/glioma_tumor/gg (78).jpg,MR052550,
train,Training/glioma_tumor/gg (780).jpg,MR049358,
train,Training/glioma_tumor/gg (781).jpg,MR049453,
train,Training/glioma_tumor/gg (782).jpg,MR049453,
train,Training/glioma_tumor/gg (783).jpg,MR049453,
train,Training/glioma_tumor/gg (784).jpg,MR049453,
train,Training/glioma_tumor/gg (785).jpg,MR049453,
train,Training/glioma_tumor/gg (786).jpg,MR049453,
train,Training/glioma_tumor/gg (787).jpg,MR049453,
train,Training/glioma_tumor/gg (788).jpg,MR049453B,
train,Training/glioma_tumor/gg (789).jpg,MR049453B,
train,Training/glioma_tumor/gg (79).jpg,MR051644C,
train,Training/glioma_tumor/gg (790).jpg,MR049453B,
train,Training/glioma_tumor/gg (791).jpg,MR049453B,
train,Training/glioma_tumor/gg (792).jpg,MR049453B,
train,Training/glioma_tumor/gg (793).jpg,MR049453B,
train,Training/glioma_tumor/gg (794).jpg,MR050135B,
train,Training/glioma_tumor/gg (795).jpg,MR050135B,
train,Training/glioma_tumor/gg (796).jpg,MR050135B,
train,Training/glioma_tumor/gg (797).jpg,MR050135B,
train,Training/glioma_tumor/gg (798).jpg,MR050135B,
train,Training/glioma_tumor/gg (799).jpg,MR050135B,
train,Training/glioma_tumor/gg (8).jpg,101020,
train,Training/glioma_tumor/gg (80).jpg,MR051644C,
train,Training/glioma_tumor/gg (800).jpg,MR050135B,
train,Training/glioma_tumor/gg (801).jpg,MR050135B,
train,Training/glioma_tumor/gg (802).jpg,MR050135B,
train,Training/glioma_tumor/gg (803).jpg,MR050687,
train,Training/glioma_tumor/gg (804).jpg,MR050687,
train,Training/glioma_tumor/gg (805).jpg,MR050687,
train,Training/glioma_tumor/gg (806).jpg,MR050687,
train,Training/glioma_tumor/gg (807).jpg,MR050687,
train,Training/glioma_tumor/gg (808).jpg,MR050687,
train,Training/glioma_tumor/gg (809).jpg,MR049019C,
train,Training/glioma_tumor/gg (81).jpg,MR051644C,
train,Training/glioma_tumor/gg (810).jpg,MR049019C,
train,Training/glioma_tumor/gg (811).jpg,MR049019C,
train,Training/glioma_tumor/gg (812).jpg,MR049019C,
train,Training/glioma_tumor/gg (813).jpg,MR026175C,
train,Training/glioma_tumor/gg (814).jpg,MR051461,
train,Training/glioma_tumor/gg (815).jpg,MR051461,
train,Training/glioma_tumor/gg (816).jpg,MR051461,
train,Training/glioma_tumor/gg (817).jpg,MR051461,
train,Training/glioma_tumor/gg (818).jpg,MR051586,
train,Training/glioma_tumor/gg (819).jpg,MR051586,
train,Training/glioma_tumor/gg (82).jpg,MR051644C,
train,Training/glioma_tumor/gg (820).jpg,MR033389B,
train,Training/glioma_tumor/gg (821).jpg,MR033389B,
train,Training/glioma_tumor/gg (822).jpg,MR033389B,
train,Training/glioma_tumor/gg (823).jpg,MR033389B,
train,Training/glioma_tumor/gg (824).jpg,MR033389B,
train,Training/glioma_tumor/gg (825).jpg,MR026175E,
train,Training/glioma_tumor/gg (826).jpg,MR026175E,
train,Training/glioma_tumor/gg (83).jpg,MR051644C,
train,Training/glioma_tumor/gg (84).jpg,MR051644C,
train,Training/glioma_tumor/gg (85).jpg,MR051644C,
train,Training/glioma_tumor/gg (86).jpg,MR034997,
train,Training/glioma_tumor/gg (87).jpg,MR049942B,
train,Training/glioma_tumor/gg (88).jpg,MR052585B,
train,Training/glioma_tumor/gg (89).jpg,MR052585B,
train,Training/glioma_tumor/gg (9).jpg,101020,
train,Training/glioma_tumor/gg (90).jpg,MR052585B,
train,Training/glioma_tumor/gg (91).jpg,MR053110B,
train,Training/glioma_tumor/gg (92).jpg,MR053110B,
train,Training/glioma_tumor/gg (93).jpg,MR053110B,
train,Training/glioma_tumor/gg (94).jpg,MR034694,
train,Training/glioma_tumor/gg (95).jpg,MR034694,
train,Training/glioma_tumor/gg (96).jpg,MR054875,
train,Training/glioma_tumor/gg (97).jpg,MR054875,
train,Training/glioma_tumor/gg (98).jpg,MR054875,
train,Training/glioma_tumor/gg (99).jpg,MR050687C,
train,Training/meningioma_tumor/m (10).jpg,100360,
train,Training/meningioma_tumor/m (100).jpg,107248,
train,Training/meningioma_tumor/m (101).jpg,107248,
train,Training/meningioma_tumor/m (102).jpg,107494,
train,Training/meningioma_tumor/m (103).jpg,107494,
train,Training/meningioma_tumor/m (104).jpg,107494,
train,Training/meningioma_tumor/m (105).jpg,107494,
train,Training/meningioma_tumor/m (106).jpg,107494,
train,Training/meningioma_tumor/m (107).jpg,108514,
train,Training/meningioma_tumor/m (108).jpg,108514,
train,Training/meningioma_tumor/m (109).jpg,108514,
train,Training/meningioma_tumor/m (11).jpg,100360,
train,Training/meningioma_tumor/m (110).jpg,108514,
train,Training/meningioma_tumor/m (111).jpg,108514,
train,Training/meningioma_tumor/m (112).jpg,108514,
train,Training/meningioma_tumor/m (113).jpg,108514,
train,Training/meningioma_tumor/m (114).jpg,108550,
train,Training/meningioma_tumor/m (115).jpg,108550,
train,Training/meningioma_tumor/m (116).jpg,108590,
train,Training/meningioma_tumor/m (117).jpg,108590,
train,Training/meningioma_tumor/m (118).jpg,108945,
train,Training/meningioma_tumor/m (119).jpg,108945,
train,Training/meningioma_tumor/m (12).jpg,100360,
train,Training/meningioma_tumor/m (120).jpg,108945,
train,Training/meningioma_tumor/m (121).jpg,108945,
train,Training/meningioma_tumor/m (122).jpg,109411,
train,Training/meningioma_tumor/m (123).jpg,109968,
train,Training/meningioma_tumor/m (124).jpg,109968,
train,Training/meningioma_tumor/m (125).jpg,109968,
train,Training/meningioma_tumor/m (126).jpg,109968,
train,Training/meningioma_tumor/m (127).jpg,110116,
train,Training/meningioma_tumor/m (128).jpg,111077,
train,Training/meningioma_tumor/m (129).jpg,111077,
train,Training/meningioma_tumor/m (13).jpg,100360,
train,Training/meningioma_tumor/m (130).jpg,111077,
train,Training/meningioma_tumor/m (131).jpg,111366,
train,Training/meningioma_tumor/m (132).jpg,111366,
train,Training/meningioma_tumor/m (133).jpg,111366,
train,Training/meningioma_tumor/m (134).jpg,111366,
train,Training/meningioma_tumor/m (135).jpg,111532,
train,Training/meningioma_tumor/m (136).jpg,111532,
train,Training/meningioma_tumor/m (137).jpg,111532,
train,Training/meningioma_tumor/m (138).jpg,112002,
train,Training/meningioma_tumor/m (139).jpg,112002,
train,Training/meningioma_tumor/m (14).jpg,100360,
train,Training/meningioma_tumor/m (140).jpg,112002,
train,Training/meningioma_tumor/m (141).jpg,112002,
train,Training/meningioma_tumor/m (142).jpg,112062,
train,Training/meningioma_tumor/m (143).jpg,112062,
train,Training/meningioma_tumor/m (144).jpg,112062,
train,Training/meningioma_tumor/m (145).jpg,112252,
train,Training/meningioma_tumor/m (146).jpg,112252,
train,Training/meningioma_tumor/m (147).jpg,112552,
train,Training/meningioma_tumor/m (148).jpg,112552,
train,Training/meningioma_tumor/m (149).jpg,112552,
train,Training/meningioma_tumor/m (15).jpg,100360,
train,Training/meningioma_tumor/m (150).jpg,112552,
train,Training/meningioma_tumor/m (151).jpg,112552,
train,Training/meningioma_tumor/m (152).jpg,112552,
train,Training/meningioma_tumor/m (153).jpg,112552,
train,Training/meningioma_tumor/m (154).jpg,112648,
train,Training/meningioma_tumor/m (155).jpg,112648,
train,Training/meningioma_tumor/m (156).jpg,112648,
train,Training/meningioma_tumor/m (157).jpg,113435,
train,Training/meningioma_tumor/m (158).jpg,113435,
train,Training/meningioma_tumor/m (159).jpg,113435,
train,Training/meningioma_tumor/m (16).jpg,100360,
train,Training/meningioma_tumor/m (160).jpg,113435,
train,Training/meningioma_tumor/m (161).jpg,113435,
train,Training/meningioma_tumor/m (162).jpg,113435,
train,Training/meningioma_tumor/m (163).jpg,113554,
train,Training/meningioma_tumor/m (164).jpg,113554,
train,Training/meningioma_tumor/m (165).jpg,113554,
train,Training/meningioma_tumor/m (166).jpg,113805,
train,Training/meningioma_tumor/m (167).jpg,114018,
train,Training/meningioma_tumor/m (168).jpg,114018,
train,Training/meningioma_tumor/m (169).jpg,114018,
train,Training/meningioma_tumor/m (17).jpg,100572,
train,Training/meningioma_tumor/m (170).jpg,114018,
train,Training/meningioma_tumor/m (171).jpg,114018,
train,Training/meningioma_tumor/m (172).jpg,114359,
train,Training/meningioma_tumor/m (173).jpg,114359,
train,Training/meningioma_tumor/m (174).jpg,114359,
train,Training/meningioma_tumor/m (175).jpg,114359,
train,Training/meningioma_tumor/m (176).jpg,114359,
train,Training/meningioma_tumor/m (177).jpg,114359,
train,Training/meningioma_tumor/m (178).jpg,97607,
train,Training/meningioma_tumor/m (179).jpg,97607,
train,Training/meningioma_tumor/m (18).jpg,100572,
train,Training/meningioma_tumor/m (180).jpg,97607,
train,Training/meningioma_tumor/m (181).jpg,97737,
train,Training/meningioma_tumor/m (182).jpg,97737,
train,Training/meningioma_tumor/m (183).jpg,97737,
train,Training/meningioma_tumor/m (184).jpg,97737,
train,Training/meningioma_tumor/m (185).jpg,97737,
train,Training/meningioma_tumor/m (186).jpg,97875,
train,Training/meningioma_tumor/m (187).jpg,97875,
train,Training/meningioma_tumor/m (188).jpg,97943,
train,Training/meningioma_tumor/m (189).jpg,97943,
train,Training/meningioma_tumor/m (19).jpg,100572,
train,Training/meningioma_tumor/m (190).jpg,97943,
train,Training/meningioma_tumor/m (191).jpg,97943,
train,Training/meningioma_tumor/m (192).jpg,97943,
train,Training/meningioma_tumor/m (193).jpg,98241,
train,Training/meningioma_tumor/m (194).jpg,98241,
train,Training/meningioma_tumor/m (195).jpg,98241,
train,Training/meningioma_tumor/m (196).jpg,98241,
train,Training/meningioma_tumor/m (197).jpg,98241,
train,Training/meningioma_tumor/m (198).jpg,98241,
train,Training/meningioma_tumor/m (199).jpg,99017,
train,Training/meningioma_tumor/m (2).jpg,99089,
train,Training/meningioma_tumor/m (20).jpg,101016,
train,Training/meningioma_tumor/m (200).jpg,99017,
train,Training/meningioma_tumor/m (201).jpg,99089,
train,Training/meningioma_tumor/m (21).jpg,101016,
train,Training/meningioma_tumor/m (22).jpg,101016,
train,Training/meningioma_tumor/m (23).jpg,101016,
train,Training/meningioma_tumor/m (24).jpg,101016,
train,Training/meningioma_tumor/m (25).jpg,101016,
train,Training/meningioma_tumor/m (26).jpg,101797,
train,Training/meningioma_tumor/m (27).jpg,101797,
train,Training/meningioma_tumor/m (28).jpg,101797,
train,Training/meningioma_tumor/m (29).jpg,101797,
train,Training/meningioma_tumor/m (3).jpg,99089,
train,Training/meningioma_tumor/m (30).jpg,101797,
train,Training/meningioma_tumor/m (31).jpg,102420,
train,Training/meningioma_tumor/m (32).jpg,102420,
train,Training/meningioma_tumor/m (33).jpg,102420,
train,Training/meningioma_tumor/m (35).jpg,102675,
train,Training/meningioma_tumor/m (36).jpg,102675,
train,Training/meningioma_tumor/m (37).jpg,102714,
train,Training/meningioma_tumor/m (38).jpg,102714,
train,Training/meningioma_tumor/m (39).jpg,102714,
train,Training/meningioma_tumor/m (4).jpg,99288,
train,Training/meningioma_tumor/m (40).jpg,102714,
train,Training/meningioma_tumor/m (41).jpg,102929,
train,Training/meningioma_tumor/m (42).jpg,102929,
train,Training/meningioma_tumor/m (43).jpg,102929,
train,Training/meningioma_tumor/m (44).jpg,102929,
train,Training/meningioma_tumor/m (45).jpg,102929,
train,Training/meningioma_tumor/m (46).jpg,102929,
train,Training/meningioma_tumor/m (49).jpg,103673,
train,Training/meningioma_tumor/m (5).jpg,99308,
train,Training/meningioma_tumor/m (50).jpg,103673,
train,Training/meningioma_tumor/m (51).jpg,103673,
train,Training/meningioma_tumor/m (52).jpg,103673,
train,Training/meningioma_tumor/m (53).jpg,103673,
train,Training/meningioma_tumor/m (54).jpg,103673,
train,Training/meningioma_tumor/m (55).jpg,103673,
train,Training/meningioma_tumor/m (56).jpg,103925,
train,Training/meningioma_tumor/m (57).jpg,103925,
train,Training/meningioma_tumor/m (58).jpg,103925,
train,Training/meningioma_tumor/m (59).jpg,103925,
train,Training/meningioma_tumor/m (6).jpg,99308,
train,Training/meningioma_tumor/m (60).jpg,103925,
train,Training/meningioma_tumor/m (61).jpg,103925,
train,Training/meningioma_tumor/m (62).jpg,103925,
train,Training/meningioma_tumor/m (63).jpg,103925,
train,Training/meningioma_tumor/m (64).jpg,104167,
train,Training/meningioma_tumor/m (65).jpg,104167,
train,Training/meningioma_tumor/m (66).jpg,104167,
train,Training/meningioma_tumor/m (67).jpg,104167,
train,Training/meningioma_tumor/m (68).jpg,104167,
train,Training/meningioma_tumor/m (69).jpg,104167,
train,Training/meningioma_tumor/m (7).jpg,99308,
train,Training/meningioma_tumor/m (70).jpg,104281,
train,Training/meningioma_tumor/m (71).jpg,104281,
train,Training/meningioma_tumor/m (72).jpg,104281,
train,Training/meningioma_tumor/m (73).jpg,104281,
train,Training/meningioma_tumor/m (74).jpg,104281,
train,Training/meningioma_tumor/m (75).jpg,104281,
train,Training/meningioma_tumor/m (76).jpg,105374,
train,Training/meningioma_tumor/m (77).jpg,105374,
train,Training/meningioma_tumor/m (78).jpg,105555,
train,Training/meningioma_tumor/m (79).jpg,105555,
train,Training/meningioma_tumor/m (8).jpg,99308,
train,Training/meningioma_tumor/m (80).jpg,105555,
train,Training/meningioma_tumor/m (81).jpg,105937,
train,Training/meningioma_tumor/m (82).jpg,105937,
train,Training/meningioma_tumor/m (83).jpg,105937,
train,Training/meningioma_tumor/m (84).jpg,105937,
train,Training/meningioma_tumor/m (85).jpg,106284,
train,Training/meningioma_tumor/m (86).jpg,106284,
train,Training/meningioma_tumor/m (87).jpg,106720,
train,Training/meningioma_tumor/m (88).jpg,106720,
train,Training/meningioma_tumor/m (89).jpg,106720,
train,Training/meningioma_tumor/m (9).jpg,99308,
train,Training/meningioma_tumor/m (90).jpg,106720,
train,Training/meningioma_tumor/m (91).jpg,106914,
train,Training/meningioma_tumor/m (92).jpg,106914,
train,Training/meningioma_tumor/m (93).jpg,106914,
train,Training/meningioma_tumor/m (94).jpg,106914,
train,Training/meningioma_tumor/m (95).jpg,107190,
train,Training/meningioma_tumor/m (96).jpg,107248,
train,Training/meningioma_tumor/m (97).jpg,107248,
train,Training/meningioma_tumor/m (98).jpg,107248,
train,Training/meningioma_tumor/m (99).jpg,107248,
train,Training/meningioma_tumor/m1(14).jpg,100360,
train,Training/meningioma_tumor/m1(15).jpg,100360,
train,Training/meningioma_tumor/m1(16).jpg,100360,
train,Training/meningioma_tumor/m1(17).jpg,100360,
train,Training/meningioma_tumor/m1(18).jpg,100360,
train,Training/meningioma_tumor/m1(19).jpg,100572,
train,Training/meningioma_tumor/m1(20).jpg,100572,
train,Training/meningioma_tumor/m1(21).jpg,100572,
train,Training/meningioma_tumor/m1(22).jpg,101016,
train,Training/meningioma_tumor/m1(23).jpg,101016,
train,Training/meningioma_tumor/m1(24).jpg,101016,
train,Training/meningioma_tumor/m1(25).jpg,101016,
train,Training/meningioma_tumor/m1(26).jpg,101016,
train,Training/meningioma_tumor/m1(27).jpg,101016,
train,Training/meningioma_tumor/m1(28).jpg,101127,
train,Training/meningioma_tumor/m1(29).jpg,101127,
train,Training/meningioma_tumor/m1(30).jpg,101127,
train,Training/meningioma_tumor/m1(31).jpg,101797,
train,Training/meningioma_tumor/m1(32).jpg,101797,
train,Training/meningioma_tumor/m1(33).jpg,101797,
train,Training/meningioma_tumor/m1(34).jpg,102420,
train,Training/meningioma_tumor/m1(35).jpg,102420,
train,Training/meningioma_tumor/m1(36).jpg,102446,
train,Training/meningioma_tumor/m1(37).jpg,102675,
train,Training/meningioma_tumor/m1(38).jpg,102714,
train,Training/meningioma_tumor/m1(39).jpg,102714,
train,Training/meningioma_tumor/m1(40).jpg,102714,
train,Training/meningioma_tumor/m1(41).jpg,102714,
train,Training/meningioma_tumor/m1(42).jpg,102929,
train,Training/meningioma_tumor/m1(43).jpg,102929,
train,Training/meningioma_tumor/m1(44).jpg,103673,
train,Training/meningioma_tumor/m1(45).jpg,103673,
train,Training/meningioma_tumor/m1(46).jpg,103673,
train,Training/meningioma_tumor/m1(47).jpg,103673,
train,Training/meningioma_tumor/m1(48).jpg,103673,
train,Training/meningioma_tumor/m1(49).jpg,103673,
train,Training/meningioma_tumor/m1(50).jpg,103925,
train,Training/meningioma_tumor/m1(51).jpg,103925,
train,Training/meningioma_tumor/m1(52).jpg,103925,
train,Training/meningioma_tumor/m1(53).jpg,104167,
train,Training/meningioma_tumor/m1(54).jpg,104167,
train,Training/meningioma_tumor/m1(55).jpg,104167,
train,Training/meningioma_tumor/m1(56).jpg,104167,
train,Training/meningioma_tumor/m1(57).jpg,104281,
train,Training/meningioma_tumor/m1(58).jpg,104281,
train,Training/meningioma_tumor/m1(59).jpg,104281,
train,Training/meningioma_tumor/m1(60).jpg,104281,
train,Training/meningioma_tumor/m1(61).jpg,104281,
train,Training/meningioma_tumor/m1(62).jpg,104281,
train,Training/meningioma_tumor/m1(63).jpg,104281,
train,Training/meningioma_tumor/m1(64).jpg,105374,
train,Training/meningioma_tumor/m1(65).jpg,105374,
train,Training/meningioma_tumor/m1(66).jpg,105555,
train,Training/meningioma_tumor/m1(67).jpg,105937,
train,Training/meningioma_tumor/m1(68).jpg,105937,
train,Training/meningioma_tumor/m1(69).jpg,106284,
train,Training/meningioma_tumor/m1(70).jpg,106284,
train,Training/meningioma_tumor/m1(71).jpg,106284,
train,Training/meningioma_tumor/m1(72).jpg,106284,
train,Training/meningioma_tumor/m1(73).jpg,106284,
train,Training/meningioma_tumor/m1(74).jpg,106442,
train,Training/meningioma_tumor/m1(75).jpg,106442,
train,Training/meningioma_tumor/m1(76).jpg,106442,
train,Training/meningioma_tumor/m1(77).jpg,106442,
train,Training/meningioma_tumor/m1(78).jpg,106534,
train,Training/meningioma_tumor/m1(79).jpg,106534,
train,Training/meningioma_tumor/m1(80).jpg,106665,
train,Training/meningioma_tumor/m1(81).jpg,106665,
train,Training/meningioma_tumor/m1(82).jpg,106665,
train,Training/meningioma_tumor/m1(83).jpg,106665,
train,Training/meningioma_tumor/m1(84).jpg,106665,
train,Training/meningioma_tumor/m1(85).jpg,106665,
train,Training/meningioma_tumor/m1(86).jpg,106665,
train,Training/meningioma_tumor/m1(87).jpg,106720,
train,Training/meningioma_tumor/m1(88).jpg,106720,
train,Training/meningioma_tumor/m1(89).jpg,106720,
train,Training/meningioma_tumor/m2 (1).jpg,113805,
train,Training/meningioma_tumor/m2 (10).jpg,114359,
train,Training/meningioma_tumor/m2 (100).jpg,107190,
train,Training/meningioma_tumor/m2 (101).jpg,107248,
train,Training/meningioma_tumor/m2 (102).jpg,107248,
train,Training/meningioma_tumor/m2 (103).jpg,107248,
train,Training/meningioma_tumor/m2 (104).jpg,107248,
train,Training/meningioma_tumor/m2 (105).jpg,107494,
train,Training/meningioma_tumor/m2 (106).jpg,107494,
train,Training/meningioma_tumor/m2 (107).jpg,107494,
train,Training/meningioma_tumor/m2 (108).jpg,107494,
train,Training/meningioma_tumor/m2 (109).jpg,107494,
train,Training/meningioma_tumor/m2 (11).jpg,114359,
train,Training/meningioma_tumor/m2 (110).jpg,107494,
train,Training/meningioma_tumor/m2 (111).jpg,108514,
train,Training/meningioma_tumor/m2 (112).jpg,108514,
train,Training/meningioma_tumor/m2 (113).jpg,108514,
train,Training/meningioma_tumor/m2 (114).jpg,108514,
train,Training/meningioma_tumor/m2 (115).jpg,108514,
train,Training/meningioma_tumor/m2 (116).jpg,108514,
train,Training/meningioma_tumor/m2 (117).jpg,108550,
train,Training/meningioma_tumor/m2 (118).jpg,108550,
train,Training/meningioma_tumor/m2 (119).jpg,108590,
train,Training/meningioma_tumor/m2 (12).jpg,114359,
train,Training/meningioma_tumor/m2 (120).jpg,108590,
train,Training/meningioma_tumor/m2 (121).jpg,108945,
train,Training/meningioma_tumor/m2 (122).jpg,108945,
train,Training/meningioma_tumor/m2 (123).jpg,108945,
train,Training/meningioma_tumor/m2 (124).jpg,108945,
train,Training/meningioma_tumor/m2 (125).jpg,109411,
train,Training/meningioma_tumor/m2 (126).jpg,109968,
train,Training/meningioma_tumor/m2 (127).jpg,109968,
train,Training/meningioma_tumor/m2 (128).jpg,109968,
train,Training/meningioma_tumor/m2 (129).jpg,109968,
train,Training/meningioma_tumor/m2 (13).jpg,97607,
train,Training/meningioma_tumor/m2 (130).jpg,110116,
train,Training/meningioma_tumor/m2 (131).jpg,110116,
train,Training/meningioma_tumor/m2 (132).jpg,110116,
train,Training/meningioma_tumor/m2 (133).jpg,110116,
train,Training/meningioma_tumor/m2 (134).jpg,111077,
train,Training/meningioma_tumor/m2 (135).jpg,111077,
train,Training/meningioma_tumor/m2 (136).jpg,111077,
train,Training/meningioma_tumor/m2 (137).jpg,111077,
train,Training/meningioma_tumor/m2 (138).jpg,111366,
train,Training/meningioma_tumor/m2 (139).jpg,111366,
train,Training/meningioma_tumor/m2 (14).jpg,97607,
train,Training/meningioma_tumor/m2 (140).jpg,111366,
train,Training/meningioma_tumor/m2 (141).jpg,111366,
train,Training/meningioma_tumor/m2 (142).jpg,111532,
train,Training/meningioma_tumor/m2 (143).jpg,111532,
train,Training/meningioma_tumor/m2 (144).jpg,111532,
train,Training/meningioma_tumor/m2 (145).jpg,111532,
train,Training/meningioma_tumor/m2 (146).jpg,111532,
train,Training/meningioma_tumor/m2 (147).jpg,112002,
train,Training/meningioma_tumor/m2 (148).jpg,112002,
train,Training/meningioma_tumor/m2 (149).jpg,112002,
train,Training/meningioma_tumor/m2 (15).jpg,97607,
train,Training/meningioma_tumor/m2 (150).jpg,112002,
train,Training/meningioma_tumor/m2 (151).jpg,112062,
train,Training/meningioma_tumor/m2 (152).jpg,112062,
train,Training/meningioma_tumor/m2 (153).jpg,112062,
train,Training/meningioma_tumor/m2 (154).jpg,112062,
train,Training/meningioma_tumor/m2 (155).jpg,112252,
train,Training/meningioma_tumor/m2 (156).jpg,112252,
train,Training/meningioma_tumor/m2 (157).jpg,112552,
train,Training/meningioma_tumor/m2 (158).jpg,112552,
train,Training/meningioma_tumor/m2 (159).jpg,112552,
train,Training/meningioma_tumor/m2 (16).jpg,97737,
train,Training/meningioma_tumor/m2 (160).jpg,112552,
train,Training/meningioma_tumor/m2 (161).jpg,112552,
train,Training/meningioma_tumor/m2 (162).jpg,112552,
train,Training/meningioma_tumor/m2 (163).jpg,112552,
train,Training/meningioma_tumor/m2 (164).jpg,112648,
train,Training/meningioma_tumor/m2 (165).jpg,112648,
train,Training/meningioma_tumor/m2 (166).jpg,112648,
train,Training/meningioma_tumor/m2 (167).jpg,113435,
train,Training/meningioma_tumor/m2 (168).jpg,113435,
train,Training/meningioma_tumor/m2 (169).jpg,113435,
train,Training/meningioma_tumor/m2 (17).jpg,97737,
train,Training/meningioma_tumor/m2 (170).jpg,113435,
train,Training/meningioma_tumor/m2 (171).jpg,113435,
train,Training/meningioma_tumor/m2 (172).jpg,113435,
train,Training/meningioma_tumor/m2 (173).jpg,113435,
train,Training/meningioma_tumor/m2 (174).jpg,113435,
train,Training/meningioma_tumor/m2 (175).jpg,113554,
train,Training/meningioma_tumor/m2 (176).jpg,113554,
train,Training/meningioma_tumor/m2 (177).jpg,113554,
train,Training/meningioma_tumor/m2 (18).jpg,97737,
train,Training/meningioma_tumor/m2 (19).jpg,97737,
train,Training/meningioma_tumor/m2 (2).jpg,113805,
train,Training/meningioma_tumor/m2 (20).jpg,97737,
train,Training/meningioma_tumor/m2 (21).jpg,97737,
train,Training/meningioma_tumor/m2 (22).jpg,97875,
train,Training/meningioma_tumor/m2 (23).jpg,97875,
train,Training/meningioma_tumor/m2 (24).jpg,97875,
train,Training/meningioma_tumor/m2 (25).jpg,97875,
train,Training/meningioma_tumor/m2 (26).jpg,97943,
train,Training/meningioma_tumor/m2 (27).jpg,97943,
train,Training/meningioma_tumor/m2 (28).jpg,97943,
train,Training/meningioma_tumor/m2 (29).jpg,97943,
train,Training/meningioma_tumor/m2 (3).jpg,114018,
train,Training/meningioma_tumor/m2 (30).jpg,98241,
train,Training/meningioma_tumor/m2 (31).jpg,98241,
train,Training/meningioma_tumor/m2 (32).jpg,98241,
train,Training/meningioma_tumor/m2 (33).jpg,98241,
train,Training/meningioma_tumor/m2 (34).jpg,98241,
train,Training/meningioma_tumor/m2 (35).jpg,98241,
train,Training/meningioma_tumor/m2 (36).jpg,98241,
train,Training/meningioma_tumor/m2 (37).jpg,99017,
train,Training/meningioma_tumor/m2 (38).jpg,99017,
train,Training/meningioma_tumor/m2 (39).jpg,99089,
train,Training/meningioma_tumor/m2 (4).jpg,114018,
train,Training/meningioma_tumor/m2 (40).jpg,99089,
train,Training/meningioma_tumor/m2 (41).jpg,99089,
train,Training/meningioma_tumor/m2 (42).jpg,99089,
train,Training/meningioma_tumor/m2 (43).jpg,99089,
train,Training/meningioma_tumor/m2 (44).jpg,99288,
train,Training/meningioma_tumor/m2 (45).jpg,99308,
train,Training/meningioma_tumor/m2 (46).jpg,99308,
train,Training/meningioma_tumor/m2 (47).jpg,99308,
train,Training/meningioma_tumor/m2 (48).jpg,99308,
train,Training/meningioma_tumor/m2 (49).jpg,100360,
train,Training/meningioma_tumor/m2 (5).jpg,114018,
train,Training/meningioma_tumor/m2 (50).jpg,100360,
train,Training/meningioma_tumor/m2 (51).jpg,100360,
train,Training/meningioma_tumor/m2 (52).jpg,100360,
train,Training/meningioma_tumor/m2 (53).jpg,100360,
train,Training/meningioma_tumor/m2 (54).jpg,100360,
train,Training/meningioma_tumor/m2 (55).jpg,100572,
train,Training/meningioma_tumor/m2 (56).jpg,100639,
train,Training/meningioma_tumor/m2 (57).jpg,100639,
train,Training/meningioma_tumor/m2 (58).jpg,100920,
train,Training/meningioma_tumor/m2 (59).jpg,100920,
train,Training/meningioma_tumor/m2 (6).jpg,114018,
train,Training/meningioma_tumor/m2 (60).jpg,100920,
train,Training/meningioma_tumor/m2 (61).jpg,101016,
train,Training/meningioma_tumor/m2 (62).jpg,101016,
train,Training/meningioma_tumor/m2 (63).jpg,101016,
train,Training/meningioma_tumor/m2 (64).jpg,101016,
train,Training/meningioma_tumor/m2 (65).jpg,101082,
train,Training/meningioma_tumor/m2 (66).jpg,101082,
train,Training/meningioma_tumor/m2 (67).jpg,101127,
train,Training/meningioma_tumor/m2 (68).jpg,101127,
train,Training/meningioma_tumor/m2 (69).jpg,101127,
train,Training/meningioma_tumor/m2 (7).jpg,114359,
train,Training/meningioma_tumor/m2 (70).jpg,101127,
train,Training/meningioma_tumor/m2 (71).jpg,101797,
train,Training/meningioma_tumor/m2 (72).jpg,101797,
train,Training/meningioma_tumor/m2 (73).jpg,101797,
train,Training/meningioma_tumor/m2 (74).jpg,101797,
train,Training/meningioma_tumor/m2 (75).jpg,101797,
train,Training/meningioma_tumor/m2 (76).jpg,101797,
train,Training/meningioma_tumor/m2 (77).jpg,106284,
train,Training/meningioma_tumor/m2 (78).jpg,106284,
train,Training/meningioma_tumor/m2 (79).jpg,106442,
train,Training/meningioma_tumor/m2 (8).jpg,114359,
train,Training/meningioma_tumor/m2 (80).jpg,106442,
train,Training/meningioma_tumor/m2 (82).jpg,106534,
train,Training/meningioma_tumor/m2 (83).jpg,106534,
train,Training/meningioma_tumor/m2 (84).jpg,106665,
train,Training/meningioma_tumor/m2 (85).jpg,106665,
train,Training/meningioma_tumor/m2 (86).jpg,106665,
train,Training/meningioma_tumor/m2 (87).jpg,106665,
train,Training/meningioma_tumor/m2 (88).jpg,106665,
train,Training/meningioma_tumor/m2 (89).jpg,106720,
train,Training/meningioma_tumor/m2 (9).jpg,114359,
train,Training/meningioma_tumor/m2 (90).jpg,106720,
train,Training/meningioma_tumor/m2 (91).jpg,106720,
train,Training/meningioma_tumor/m2 (92).jpg,106720,
train,Training/meningioma_tumor/m2 (93).jpg,106720,
train,Training/meningioma_tumor/m2 (94).jpg,106720,
train,Training/meningioma_tumor/m2 (95).jpg,106720,
train,Training/meningioma_tumor/m2 (96).jpg,106914,
train,Training/meningioma_tumor/m2 (97).jpg,106914,
train,Training/meningioma_tumor/m2 (98).jpg,106914,
train,Training/meningioma_tumor/m2 (99).jpg,106914,
train,Training/meningioma_tumor/m3 (1).jpg,109350,
train,Training/meningioma_tumor/m3 (10).jpg,111077,
train,Training/meningioma_tumor/m3 (100).jpg,98241,
train,Training/meningioma_tumor/m3 (101).jpg,98241,
train,Training/meningioma_tumor/m3 (102).jpg,98241,
train,Training/meningioma_tumor/m3 (103).jpg,98241,
train,Training/meningioma_tumor/m3 (104).jpg,98241,
train,Training/meningioma_tumor/m3 (105).jpg,99017,
train,Training/meningioma_tumor/m3 (106).jpg,99017,
train,Training/meningioma_tumor/m3 (107).jpg,99089,
train,Training/meningioma_tumor/m3 (108).jpg,99089,
train,Training/meningioma_tumor/m3 (109).jpg,99089,
train,Training/meningioma_tumor/m3 (11).jpg,111366,
train,Training/meningioma_tumor/m3 (110).jpg,99089,
train,Training/meningioma_tumor/m3 (111).jpg,99089,
train,Training/meningioma_tumor/m3 (112).jpg,99162,
train,Training/meningioma_tumor/m3 (113).jpg,99162,
train,Training/meningioma_tumor/m3 (114).jpg,99162,
train,Training/meningioma_tumor/m3 (115).jpg,99288,
train,Training/meningioma_tumor/m3 (116).jpg,99308,
train,Training/meningioma_tumor/m3 (117).jpg,99308,
train,Training/meningioma_tumor/m3 (118).jpg,99308,
train,Training/meningioma_tumor/m3 (119).jpg,99308,
train,Training/meningioma_tumor/m3 (12).jpg,111366,
train,Training/meningioma_tumor/m3 (120).jpg,99308,
train,Training/meningioma_tumor/m3 (121).jpg,99308,
train,Training/meningioma_tumor/m3 (122).jpg,99815,
train,Training/meningioma_tumor/m3 (123).jpg,99815,
train,Training/meningioma_tumor/m3 (124).jpg,99815,
train,Training/meningioma_tumor/m3 (125).jpg,99815,
train,Training/meningioma_tumor/m3 (126).jpg,99815,
train,Training/meningioma_tumor/m3 (127).jpg,53669,
train,Training/meningioma_tumor/m3 (128).jpg,95969,
train,Training/meningioma_tumor/m3 (129).jpg,88510,
train,Training/meningioma_tumor/m3 (13).jpg,111366,
train,Training/meningioma_tumor/m3 (14).jpg,111366,
train,Training/meningioma_tumor/m3 (147).jpg,101801,
train,Training/meningioma_tumor/m3 (148).jpg,101801,
train,Training/meningioma_tumor/m3 (149).jpg,101801,
train,Training/meningioma_tumor/m3 (15).jpg,111532,
train,Training/meningioma_tumor/m3 (150).jpg,102420,
train,Training/meningioma_tumor/m3 (151).jpg,102420,
train,Training/meningioma_tumor/m3 (152).jpg,102446,
train,Training/meningioma_tumor/m3 (153).jpg,102675,
train,Training/meningioma_tumor/m3 (154).jpg,102675,
train,Training/meningioma_tumor/m3 (155).jpg,102714,
train,Training/meningioma_tumor/m3 (156).jpg,102714,
train,Training/meningioma_tumor/m3 (157).jpg,102714,
train,Training/meningioma_tumor/m3 (158).jpg,102818,
train,Training/meningioma_tumor/m3 (159).jpg,102818,
train,Training/meningioma_tumor/m3 (16).jpg,111532,
train,Training/meningioma_tumor/m3 (160).jpg,102818,
train,Training/meningioma_tumor/m3 (161).jpg,102818,
train,Training/meningioma_tumor/m3 (162).jpg,102935,
train,Training/meningioma_tumor/m3 (163).jpg,102960,
train,Training/meningioma_tumor/m3 (164).jpg,102960,
train,Training/meningioma_tumor/m3 (165).jpg,102960,
train,Training/meningioma_tumor/m3 (166).jpg,102960,
train,Training/meningioma_tumor/m3 (167).jpg,102960,
train,Training/meningioma_tumor/m3 (168).jpg,102960,
train,Training/meningioma_tumor/m3 (169).jpg,102985,
train,Training/meningioma_tumor/m3 (17).jpg,111532,
train,Training/meningioma_tumor/m3 (170).jpg,103673,
train,Training/meningioma_tumor/m3 (171).jpg,103673,
train,Training/meningioma_tumor/m3 (172).jpg,103673,
train,Training/meningioma_tumor/m3 (173).jpg,103673,
train,Training/meningioma_tumor/m3 (174).jpg,103673,
train,Training/meningioma_tumor/m3 (175).jpg,103925,
train,Training/meningioma_tumor/m3 (176).jpg,103925,
train,Training/meningioma_tumor/m3 (177).jpg,103925,
train,Training/meningioma_tumor/m3 (178).jpg,103925,
train,Training/meningioma_tumor/m3 (179).jpg,104167,
train,Training/meningioma_tumor/m3 (18).jpg,111696,
train,Training/meningioma_tumor/m3 (180).jpg,104167,
train,Training/meningioma_tumor/m3 (181).jpg,104167,
train,Training/meningioma_tumor/m3 (182).jpg,104167,
train,Training/meningioma_tumor/m3 (183).jpg,104281,
train,Training/meningioma_tumor/m3 (184).jpg,104281,
train,Training/meningioma_tumor/m3 (185).jpg,104281,
train,Training/meningioma_tumor/m3 (186).jpg,104281,
train,Training/meningioma_tumor/m3 (187).jpg,104695,
train,Training/meningioma_tumor/m3 (188).jpg,104695,
train,Training/meningioma_tumor/m3 (189).jpg,104695,
train,Training/meningioma_tumor/m3 (19).jpg,111710,
train,Training/meningioma_tumor/m3 (190).jpg,105374,
train,Training/meningioma_tumor/m3 (191).jpg,105555,
train,Training/meningioma_tumor/m3 (192).jpg,105555,
train,Training/meningioma_tumor/m3 (193).jpg,105937,
train,Training/meningioma_tumor/m3 (194).jpg,105937,
train,Training/meningioma_tumor/m3 (195).jpg,105937,
train,Training/meningioma_tumor/m3 (196).jpg,106284,
train,Training/meningioma_tumor/m3 (197).jpg,106284,
train,Training/meningioma_tumor/m3 (198).jpg,106284,
train,Training/meningioma_tumor/m3 (199).jpg,106284,
train,Training/meningioma_tumor/m3 (2).jpg,109411,
train,Training/meningioma_tumor/m3 (20).jpg,111710,
train,Training/meningioma_tumor/m3 (200).jpg,106442,
train,Training/meningioma_tumor/m3 (201).jpg,106442,
train,Training/meningioma_tumor/m3 (202).jpg,106442,
train,Training/meningioma_tumor/m3 (203).jpg,106534,
train,Training/meningioma_tumor/m3 (204).jpg,106592,
train,Training/meningioma_tumor/m3 (205).jpg,106665,
train,Training/meningioma_tumor/m3 (206).jpg,106665,
train,Training/meningioma_tumor/m3 (207).jpg,106665,
train,Training/meningioma_tumor/m3 (208).jpg,106665,
train,Training/meningioma_tumor/m3 (209).jpg,106665,
train,Training/meningioma_tumor/m3 (21).jpg,112002,
train,Training/meningioma_tumor/m3 (210).jpg,106665,
train,Training/meningioma_tumor/m3 (211).jpg,106665,
train,Training/meningioma_tumor/m3 (212).jpg,106720,
train,Training/meningioma_tumor/m3 (213).jpg,106720,
train,Training/meningioma_tumor/m3 (214).jpg,106914,
train,Training/meningioma_tumor/m3 (215).jpg,106914,
train,Training/meningioma_tumor/m3 (216).jpg,106914,
train,Training/meningioma_tumor/m3 (217).jpg,106914,
train,Training/meningioma_tumor/m3 (218).jpg,106914,
train,Training/meningioma_tumor/m3 (219).jpg,106914,
train,Training/meningioma_tumor/m3 (22).jpg,112002,
train,Training/meningioma_tumor/m3 (220).jpg,106914,
train,Training/meningioma_tumor/m3 (221).jpg,107190,
train,Training/meningioma_tumor/m3 (222).jpg,107248,
train,Training/meningioma_tumor/m3 (223).jpg,107248,
train,Training/meningioma_tumor/m3 (224).jpg,107248,
train,Training/meningioma_tumor/m3 (225).jpg,107248,
train,Training/meningioma_tumor/m3 (226).jpg,107248,
train,Training/meningioma_tumor/m3 (227).jpg,107494,
train,Training/meningioma_tumor/m3 (228).jpg,107494,
train,Training/meningioma_tumor/m3 (229).jpg,107494,
train,Training/meningioma_tumor/m3 (23).jpg,112002,
train,Training/meningioma_tumor/m3 (230).jpg,107494,
train,Training/meningioma_tumor/m3 (231).jpg,107946,
train,Training/meningioma_tumor/m3 (232).jpg,107946,
train,Training/meningioma_tumor/m3 (233).jpg,107946,
train,Training/meningioma_tumor/m3 (234).jpg,107946,
train,Training/meningioma_tumor/m3 (235).jpg,108514,
train,Training/meningioma_tumor/m3 (236).jpg,108514,
train,Training/meningioma_tumor/m3 (237).jpg,108514,
train,Training/meningioma_tumor/m3 (238).jpg,108514,
train,Training/meningioma_tumor/m3 (239).jpg,108550,
train,Training/meningioma_tumor/m3 (24).jpg,112002,
train,Training/meningioma_tumor/m3 (240).jpg,108550,
train,Training/meningioma_tumor/m3 (241).jpg,108590,
train,Training/meningioma_tumor/m3 (242).jpg,108590,
train,Training/meningioma_tumor/m3 (243).jpg,108945,
train,Training/meningioma_tumor/m3 (244).jpg,108945,
train,Training/meningioma_tumor/m3 (245).jpg,108945,
train,Training/meningioma_tumor/m3 (246).jpg,108945,
train,Training/meningioma_tumor/m3 (247).jpg,109350,
train,Training/meningioma_tumor/m3 (25).jpg,112062,
train,Training/meningioma_tumor/m3 (26).jpg,112062,
train,Training/meningioma_tumor/m3 (27).jpg,112062,
train,Training/meningioma_tumor/m3 (28).jpg,112252,
train,Training/meningioma_tumor/m3 (29).jpg,112252,
train,Training/meningioma_tumor/m3 (3).jpg,109968,
train,Training/meningioma_tumor/m3 (30).jpg,112552,
train,Training/meningioma_tumor/m3 (31).jpg,112552,
train,Training/meningioma_tumor/m3 (32).jpg,112552,
train,Training/meningioma_tumor/m3 (33).jpg,112552,
train,Training/meningioma_tumor/m3 (34).jpg,112552,
train,Training/meningioma_tumor/m3 (35).jpg,112552,
train,Training/meningioma_tumor/m3 (36).jpg,112552,
train,Training/meningioma_tumor/m3 (37).jpg,112648,
train,Training/meningioma_tumor/m3 (38).jpg,112648,
train,Training/meningioma_tumor/m3 (39).jpg,112648,
train,Training/meningioma_tumor/m3 (4).jpg,109968,
train,Training/meningioma_tumor/m3 (40).jpg,112650,
train,Training/meningioma_tumor/m3 (41).jpg,112650,
train,Training/meningioma_tumor/m3 (42).jpg,113098,
train,Training/meningioma_tumor/m3 (43).jpg,113098,
train,Training/meningioma_tumor/m3 (44).jpg,113098,
train,Training/meningioma_tumor/m3 (45).jpg,113098,
train,Training/meningioma_tumor/m3 (46).jpg,113435,
train,Training/meningioma_tumor/m3 (47).jpg,113435,
train,Training/meningioma_tumor/m3 (48).jpg,113435,
train,Training/meningioma_tumor/m3 (49).jpg,113435,
train,Training/meningioma_tumor/m3 (5).jpg,109968,
train,Training/meningioma_tumor/m3 (50).jpg,113435,
train,Training/meningioma_tumor/m3 (51).jpg,113435,
train,Training/meningioma_tumor/m3 (52).jpg,113554,
train,Training/meningioma_tumor/m3 (53).jpg,113554,
train,Training/meningioma_tumor/m3 (54).jpg,113554,
train,Training/meningioma_tumor/m3 (55).jpg,113554,
train,Training/meningioma_tumor/m3 (56).jpg,113614,
train,Training/meningioma_tumor/m3 (57).jpg,113614,
train,Training/meningioma_tumor/m3 (58).jpg,113614,
train,Training/meningioma_tumor/m3 (59).jpg,113805,
train,Training/meningioma_tumor/m3 (6).jpg,109968,
train,Training/meningioma_tumor/m3 (60).jpg,113971,
train,Training/meningioma_tumor/m3 (61).jpg,113971,
train,Training/meningioma_tumor/m3 (62).jpg,114018,
train,Training/meningioma_tumor/m3 (63).jpg,114018,
train,Training/meningioma_tumor/m3 (64).jpg,114018,
train,Training/meningioma_tumor/m3 (65).jpg,114018,
train,Training/meningioma_tumor/m3 (66).jpg,114018,
train,Training/meningioma_tumor/m3 (67).jpg,114018,
train,Training/meningioma_tumor/m3 (68).jpg,114359,
train,Training/meningioma_tumor/m3 (69).jpg,114359,
train,Training/meningioma_tumor/m3 (7).jpg,110808,
train,Training/meningioma_tumor/m3 (70).jpg,114359,
train,Training/meningioma_tumor/m3 (71).jpg,114359,
train,Training/meningioma_tumor/m3 (72).jpg,114359,
train,Training/meningioma_tumor/m3 (73).jpg,114359,
train,Training/meningioma_tumor/m3 (74).jpg,114359,
train,Training/meningioma_tumor/m3 (75).jpg,114417,
train,Training/meningioma_tumor/m3 (76).jpg,114417,
train,Training/meningioma_tumor/m3 (77).jpg,114417,
train,Training/meningioma_tumor/m3 (78).jpg,114417,
train,Training/meningioma_tumor/m3 (79).jpg,97374,
train,Training/meningioma_tumor/m3 (8).jpg,111077,
train,Training/meningioma_tumor/m3 (80).jpg,97374,
train,Training/meningioma_tumor/m3 (81).jpg,97374,
train,Training/meningioma_tumor/m3 (82).jpg,97374,
train,Training/meningioma_tumor/m3 (83).jpg,97374,
train,Training/meningioma_tumor/m3 (84).jpg,97607,
train,Training/meningioma_tumor/m3 (85).jpg,97607,
train,Training/meningioma_tumor/m3 (86).jpg,97607,
train,Training/meningioma_tumor/m3 (87).jpg,97607,
train,Training/meningioma_tumor/m3 (88).jpg,97737,
train,Training/meningioma_tumor/m3 (89).jpg,97737,
train,Training/meningioma_tumor/m3 (9).jpg,111077,
train,Training/meningioma_tumor/m3 (90).jpg,97737,
train,Training/meningioma_tumor/m3 (91).jpg,97737,
train,Training/meningioma_tumor/m3 (92).jpg,97737,
train,Training/meningioma_tumor/m3 (93).jpg,97793,
train,Training/meningioma_tumor/m3 (94).jpg,97943,
train,Training/meningioma_tumor/m3 (95).jpg,97943,
train,Training/meningioma_tumor/m3 (96).jpg,97943,
train,Training/meningioma_tumor/m3 (97).jpg,97943,
train,Training/meningioma_tumor/m3 (98).jpg,97943,
train,Training/meningioma_tumor/m3 (99).jpg,98241,
train,Training/pituitary_tumor/p (1).jpg,110537,
train,Training/pituitary_tumor/p (10).jpg,111125,
train,Training/pituitary_tumor/p (100).jpg,103671,
train,Training/pituitary_tumor/p (101).jpg,98871,
train,Training/pituitary_tumor/p (102).jpg,98871,
train,Training/pituitary_tumor/p (103).jpg,98874,
train,Training/pituitary_tumor/p (104).jpg,98874,
train,Training/pituitary_tumor/p (105).jpg,98874,
train,Training/pituitary_tumor/p (106).jpg,98874,
train,Training/pituitary_tumor/p (107).jpg,98992,
train,Training/pituitary_tumor/p (108).jpg,98992,
train,Training/pituitary_tumor/p (109).jpg,98992,
train,Training/pituitary_tumor/p (11).jpg,111125,
train,Training/pituitary_tumor/p (110).jpg,98992,
train,Training/pituitary_tumor/p (111).jpg,98992,
train,Training/pituitary_tumor/p (112).jpg,98992,
train,Training/pituitary_tumor/p (113).jpg,98992,
train,Training/pituitary_tumor/p (114).jpg,98995,
train,Training/pituitary_tumor/p (115).jpg,98995,
train,Training/pituitary_tumor/p (116).jpg,98995,
train,Training/pituitary_tumor/p (117).jpg,98995,
train,Training/pituitary_tumor/p (118).jpg,99223,
train,Training/pituitary_tumor/p (119).jpg,99223,
train,Training/pituitary_tumor/p (12).jpg,111125,
train,Training/pituitary_tumor/p (120).jpg,99223,
train,Training/pituitary_tumor/p (121).jpg,99223,
train,Training/pituitary_tumor/p (122).jpg,99223,
train,Training/pituitary_tumor/p (123).jpg,99223,
train,Training/pituitary_tumor/p (13).jpg,111785,
train,Training/pituitary_tumor/p (138).jpg,101127,
train,Training/pituitary_tumor/p (14).jpg,111785,
train,Training/pituitary_tumor/p (140).jpg,103837,
train,Training/pituitary_tumor/p (141).jpg,104019,
train,Training/pituitary_tumor/p (142).jpg,104019,
train,Training/pituitary_tumor/p (143).jpg,104019,
train,Training/pituitary_tumor/p (144).jpg,104019,
train,Training/pituitary_tumor/p (145).jpg,104558,
train,Training/pituitary_tumor/p (146).jpg,104558,
train,Training/pituitary_tumor/p (147).jpg,104558,
train,Training/pituitary_tumor/p (148).jpg,104558,
train,Training/pituitary_tumor/p (149).jpg,104558,
train,Training/pituitary_tumor/p (15).jpg,111785,
train,Training/pituitary_tumor/p (150).jpg,104558,
train,Training/pituitary_tumor/p (151).jpg,104558,
train,Training/pituitary_tumor/p (152).jpg,104684,
train,Training/pituitary_tumor/p (153).jpg,104684,
train,Training/pituitary_tumor/p (154).jpg,104684,
train,Training/pituitary_tumor/p (155).jpg,104684,
train,Training/pituitary_tumor/p (156).jpg,104684,
train,Training/pituitary_tumor/p (157).jpg,104684,
train,Training/pituitary_tumor/p (158).jpg,104684,
train,Training/pituitary_tumor/p (159).jpg,104912,
train,Training/pituitary_tumor/p (16).jpg,111785,
train,Training/pituitary_tumor/p (160).jpg,104912,
train,Training/pituitary_tumor/p (161).jpg,104912,
train,Training/pituitary_tumor/p (162).jpg,104912,
train,Training/pituitary_tumor/p (163).jpg,104912,
train,Training/pituitary_tumor/p (164).jpg,104912,
train,Training/pituitary_tumor/p (165).jpg,104912,
train,Training/pituitary_tumor/p (166).jpg,105187,
train,Training/pituitary_tumor/p (167).jpg,105187,
train,Training/pituitary_tumor/p (168).jpg,105187,
train,Training/pituitary_tumor/p (169).jpg,105187,
train,Training/pituitary_tumor/p (17).jpg,114040,
train,Training/pituitary_tumor/p (170).jpg,105187,
train,Training/pituitary_tumor/p (171).jpg,105187,
train,Training/pituitary_tumor/p (172).jpg,105475,
train,Training/pituitary_tumor/p (173).jpg,105475,
train,Training/pituitary_tumor/p (174).jpg,105475,
train,Training/pituitary_tumor/p (175).jpg,105475,
train,Training/pituitary_tumor/p (176).jpg,105475,
train,Training/pituitary_tumor/p (177).jpg,105538,
train,Training/pituitary_tumor/p (178).jpg,105538,
train,Training/pituitary_tumor/p (179).jpg,105638,
train,Training/pituitary_tumor/p (18).jpg,114040,
train,Training/pituitary_tumor/p (180).jpg,105638,
train,Training/pituitary_tumor/p (181).jpg,105638,
train,Training/pituitary_tumor/p (182).jpg,105638,
train,Training/pituitary_tumor/p (183).jpg,105638,
train,Training/pituitary_tumor/p (184).jpg,97416,
train,Training/pituitary_tumor/p (185).jpg,97416,
train,Training/pituitary_tumor/p (186).jpg,97416,
train,Training/pituitary_tumor/p (187).jpg,97416,
train,Training/pituitary_tumor/p (188).jpg,97416,
train,Training/pituitary_tumor/p (189).jpg,97416,
train,Training/pituitary_tumor/p (19).jpg,114040,
train,Training/pituitary_tumor/p (190).jpg,97416,
train,Training/pituitary_tumor/p (191).jpg,97461,
train,Training/pituitary_tumor/p (192).jpg,97461,
train,Training/pituitary_tumor/p (193).jpg,97461,
train,Training/pituitary_tumor/p (194).jpg,97481,
train,Training/pituitary_tumor/p (195).jpg,97481,
train,Training/pituitary_tumor/p (196).jpg,97481,
train,Training/pituitary_tumor/p (197).jpg,97481,
train,Training/pituitary_tumor/p (198).jpg,97481,
train,Training/pituitary_tumor/p (199).jpg,97599,
train,Training/pituitary_tumor/p (2).jpg,110993,
train,Training/pituitary_tumor/p (20).jpg,114361,
train,Training/pituitary_tumor/p (200).jpg,97599,
train,Training/pituitary_tumor/p (201).jpg,97890,
train,Training/pituitary_tumor/p (202).jpg,97890,
train,Training/pituitary_tumor/p (203).jpg,97890,
train,Training/pituitary_tumor/p (204).jpg,97890,
train,Training/pituitary_tumor/p (205).jpg,97890,
train,Training/pituitary_tumor/p (206).jpg,97890,
train,Training/pituitary_tumor/p (207).jpg,98472,
train,Training/pituitary_tumor/p (208).jpg,98472,
train,Training/pituitary_tumor/p (209).jpg,98472,
train,Training/pituitary_tumor/p (21).jpg,114361,
train,Training/pituitary_tumor/p (210).jpg,98472,
train,Training/pituitary_tumor/p (211).jpg,98472,
train,Training/pituitary_tumor/p (212).jpg,98472,
train,Training/pituitary_tumor/p (213).jpg,98652,
train,Training/pituitary_tumor/p (214).jpg,98652,
train,Training/pituitary_tumor/p (215).jpg,98652,
train,Training/pituitary_tumor/p (216).jpg,98871,
train,Training/pituitary_tumor/p (217).jpg,98871,
train,Training/pituitary_tumor/p (218).jpg,98871,
train,Training/pituitary_tumor/p (219).jpg,98871,
train,Training/pituitary_tumor/p (22).jpg,114361,
train,Training/pituitary_tumor/p (220).jpg,98871,
train,Training/pituitary_tumor/p (221).jpg,98874,
train,Training/pituitary_tumor/p (222).jpg,98874,
train,Training/pituitary_tumor/p (223).jpg,98874,
train,Training/pituitary_tumor/p (224).jpg,98874,
train,Training/pituitary_tumor/p (225).jpg,98874,
train,Training/pituitary_tumor/p (226).jpg,98874,
train,Training/pituitary_tumor/p (227).jpg,98992,
train,Training/pituitary_tumor/p (228).jpg,98992,
train,Training/pituitary_tumor/p (229).jpg,98992,
train,Training/pituitary_tumor/p (23).jpg,114094,
train,Training/pituitary_tumor/p (230).jpg,98992,
train,Training/pituitary_tumor/p (231).jpg,98992,
train,Training/pituitary_tumor/p (232).jpg,98992,
train,Training/pituitary_tumor/p (233).jpg,98992,
train,Training/pituitary_tumor/p (234).jpg,98992,
train,Training/pituitary_tumor/p (235).jpg,98992,
train,Training/pituitary_tumor/p (236).jpg,98992,
train,Training/pituitary_tumor/p (237).jpg,98992,
train,Training/pituitary_tumor/p (238).jpg,98995,
train,Training/pituitary_tumor/p (239).jpg,98995,
train,Training/pituitary_tumor/p (24).jpg,114094,
train,Training/pituitary_tumor/p (240).jpg,103837,
train,Training/pituitary_tumor/p (241).jpg,98995,
train,Training/pituitary_tumor/p (242).jpg,98995,
train,Training/pituitary_tumor/p (243).jpg,98995,
train,Training/pituitary_tumor/p (244).jpg,99223,
train,Training/pituitary_tumor/p (245).jpg,98995,
train,Training/pituitary_tumor/p (246).jpg,99223,
train,Training/pituitary_tumor/p (247).jpg,99223,
train,Training/pituitary_tumor/p (248).jpg,99223,
train,Training/pituitary_tumor/p (249).jpg,99223,
train,Training/pituitary_tumor/p (25).jpg,114094,
train,Training/pituitary_tumor/p (250).jpg,101017,
train,Training/pituitary_tumor/p (251).jpg,101017,
train,Training/pituitary_tumor/p (252).jpg,101017,
train,Training/pituitary_tumor/p (253).jpg,101017,
train,Training/pituitary_tumor/p (254).jpg,101017,
train,Training/pituitary_tumor/p (255).jpg,101029,
train,Training/pituitary_tumor/p (256).jpg,101029,
train,Training/pituitary_tumor/p (257).jpg,101029,
train,Training/pituitary_tumor/p (258).jpg,101029,
train,Training/pituitary_tumor/p (259).jpg,101029,
train,Training/pituitary_tumor/p (26).jpg,101017,
train,Training/pituitary_tumor/p (260).jpg,101029,
train,Training/pituitary_tumor/p (261).jpg,101029,
train,Training/pituitary_tumor/p (262).jpg,101145,
train,Training/pituitary_tumor/p (263).jpg,101145,
train,Training/pituitary_tumor/p (264).jpg,101145,
train,Training/pituitary_tumor/p (265).jpg,101145,
train,Training/pituitary_tumor/p (266).jpg,101305,
train,Training/pituitary_tumor/p (267).jpg,101305,
train,Training/pituitary_tumor/p (268).jpg,101305,
train,Training/pituitary_tumor/p (269).jpg,101305,
train,Training/pituitary_tumor/p (27).jpg,101017,
train,Training/pituitary_tumor/p (270).jpg,101724,
train,Training/pituitary_tumor/p (271).jpg,101724,
train,Training/pituitary_tumor/p (272).jpg,101724,
train,Training/pituitary_tumor/p (273).jpg,101724,
train,Training/pituitary_tumor/p (274).jpg,101724,
train,Training/pituitary_tumor/p (275).jpg,101724,
train,Training/pituitary_tumor/p (276).jpg,102648,
train,Training/pituitary_tumor/p (277).jpg,102648,
train,Training/pituitary_tumor/p (278).jpg,102648,
train,Training/pituitary_tumor/p (279).jpg,102648,
train,Training/pituitary_tumor/p (28).jpg,101017,
train,Training/pituitary_tumor/p (280).jpg,102648,
train,Training/pituitary_tumor/p (281).jpg,102648,
train,Training/pituitary_tumor/p (282).jpg,102648,
train,Training/pituitary_tumor/p (283).jpg,102669,
train,Training/pituitary_tumor/p (284).jpg,103046,
train,Training/pituitary_tumor/p (285).jpg,103046,
train,Training/pituitary_tumor/p (286).jpg,103257,
train,Training/pituitary_tumor/p (287).jpg,103257,
train,Training/pituitary_tumor/p (288).jpg,103257,
train,Training/pituitary_tumor/p (289).jpg,103257,
train,Training/pituitary_tumor/p (29).jpg,101029,
train,Training/pituitary_tumor/p (290).jpg,103257,
train,Training/pituitary_tumor/p (291).jpg,103257,
train,Training/pituitary_tumor/p (292).jpg,103257,
train,Training/pituitary_tumor/p (293).jpg,103478,
train,Training/pituitary_tumor/p (294).jpg,103478,
train,Training/pituitary_tumor/p (295).jpg,103478,
train,Training/pituitary_tumor/p (296).jpg,103478,
train,Training/pituitary_tumor/p (297).jpg,103478,
train,Training/pituitary_tumor/p (298).jpg,103478,
train,Training/pituitary_tumor/p (299).jpg,103478,
train,Training/pituitary_tumor/p (3).jpg,110993,
train,Training/pituitary_tumor/p (30).jpg,101029,
train,Training/pituitary_tumor/p (300).jpg,103478,
train,Training/pituitary_tumor/p (301).jpg,103582,
train,Training/pituitary_tumor/p (302).jpg,103582,
train,Training/pituitary_tumor/p (303).jpg,103582,
train,Training/pituitary_tumor/p (304).jpg,103582,
train,Training/pituitary_tumor/p (305).jpg,103582,
train,Training/pituitary_tumor/p (306).jpg,103582,
train,Training/pituitary_tumor/p (307).jpg,103582,
train,Training/pituitary_tumor/p (308).jpg,103582,
train,Training/pituitary_tumor/p (309).jpg,103582,
train,Training/pituitary_tumor/p (31).jpg,101029,
train,Training/pituitary_tumor/p (310).jpg,103670,
train,Training/pituitary_tumor/p (311).jpg,103670,
train,Training/pituitary_tumor/p (312).jpg,103670,
train,Training/pituitary_tumor/p (313).jpg,103671,
train,Training/pituitary_tumor/p (314).jpg,103671,
train,Training/pituitary_tumor/p (315).jpg,103671,
train,Training/pituitary_tumor/p (316).jpg,103671,
train,Training/pituitary_tumor/p (317).jpg,103671,
train,Training/pituitary_tumor/p (318).jpg,103731,
train,Training/pituitary_tumor/p (319).jpg,103731,
train,Training/pituitary_tumor/p (32).jpg,101029,
train,Training/pituitary_tumor/p (320).jpg,103731,
train,Training/pituitary_tumor/p (321).jpg,103731,
train,Training/pituitary_tumor/p (322).jpg,103731,
train,Training/pituitary_tumor/p (323).jpg,103837,
train,Training/pituitary_tumor/p (324).jpg,103837,
train,Training/pituitary_tumor/p (325).jpg,103837,
train,Training/pituitary_tumor/p (326).jpg,98871,
train,Training/pituitary_tumor/p (327).jpg,103671,
train,Training/pituitary_tumor/p (328).jpg,103671,
train,Training/pituitary_tumor/p (329).jpg,103731,
train,Training/pituitary_tumor/p (33).jpg,106062,
train,Training/pituitary_tumor/p (330).jpg,103731,
train,Training/pituitary_tumor/p (331).jpg,103731,
train,Training/pituitary_tumor/p (332).jpg,103731,
train,Training/pituitary_tumor/p (333).jpg,103731,
train,Training/pituitary_tumor/p (334).jpg,103731,
train,Training/pituitary_tumor/p (335).jpg,103837,
train,Training/pituitary_tumor/p (336).jpg,103837,
train,Training/pituitary_tumor/p (337).jpg,103837,
train,Training/pituitary_tumor/p (338).jpg,104019,
train,Training/pituitary_tumor/p (339).jpg,104019,
train,Training/pituitary_tumor/p (34).jpg,106062,
train,Training/pituitary_tumor/p (340).jpg,104558,
train,Training/pituitary_tumor/p (341).jpg,104558,
train,Training/pituitary_tumor/p (342).jpg,104558,
train,Training/pituitary_tumor/p (343).jpg,104558,
train,Training/pituitary_tumor/p (344).jpg,104558,
train,Training/pituitary_tumor/p (345).jpg,104558,
train,Training/pituitary_tumor/p (346).jpg,104684,
train,Training/pituitary_tumor/p (347).jpg,104684,
train,Training/pituitary_tumor/p (348).jpg,104684,
train,Training/pituitary_tumor/p (349).jpg,104684,
train,Training/pituitary_tumor/p (35).jpg,106062,
train,Training/pituitary_tumor/p (350).jpg,104684,
train,Training/pituitary_tumor/p (351).jpg,104684,
train,Training/pituitary_tumor/p (352).jpg,104684,
train,Training/pituitary_tumor/p (353).jpg,104912,
train,Training/pituitary_tumor/p (354).jpg,104912,
train,Training/pituitary_tumor/p (355).jpg,104912,
train,Training/pituitary_tumor/p (356).jpg,104912,
train,Training/pituitary_tumor/p (357).jpg,105187,
train,Training/pituitary_tumor/p (358).jpg,105187,
train,Training/pituitary_tumor/p (359).jpg,105187,
train,Training/pituitary_tumor/p (36).jpg,106062,
train,Training/pituitary_tumor/p (360).jpg,105187,
train,Training/pituitary_tumor/p (361).jpg,105475,
train,Training/pituitary_tumor/p (362).jpg,105638,
train,Training/pituitary_tumor/p (363).jpg,105638,
train,Training/pituitary_tumor/p (364).jpg,105638,
train,Training/pituitary_tumor/p (365).jpg,105638,
train,Training/pituitary_tumor/p (366).jpg,105638,
train,Training/pituitary_tumor/p (367).jpg,97416,
train,Training/pituitary_tumor/p (368).jpg,97416,
train,Training/pituitary_tumor/p (369).jpg,97416,
train,Training/pituitary_tumor/p (37).jpg,106062,
train,Training/pituitary_tumor/p (370).jpg,97416,
train,Training/pituitary_tumor/p (371).jpg,97416,
train,Training/pituitary_tumor/p (372).jpg,97416,
train,Training/pituitary_tumor/p (373).jpg,97416,
train,Training/pituitary_tumor/p (374).jpg,97461,
train,Training/pituitary_tumor/p (375).jpg,97461,
train,Training/pituitary_tumor/p (376).jpg,97461,
train,Training/pituitary_tumor/p (377).jpg,97461,
train,Training/pituitary_tumor/p (378).jpg,97461,
train,Training/pituitary_tumor/p (379).jpg,97461,
train,Training/pituitary_tumor/p (38).jpg,106062,
train,Training/pituitary_tumor/p (380).jpg,97461,
train,Training/pituitary_tumor/p (381).jpg,97481,
train,Training/pituitary_tumor/p (382).jpg,97481,
train,Training/pituitary_tumor/p (383).jpg,97481,
train,Training/pituitary_tumor/p (384).jpg,97481,
train,Training/pituitary_tumor/p (385).jpg,97481,
train,Training/pituitary_tumor/p (386).jpg,97599,
train,Training/pituitary_tumor/p (387).jpg,97890,
train,Training/pituitary_tumor/p (388).jpg,97890,
train,Training/pituitary_tumor/p (389).jpg,97890,
train,Training/pituitary_tumor/p (39).jpg,106062,
train,Training/pituitary_tumor/p (390).jpg,97890,
train,Training/pituitary_tumor/p (391).jpg,98472,
train,Training/pituitary_tumor/p (392).jpg,98472,
train,Training/pituitary_tumor/p (393).jpg,98472,
train,Training/pituitary_tumor/p (394).jpg,98472,
train,Training/pituitary_tumor/p (395).jpg,98472,
train,Training/pituitary_tumor/p (396).jpg,98652,
train,Training/pituitary_tumor/p (397).jpg,98652,
train,Training/pituitary_tumor/p (398).jpg,98652,
train,Training/pituitary_tumor/p (399).jpg,98871,
train,Training/pituitary_tumor/p (4).jpg,110993,
train,Training/pituitary_tumor/p (40).jpg,107495,
train,Training/pituitary_tumor/p (400).jpg,98871,
train,Training/pituitary_tumor/p (401).jpg,103046,
train,Training/pituitary_tumor/p (402).jpg,106062,
train,Training/pituitary_tumor/p (403).jpg,106062,
train,Training/pituitary_tumor/p (404).jpg,107495,
train,Training/pituitary_tumor/p (405).jpg,107495,
train,Training/pituitary_tumor/p (406).jpg,107495,
train,Training/pituitary_tumor/p (407).jpg,107495,
train,Training/pituitary_tumor/p (408).jpg,107495,
train,Training/pituitary_tumor/p (409).jpg,107429,
train,Training/pituitary_tumor/p (41).jpg,107495,
train,Training/pituitary_tumor/p (410).jpg,107429,
train,Training/pituitary_tumor/p (411).jpg,107429,
train,Training/pituitary_tumor/p (412).jpg,107429,
train,Training/pituitary_tumor/p (413).jpg,107429,
train,Training/pituitary_tumor/p (414).jpg,107429,
train,Training/pituitary_tumor/p (415).jpg,107505,
train,Training/pituitary_tumor/p (416).jpg,107505,
train,Training/pituitary_tumor/p (417).jpg,107505,
train,Training/pituitary_tumor/p (418).jpg,107505,
train,Training/pituitary_tumor/p (419).jpg,108858,
train,Training/pituitary_tumor/p (42).jpg,107495,
train,Training/pituitary_tumor/p (420).jpg,108858,
train,Training/pituitary_tumor/p (421).jpg,108858,
train,Training/pituitary_tumor/p (422).jpg,108858,
train,Training/pituitary_tumor/p (423).jpg,108858,
train,Training/pituitary_tumor/p (424).jpg,108931,
train,Training/pituitary_tumor/p (425).jpg,108931,
train,Training/pituitary_tumor/p (426).jpg,108931,
train,Training/pituitary_tumor/p (427).jpg,108931,
train,Training/pituitary_tumor/p (428).jpg,108931,
train,Training/pituitary_tumor/p (429).jpg,109471,
train,Training/pituitary_tumor/p (43).jpg,112649,
train,Training/pituitary_tumor/p (430).jpg,109471,
train,Training/pituitary_tumor/p (431).jpg,109471,
train,Training/pituitary_tumor/p (432).jpg,109471,
train,Training/pituitary_tumor/p (433).jpg,109471,
train,Training/pituitary_tumor/p (434).jpg,109471,
train,Training/pituitary_tumor/p (435).jpg,109769,
train,Training/pituitary_tumor/p (436).jpg,109769,
train,Training/pituitary_tumor/p (437).jpg,109769,
train,Training/pituitary_tumor/p (438).jpg,109898,
train,Training/pituitary_tumor/p (439).jpg,109898,
train,Training/pituitary_tumor/p (44).jpg,112649,
train,Training/pituitary_tumor/p (440).jpg,109898,
train,Training/pituitary_tumor/p (441).jpg,110518,
train,Training/pituitary_tumor/p (442).jpg,110518,
train,Training/pituitary_tumor/p (443).jpg,110518,
train,Training/pituitary_tumor/p (444).jpg,110537,
train,Training/pituitary_tumor/p (445).jpg,110537,
train,Training/pituitary_tumor/p (446).jpg,110537,
train,Training/pituitary_tumor/p (447).jpg,110537,
train,Training/pituitary_tumor/p (448).jpg,110993,
train,Training/pituitary_tumor/p (449).jpg,110993,
train,Training/pituitary_tumor/p (45).jpg,112746,
train,Training/pituitary_tumor/p (450).jpg,111075,
train,Training/pituitary_tumor/p (451).jpg,111075,
train,Training/pituitary_tumor/p (452).jpg,111125,
train,Training/pituitary_tumor/p (453).jpg,111125,
train,Training/pituitary_tumor/p (454).jpg,111125,
train,Training/pituitary_tumor/p (455).jpg,111125,
train,Training/pituitary_tumor/p (456).jpg,111785,
train,Training/pituitary_tumor/p (457).jpg,111785,
train,Training/pituitary_tumor/p (458).jpg,111785,
train,Training/pituitary_tumor/p (459).jpg,111785,
train,Training/pituitary_tumor/p (46).jpg,112746,
train,Training/pituitary_tumor/p (460).jpg,112074,
train,Training/pituitary_tumor/p (461).jpg,112074,
train,Training/pituitary_tumor/p (462).jpg,112074,
train,Training/pituitary_tumor/p (463).jpg,112074,
train,Training/pituitary_tumor/p (464).jpg,112074,
train,Training/pituitary_tumor/p (465).jpg,112649,
train,Training/pituitary_tumor/p (466).jpg,112649,
train,Training/pituitary_tumor/p (467).jpg,112649,
train,Training/pituitary_tumor/p (468).jpg,112649,
train,Training/pituitary_tumor/p (469).jpg,112649,
train,Training/pituitary_tumor/p (47).jpg,112746,
train,Training/pituitary_tumor/p (470).jpg,107495,
train,Training/pituitary_tumor/p (471).jpg,107429,
train,Training/pituitary_tumor/p (472).jpg,107429,
train,Training/pituitary_tumor/p (473).jpg,107429,
train,Training/pituitary_tumor/p (474).jpg,107429,
train,Training/pituitary_tumor/p (475).jpg,107429,
train,Training/pituitary_tumor/p (476).jpg,107429,
train,Training/pituitary_tumor/p (477).jpg,107505,
train,Training/pituitary_tumor/p (478).jpg,107505,
train,Training/pituitary_tumor/p (479).jpg,107505,
train,Training/pituitary_tumor/p (48).jpg,112746,
train,Training/pituitary_tumor/p (480).jpg,107743,
train,Training/pituitary_tumor/p (481).jpg,107743,
train,Training/pituitary_tumor/p (482).jpg,107743,
train,Training/pituitary_tumor/p (483).jpg,107743,
train,Training/pituitary_tumor/p (484).jpg,107743,
train,Training/pituitary_tumor/p (485).jpg,108858,
train,Training/pituitary_tumor/p (486).jpg,108858,
train,Training/pituitary_tumor/p (487).jpg,108858,
train,Training/pituitary_tumor/p (488).jpg,108931,
train,Training/pituitary_tumor/p (489).jpg,108931,
train,Training/pituitary_tumor/p (49).jpg,112847,
train,Training/pituitary_tumor/p (490).jpg,108931,
train,Training/pituitary_tumor/p (491).jpg,108931,
train,Training/pituitary_tumor/p (492).jpg,108931,
train,Training/pituitary_tumor/p (493).jpg,109471,
train,Training/pituitary_tumor/p (494).jpg,109471,
train,Training/pituitary_tumor/p (495).jpg,109471,
train,Training/pituitary_tumor/p (496).jpg,109471,
train,Training/pituitary_tumor/p (497).jpg,109471,
train,Training/pituitary_tumor/p (498).jpg,109769,
train,Training/pituitary_tumor/p (499).jpg,109769,
train,Training/pituitary_tumor/p (5).jpg,110993,
train,Training/pituitary_tumor/p (50).jpg,112847,
train,Training/pituitary_tumor/p (500).jpg,109769,
train,Training/pituitary_tumor/p (501).jpg,109898,
train,Training/pituitary_tumor/p (502).jpg,109898,
train,Training/pituitary_tumor/p (503).jpg,109898,
train,Training/pituitary_tumor/p (504).jpg,110518,
train,Training/pituitary_tumor/p (505).jpg,110518,
train,Training/pituitary_tumor/p (506).jpg,110518,
train,Training/pituitary_tumor/p (507).jpg,110518,
train,Training/pituitary_tumor/p (508).jpg,110537,
train,Training/pituitary_tumor/p (509).jpg,110537,
train,Training/pituitary_tumor/p (51).jpg,112847,
train,Training/pituitary_tumor/p (510).jpg,110537,
train,Training/pituitary_tumor/p (511).jpg,110537,
train,Training/pituitary_tumor/p (512).jpg,110537,
train,Training/pituitary_tumor/p (513).jpg,110537,
train,Training/pituitary_tumor/p (514).jpg,110537,
train,Training/pituitary_tumor/p (515).jpg,110993,
train,Training/pituitary_tumor/p (516).jpg,110993,
train,Training/pituitary_tumor/p (517).jpg,110993,
train,Training/pituitary_tumor/p (518).jpg,110993,
train,Training/pituitary_tumor/p (519).jpg,110993,
train,Training/pituitary_tumor/p (52).jpg,112847,
train,Training/pituitary_tumor/p (520).jpg,111075,
train,Training/pituitary_tumor/p (521).jpg,111075,
train,Training/pituitary_tumor/p (522).jpg,111075,
train,Training/pituitary_tumor/p (523).jpg,111075,
train,Training/pituitary_tumor/p (524).jpg,111075,
train,Training/pituitary_tumor/p (525).jpg,111075,
train,Training/pituitary_tumor/p (526).jpg,111125,
train,Training/pituitary_tumor/p (527).jpg,111125,
train,Training/pituitary_tumor/p (528).jpg,111125,
train,Training/pituitary_tumor/p (529).jpg,111125,
train,Training/pituitary_tumor/p (53).jpg,113274,
train,Training/pituitary_tumor/p (530).jpg,111125,
train,Training/pituitary_tumor/p (531).jpg,111125,
train,Training/pituitary_tumor/p (532).jpg,111785,
train,Training/pituitary_tumor/p (533).jpg,111785,
train,Training/pituitary_tumor/p (534).jpg,111785,
train,Training/pituitary_tumor/p (535).jpg,112074,
train,Training/pituitary_tumor/p (536).jpg,112074,
train,Training/pituitary_tumor/p (537).jpg,112074,
train,Training/pituitary_tumor/p (538).jpg,112074,
train,Training/pituitary_tumor/p (539).jpg,112074,
train,Training/pituitary_tumor/p (54).jpg,113274,
train,Training/pituitary_tumor/p (540).jpg,112649,
train,Training/pituitary_tumor/p (541).jpg,112649,
train,Training/pituitary_tumor/p (542).jpg,112649,
train,Training/pituitary_tumor/p (543).jpg,113741,
train,Training/pituitary_tumor/p (544).jpg,112074,
train,Training/pituitary_tumor/p (545).jpg,112074,
train,Training/pituitary_tumor/p (546).jpg,112074,
train,Training/pituitary_tumor/p (547).jpg,112074,
train,Training/pituitary_tumor/p (548).jpg,112649,
train,Training/pituitary_tumor/p (549).jpg,112649,
train,Training/pituitary_tumor/p (55).jpg,113274,
train,Training/pituitary_tumor/p (550).jpg,112649,
train,Training/pituitary_tumor/p (551).jpg,112649,
train,Training/pituitary_tumor/p (552).jpg,112649,
train,Training/pituitary_tumor/p (553).jpg,112746,
train,Training/pituitary_tumor/p (554).jpg,112746,
train,Training/pituitary_tumor/p (555).jpg,112746,
train,Training/pituitary_tumor/p (556).jpg,112847,
train,Training/pituitary_tumor/p (557).jpg,112847,
train,Training/pituitary_tumor/p (558).jpg,112847,
train,Training/pituitary_tumor/p (559).jpg,112847,
train,Training/pituitary_tumor/p (56).jpg,113741,
train,Training/pituitary_tumor/p (560).jpg,113274,
train,Training/pituitary_tumor/p (561).jpg,113274,
train,Training/pituitary_tumor/p (562).jpg,113274,
train,Training/pituitary_tumor/p (563).jpg,113741,
train,Training/pituitary_tumor/p (564).jpg,102985,
train,Training/pituitary_tumor/p (565).jpg,58392,
train,Training/pituitary_tumor/p (566).jpg,58392,
train,Training/pituitary_tumor/p (567).jpg,58392,
train,Training/pituitary_tumor/p (568).jpg,58392,
train,Training/pituitary_tumor/p (569).jpg,101127,
train,Training/pituitary_tumor/p (57).jpg,113741,
train,Training/pituitary_tumor/p (570).jpg,101127,
train,Training/pituitary_tumor/p (571).jpg,105936,
train,Training/pituitary_tumor/p (572).jpg,105936,
train,Training/pituitary_tumor/p (573).jpg,112746,
train,Training/pituitary_tumor/p (574).jpg,112746,
train,Training/pituitary_tumor/p (575).jpg,112746,
train,Training/pituitary_tumor/p (576).jpg,112746,
train,Training/pituitary_tumor/p (577).jpg,112746,
train,Training/pituitary_tumor/p (578).jpg,112847,
train,Training/pituitary_tumor/p (579).jpg,112847,
train,Training/pituitary_tumor/p (58).jpg,113741,
train,Training/pituitary_tumor/p (580).jpg,112847,
train,Training/pituitary_tumor/p (581).jpg,112847,
train,Training/pituitary_tumor/p (582).jpg,112847,
train,Training/pituitary_tumor/p (583).jpg,112847,
train,Training/pituitary_tumor/p (584).jpg,113274,
train,Training/pituitary_tumor/p (585).jpg,113274,
train,Training/pituitary_tumor/p (586).jpg,113274,
train,Training/pituitary_tumor/p (587).jpg,113274,
train,Training/pituitary_tumor/p (588).jpg,113741,
train,Training/pituitary_tumor/p (589).jpg,114040,
train,Training/pituitary_tumor/p (59).jpg,114040,
train,Training/pituitary_tumor/p (590).jpg,114040,
train,Training/pituitary_tumor/p (591).jpg,114040,
train,Training/pituitary_tumor/p (592).jpg,114361,
train,Training/pituitary_tumor/p (593).jpg,114361,
train,Training/pituitary_tumor/p (594).jpg,114361,
train,Training/pituitary_tumor/p (595).jpg,114094,
train,Training/pituitary_tumor/p (596).jpg,114094,
train,Training/pituitary_tumor/p (597).jpg,101029,
train,Training/pituitary_tumor/p (598).jpg,101029,
train,Training/pituitary_tumor/p (599).jpg,101145,
train,Training/pituitary_tumor/p (6).jpg,111075,
train,Training/pituitary_tumor/p (60).jpg,114040,
train,Training/pituitary_tumor/p (600).jpg,101145,
train,Training/pituitary_tumor/p (601).jpg,101145,
train,Training/pituitary_tumor/p (602).jpg,101145,
train,Training/pituitary_tumor/p (603).jpg,101305,
train,Training/pituitary_tumor/p (604).jpg,101305,
train,Training/pituitary_tumor/p (605).jpg,101305,
train,Training/pituitary_tumor/p (606).jpg,101724,
train,Training/pituitary_tumor/p (607).jpg,101724,
train,Training/pituitary_tumor/p (608).jpg,102648,
train,Training/pituitary_tumor/p (609).jpg,102648,
train,Training/pituitary_tumor/p (61).jpg,114040,
train,Training/pituitary_tumor/p (610).jpg,102648,
train,Training/pituitary_tumor/p (611).jpg,102648,
train,Training/pituitary_tumor/p (612).jpg,102648,
train,Training/pituitary_tumor/p (613).jpg,102648,
train,Training/pituitary_tumor/p (614).jpg,103046,
train,Training/pituitary_tumor/p (615).jpg,103046,
train,Training/pituitary_tumor/p (616).jpg,103046,
train,Training/pituitary_tumor/p (617).jpg,103257,
train,Training/pituitary_tumor/p (618).jpg,103257,
train,Training/pituitary_tumor/p (619).jpg,103257,
train,Training/pituitary_tumor/p (62).jpg,114361,
train,Training/pituitary_tumor/p (620).jpg,103257,
train,Training/pituitary_tumor/p (621).jpg,103257,
train,Training/pituitary_tumor/p (622).jpg,103257,
train,Training/pituitary_tumor/p (623).jpg,103478,
train,Training/pituitary_tumor/p (624).jpg,103478,
train,Training/pituitary_tumor/p (625).jpg,103478,
train,Training/pituitary_tumor/p (626).jpg,103478,
train,Training/pituitary_tumor/p (627).jpg,103478,
train,Training/pituitary_tumor/p (628).jpg,103478,
train,Training/pituitary_tumor/p (629).jpg,103582,
train,Training/pituitary_tumor/p (63).jpg,114361,
train,Training/pituitary_tumor/p (630).jpg,103582,
train,Training/pituitary_tumor/p (631).jpg,103582,
train,Training/pituitary_tumor/p (632).jpg,103582,
train,Training/pituitary_tumor/p (633).jpg,103582,
train,Training/pituitary_tumor/p (634).jpg,103670,
train,Training/pituitary_tumor/p (635).jpg,103670,
train,Training/pituitary_tumor/p (636).jpg,103670,
train,Training/pituitary_tumor/p (637).jpg,103671,
train,Training/pituitary_tumor/p (638).jpg,103671,
train,Training/pituitary_tumor/p (639).jpg,103671,
train,Training/pituitary_tumor/p (64).jpg,114361,
train,Training/pituitary_tumor/p (640).jpg,103671,
train,Training/pituitary_tumor/p (641).jpg,103731,
train,Training/pituitary_tumor/p (642).jpg,103731,
train,Training/pituitary_tumor/p (643).jpg,103731,
train,Training/pituitary_tumor/p (644).jpg,103731,
train,Training/pituitary_tumor/p (645).jpg,103731,
train,Training/pituitary_tumor/p (646).jpg,103731,
train,Training/pituitary_tumor/p (647).jpg,103731,
train,Training/pituitary_tumor/p (648).jpg,103731,
train,Training/pituitary_tumor/p (649).jpg,103731,
train,Training/pituitary_tumor/p (65).jpg,114361,
train,Training/pituitary_tumor/p (650).jpg,103837,
train,Training/pituitary_tumor/p (651).jpg,103837,
train,Training/pituitary_tumor/p (652).jpg,103837,
train,Training/pituitary_tumor/p (653).jpg,104019,
train,Training/pituitary_tumor/p (654).jpg,104019,
train,Training/pituitary_tumor/p (655).jpg,104019,
train,Training/pituitary_tumor/p (656).jpg,104019,
train,Training/pituitary_tumor/p (657).jpg,104558,
train,Training/pituitary_tumor/p (658).jpg,104558,
train,Training/pituitary_tumor/p (659).jpg,104558,
train,Training/pituitary_tumor/p (66).jpg,114094,
train,Training/pituitary_tumor/p (660).jpg,104558,
train,Training/pituitary_tumor/p (661).jpg,104558,
train,Training/pituitary_tumor/p (662).jpg,104558,
train,Training/pituitary_tumor/p (663).jpg,104558,
train,Training/pituitary_tumor/p (664).jpg,104684,
train,Training/pituitary_tumor/p (665).jpg,104684,
train,Training/pituitary_tumor/p (666).jpg,104684,
train,Training/pituitary_tumor/p (667).jpg,104684,
train,Training/pituitary_tumor/p (668).jpg,104912,
train,Training/pituitary_tumor/p (669).jpg,104912,
train,Training/pituitary_tumor/p (67).jpg,114094,
train,Training/pituitary_tumor/p (670).jpg,104912,
train,Training/pituitary_tumor/p (671).jpg,105187,
train,Training/pituitary_tumor/p (672).jpg,105187,
train,Training/pituitary_tumor/p (673).jpg,105187,
train,Training/pituitary_tumor/p (674).jpg,105187,
train,Training/pituitary_tumor/p (675).jpg,105475,
train,Training/pituitary_tumor/p (676).jpg,105475,
train,Training/pituitary_tumor/p (677).jpg,105538,
train,Training/pituitary_tumor/p (678).jpg,105538,
train,Training/pituitary_tumor/p (679).jpg,105538,
train,Training/pituitary_tumor/p (68).jpg,114094,
train,Training/pituitary_tumor/p (680).jpg,105638,
train,Training/pituitary_tumor/p (681).jpg,105638,
train,Training/pituitary_tumor/p (682).jpg,97416,
train,Training/pituitary_tumor/p (683).jpg,97416,
train,Training/pituitary_tumor/p (684).jpg,97416,
train,Training/pituitary_tumor/p (685).jpg,97416,
train,Training/pituitary_tumor/p (686).jpg,97416,
train,Training/pituitary_tumor/p (687).jpg,97416,
train,Training/pituitary_tumor/p (688).jpg,97416,
train,Training/pituitary_tumor/p (689).jpg,97416,
train,Training/pituitary_tumor/p (69).jpg,114094,
train,Training/pituitary_tumor/p (690).jpg,97461,
train,Training/pituitary_tumor/p (691).jpg,97461,
train,Training/pituitary_tumor/p (692).jpg,97461,
train,Training/pituitary_tumor/p (693).jpg,97461,
train,Training/pituitary_tumor/p (694).jpg,97461,
train,Training/pituitary_tumor/p (695).jpg,97481,
train,Training/pituitary_tumor/p (696).jpg,97481,
train,Training/pituitary_tumor/p (697).jpg,97481,
train,Training/pituitary_tumor/p (698).jpg,97599,
train,Training/pituitary_tumor/p (699).jpg,97890,
train,Training/pituitary_tumor/p (7).jpg,111075,
train,Training/pituitary_tumor/p (70).jpg,114094,
train,Training/pituitary_tumor/p (700).jpg,97890,
train,Training/pituitary_tumor/p (701).jpg,97890,
train,Training/pituitary_tumor/p (702).jpg,98472,
train,Training/pituitary_tumor/p (703).jpg,98472,
train,Training/pituitary_tumor/p (704).jpg,98472,
train,Training/pituitary_tumor/p (705).jpg,98472,
train,Training/pituitary_tumor/p (706).jpg,98472,
train,Training/pituitary_tumor/p (707).jpg,98472,
train,Training/pituitary_tumor/p (708).jpg,98472,
train,Training/pituitary_tumor/p (709).jpg,98652,
train,Training/pituitary_tumor/p (71).jpg,106062,
train,Training/pituitary_tumor/p (710).jpg,98652,
train,Training/pituitary_tumor/p (711).jpg,98652,
train,Training/pituitary_tumor/p (712).jpg,98871,
train,Training/pituitary_tumor/p (713).jpg,98871,
train,Training/pituitary_tumor/p (714).jpg,98871,
train,Training/pituitary_tumor/p (715).jpg,98871,
train,Training/pituitary_tumor/p (716).jpg,98871,
train,Training/pituitary_tumor/p (717).jpg,98871,
train,Training/pituitary_tumor/p (718).jpg,98874,
train,Training/pituitary_tumor/p (719).jpg,98874,
train,Training/pituitary_tumor/p (72).jpg,106062,
train,Training/pituitary_tumor/p (720).jpg,98874,
train,Training/pituitary_tumor/p (721).jpg,98874,
train,Training/pituitary_tumor/p (722).jpg,98992,
train,Training/pituitary_tumor/p (723).jpg,98992,
train,Training/pituitary_tumor/p (724).jpg,98992,
train,Training/pituitary_tumor/p (725).jpg,98992,
train,Training/pituitary_tumor/p (726).jpg,98992,
train,Training/pituitary_tumor/p (727).jpg,98992,
train,Training/pituitary_tumor/p (728).jpg,98995,
train,Training/pituitary_tumor/p (729).jpg,98995,
train,Training/pituitary_tumor/p (73).jpg,106062,
train,Training/pituitary_tumor/p (730).jpg,98995,
train,Training/pituitary_tumor/p (731).jpg,98995,
train,Training/pituitary_tumor/p (732).jpg,98995,
train,Training/pituitary_tumor/p (733).jpg,99223,
train,Training/pituitary_tumor/p (734).jpg,99223,
train,Training/pituitary_tumor/p (735).jpg,99223,
train,Training/pituitary_tumor/p (736).jpg,99223,
train,Training/pituitary_tumor/p (737).jpg,99223,
train,Training/pituitary_tumor/p (738).jpg,99223,
train,Training/pituitary_tumor/p (739).jpg,99223,
train,Training/pituitary_tumor/p (74).jpg,106062,
train,Training/pituitary_tumor/p (740).jpg,99223,
train,Training/pituitary_tumor/p (741).jpg,101017,
train,Training/pituitary_tumor/p (742).jpg,101017,
train,Training/pituitary_tumor/p (743).jpg,101017,
train,Training/pituitary_tumor/p (744).jpg,101017,
train,Training/pituitary_tumor/p (745).jpg,101017,
train,Training/pituitary_tumor/p (746).jpg,101017,
train,Training/pituitary_tumor/p (747).jpg,101029,
train,Training/pituitary_tumor/p (748).jpg,101029,
train,Training/pituitary_tumor/p (749).jpg,101029,
train,Training/pituitary_tumor/p (75).jpg,106062,
train,Training/pituitary_tumor/p (750).jpg,101029,
train,Training/pituitary_tumor/p (751).jpg,101145,
train,Training/pituitary_tumor/p (752).jpg,101145,
train,Training/pituitary_tumor/p (753).jpg,101305,
train,Training/pituitary_tumor/p (754).jpg,101305,
train,Training/pituitary_tumor/p (755).jpg,101305,
train,Training/pituitary_tumor/p (756).jpg,101305,
train,Training/pituitary_tumor/p (757).jpg,101305,
train,Training/pituitary_tumor/p (758).jpg,101305,
train,Training/pituitary_tumor/p (759).jpg,101305,
train,Training/pituitary_tumor/p (76).jpg,103046,
train,Training/pituitary_tumor/p (760).jpg,101724,
train,Training/pituitary_tumor/p (761).jpg,101724,
train,Training/pituitary_tumor/p (762).jpg,101724,
train,Training/pituitary_tumor/p (763).jpg,102648,
train,Training/pituitary_tumor/p (764).jpg,102648,
train,Training/pituitary_tumor/p (765).jpg,102648,
train,Training/pituitary_tumor/p (766).jpg,102648,
train,Training/pituitary_tumor/p (767).jpg,103046,
train,Training/pituitary_tumor/p (768).jpg,104912,
train,Training/pituitary_tumor/p (769).jpg,104684,
train,Training/pituitary_tumor/p (77).jpg,103257,
train,Training/pituitary_tumor/p (770).jpg,104684,
train,Training/pituitary_tumor/p (771).jpg,104684,
train,Training/pituitary_tumor/p (772).jpg,104684,
train,Training/pituitary_tumor/p (773).jpg,104912,
train,Training/pituitary_tumor/p (774).jpg,112649,
train,Training/pituitary_tumor/p (775).jpg,105936,
train,Training/pituitary_tumor/p (776).jpg,106062,
train,Training/pituitary_tumor/p (777).jpg,106062,
train,Training/pituitary_tumor/p (778).jpg,106062,
train,Training/pituitary_tumor/p (779).jpg,105936,
train,Training/pituitary_tumor/p (78).jpg,103257,
train,Training/pituitary_tumor/p (780).jpg,105936,
train,Training/pituitary_tumor/p (781).jpg,105936,
train,Training/pituitary_tumor/p (782).jpg,106062,
train,Training/pituitary_tumor/p (783).jpg,106062,
train,Training/pituitary_tumor/p (784).jpg,106062,
train,Training/pituitary_tumor/p (785).jpg,107495,
train,Training/pituitary_tumor/p (786).jpg,107495,
train,Training/pituitary_tumor/p (787).jpg,107495,
train,Training/pituitary_tumor/p (788).jpg,107495,
train,Training/pituitary_tumor/p (789).jpg,107495,
train,Training/pituitary_tumor/p (79).jpg,103257,
train,Training/pituitary_tumor/p (790).jpg,107495,
train,Training/pituitary_tumor/p (791).jpg,107429,
train,Training/pituitary_tumor/p (792).jpg,107429,
train,Training/pituitary_tumor/p (793).jpg,107429,
train,Training/pituitary_tumor/p (794).jpg,107429,
train,Training/pituitary_tumor/p (795).jpg,107429,
train,Training/pituitary_tumor/p (796).jpg,107429,
train,Training/pituitary_tumor/p (797).jpg,107505,
train,Training/pituitary_tumor/p (798).jpg,107505,
train,Training/pituitary_tumor/p (799).jpg,107505,
train,Training/pituitary_tumor/p (8).jpg,111075,
train,Training/pituitary_tumor/p (80).jpg,103257,
train,Training/pituitary_tumor/p (800).jpg,107505,
train,Training/pituitary_tumor/p (801).jpg,107505,
train,Training/pituitary_tumor/p (802).jpg,107505,
train,Training/pituitary_tumor/p (803).jpg,107505,
train,Training/pituitary_tumor/p (804).jpg,107743,
train,Training/pituitary_tumor/p (805).jpg,107743,
train,Training/pituitary_tumor/p (806).jpg,107743,
train,Training/pituitary_tumor/p (807).jpg,107743,
train,Training/pituitary_tumor/p (808).jpg,108858,
train,Training/pituitary_tumor/p (809).jpg,108858,
train,Training/pituitary_tumor/p (81).jpg,103257,
train,Training/pituitary_tumor/p (810).jpg,108858,
train,Training/pituitary_tumor/p (811).jpg,108858,
train,Training/pituitary_tumor/p (812).jpg,108931,
train,Training/pituitary_tumor/p (813).jpg,108931,
train,Training/pituitary_tumor/p (814).jpg,108931,
train,Training/pituitary_tumor/p (815).jpg,109471,
train,Training/pituitary_tumor/p (816).jpg,109471,
train,Training/pituitary_tumor/p (817).jpg,109471,
train,Training/pituitary_tumor/p (818).jpg,109471,
train,Training/pituitary_tumor/p (819).jpg,109769,
train,Training/pituitary_tumor/p (82).jpg,103478,
train,Training/pituitary_tumor/p (820).jpg,109769,
train,Training/pituitary_tumor/p (821).jpg,109769,
train,Training/pituitary_tumor/p (822).jpg,109769,
train,Training/pituitary_tumor/p (823).jpg,109898,
train,Training/pituitary_tumor/p (824).jpg,109898,
train,Training/pituitary_tumor/p (825).jpg,109898,
train,Training/pituitary_tumor/p (826).jpg,109898,
train,Training/pituitary_tumor/p (827).jpg,109898,
train,Training/pituitary_tumor/p (83).jpg,103478,
train,Training/pituitary_tumor/p (84).jpg,103478,
train,Training/pituitary_tumor/p (85).jpg,103478,
train,Training/pituitary_tumor/p (86).jpg,103478,
train,Training/pituitary_tumor/p (87).jpg,103478,
train,Training/pituitary_tumor/p (88).jpg,103478,
train,Training/pituitary_tumor/p (89).jpg,103478,
train,Training/pituitary_tumor/p (9).jpg,111125,
train,Training/pituitary_tumor/p (90).jpg,103582,
train,Training/pituitary_tumor/p (91).jpg,103582,
train,Training/pituitary_tumor/p (92).jpg,103582,
train,Training/pituitary_tumor/p (93).jpg,103582,
train,Training/pituitary_tumor/p (94).jpg,103582,
train,Training/pituitary_tumor/p (95).jpg,103670,
train,Training/pituitary_tumor/p (96).jpg,103670,
train,Training/pituitary_tumor/p (97).jpg,103670,
train,Training/pituitary_tumor/p (98).jpg,103671,
train,Training/pituitary_tumor/p (99).jpg,103671,
test,Testing/glioma_tumor/image(59).jpg,100820,0.9999
test,Testing/glioma_tumor/image(60).jpg,101020,0.9999
test,Testing/glioma_tumor/image(61).jpg,101020,0.9999
test,Testing/glioma_tumor/image(62).jpg,101020,0.9999
test,Testing/glioma_tumor/image(63).jpg,102075,0.9999
test,Testing/glioma_tumor/image(64).jpg,106494,0.9999
test,Testing/glioma_tumor/image(65).jpg,106494,0.9999
test,Testing/glioma_tumor/image(66).jpg,MR034997,0.9999
test,Testing/glioma_tumor/image(67).jpg,MR037458C,0.9999
test,Testing/glioma_tumor/image(68).jpg,MR049358,0.9999
test,Testing/glioma_tumor/image(69).jpg,MR049358,0.9999
test,Testing/glioma_tumor/image(70).jpg,MR049358,0.9999
test,Testing/glioma_tumor/image(71).jpg,MR049358,0.9999
test,Testing/glioma_tumor/image(72).jpg,MR050135B,0.9999
test,Testing/glioma_tumor/image(73).jpg,MR050687,0.9999
test,Testing/glioma_tumor/image(74).jpg,101020,0.9999
test,Testing/glioma_tumor/image(75).jpg,101020,0.9999
test,Testing/glioma_tumor/image(76).jpg,102075,0.9999
test,Testing/pituitary_tumor/image(73).jpg,101127,0.9999
test,Testing/pituitary_tumor/image(76).jpg,102985,0.9999
test,Testing/pituitary_tumor/image(77).jpg,102985,0.9999
test,Testing/pituitary_tumor/image(78).jpg,102985,0.9999
test,Testing/pituitary_tumor/image(79).jpg,101127,0.9999
test,Testing/pituitary_tumor/image(81).jpg,101127,0.9999
test,Testing/pituitary_tumor/image(82).jpg,101127,0.9999
test,Testing/pituitary_tumor/image(85).jpg,101127,0.9999
test,Testing/pituitary_tumor/image(86).jpg,101127,0.9999
test,Testing/pituitary_tumor/image.jpg,101127,0.9999
